-- phpMyAdmin SQL Dump
-- version 5.0.1
-- https://www.phpmyadmin.net/
--
-- Host: 127.0.0.1
-- Generation Time: Jul 03, 2022 at 03:14 PM
-- Server version: 10.4.11-MariaDB
-- PHP Version: 7.4.1

SET SQL_MODE = "NO_AUTO_VALUE_ON_ZERO";
SET AUTOCOMMIT = 0;
START TRANSACTION;
SET time_zone = "+00:00";


/*!40101 SET @OLD_CHARACTER_SET_CLIENT=@@CHARACTER_SET_CLIENT */;
/*!40101 SET @OLD_CHARACTER_SET_RESULTS=@@CHARACTER_SET_RESULTS */;
/*!40101 SET @OLD_COLLATION_CONNECTION=@@COLLATION_CONNECTION */;
/*!40101 SET NAMES utf8mb4 */;

--
-- Database: `noor7/2`
--

-- --------------------------------------------------------

--
-- Table structure for table `accounts`
--

CREATE TABLE `accounts` (
  `id` bigint(20) UNSIGNED NOT NULL,
  `image` varchar(200) DEFAULT NULL,
  `extra_images` longtext DEFAULT NULL,
  `name` varchar(200) DEFAULT NULL,
  `title` varchar(200) NOT NULL,
  `balance` int(11) NOT NULL DEFAULT 0,
  `status` enum('active','inactive','','') NOT NULL DEFAULT 'inactive',
  `deleted_at` datetime DEFAULT NULL,
  `created_at` datetime NOT NULL DEFAULT current_timestamp(),
  `updated_at` datetime DEFAULT NULL
) ENGINE=InnoDB DEFAULT CHARSET=utf8mb4;

--
-- Dumping data for table `accounts`
--

INSERT INTO `accounts` (`id`, `image`, `extra_images`, `name`, `title`, `balance`, `status`, `deleted_at`, `created_at`, `updated_at`) VALUES
(1, '1652433441.jpg', NULL, 'Fire Kirin', 'S', 2766, 'active', NULL, '2022-01-15 21:26:34', '2022-07-03 09:09:11'),
(2, '1652433487.jpg', NULL, 'Milky Way', 'M', 13244, 'active', NULL, '2022-01-15 21:26:34', '2022-07-03 03:07:39'),
(3, '1652433591.png', NULL, 'River sweep', 'R', 845, 'active', NULL, '2022-01-15 21:26:34', '2022-07-03 00:33:07'),
(11, '1652433601.png', NULL, 'X Games', 'X', 15527, 'active', NULL, '2022-02-04 16:03:30', '2022-07-03 00:31:47'),
(14, '1652433608.png', '', 'JUWA', 'J', 4627, 'active', NULL, '2022-04-25 00:05:18', '2022-07-03 00:29:20');

-- --------------------------------------------------------

--
-- Table structure for table `activity_status`
--

CREATE TABLE `activity_status` (
  `id` bigint(20) NOT NULL,
  `status` varchar(191) NOT NULL,
  `created_at` timestamp NULL DEFAULT NULL,
  `updated_at` timestamp NULL DEFAULT NULL,
  `deleted_at` timestamp NULL DEFAULT NULL
) ENGINE=InnoDB DEFAULT CHARSET=latin1;

--
-- Dumping data for table `activity_status`
--

INSERT INTO `activity_status` (`id`, `status`, `created_at`, `updated_at`, `deleted_at`) VALUES
(2, 'Playing but slow', NULL, '2022-05-13 01:28:16', NULL),
(3, 'Improving', NULL, '2022-05-13 01:28:25', NULL),
(4, 'Inactive', NULL, '2022-05-13 01:28:34', NULL),
(5, 'Some time olaying', NULL, '2022-05-13 01:28:46', NULL),
(7, 'Playing', '2022-05-10 01:07:27', '2022-05-13 01:28:04', NULL),
(9, 'Not playing', '2022-05-10 01:19:18', '2022-05-13 01:28:55', NULL),
(10, 'test7', '2022-05-10 01:20:03', '2022-05-10 01:20:03', NULL);

-- --------------------------------------------------------

--
-- Table structure for table `cashier_general_setting`
--

CREATE TABLE `cashier_general_setting` (
  `id` int(11) NOT NULL,
  `logo` varchar(222) NOT NULL,
  `cashier_logo` varchar(222) NOT NULL,
  `cashier_background` varchar(222) NOT NULL,
  `cashier_login_sidebar` varchar(222) NOT NULL,
  `cashier_favicon` varchar(222) NOT NULL,
  `created_at` timestamp NOT NULL DEFAULT current_timestamp(),
  `updated_at` timestamp NOT NULL DEFAULT current_timestamp()
) ENGINE=InnoDB DEFAULT CHARSET=utf8mb4;

--
-- Dumping data for table `cashier_general_setting`
--

INSERT INTO `cashier_general_setting` (`id`, `logo`, `cashier_logo`, `cashier_background`, `cashier_login_sidebar`, `cashier_favicon`, `created_at`, `updated_at`) VALUES
(1, 'uploads/cashier_logo/YzoCXxZ4hjJgOmcP42t1VOzAogM1ssMIMgKgX2Hm.png', 'uploads/cashier_logoo/fM2lHAtbk9kre4CJ4Bb4V21rfsKacbX5MQVjwDLw.png', 'uploads/cashier__login_background/PL6Q5QrPwiMXhcLUDx1ZNjua07FTVwdJtPHhDCX8.png', 'uploads/cashier__login_sidebar/V7XqxbMFQxdHVLLXYzTfCfVII2b0miSffwHOIqLR.png', 'uploads/cashier_favicon/GpUAVs9NLjhtwPVfX0UrnadN5SRU4WQwZ3oW2YhO.png', '2022-02-10 15:37:58', '2022-02-10 16:17:12');

-- --------------------------------------------------------

--
-- Table structure for table `cash_apps`
--

CREATE TABLE `cash_apps` (
  `id` bigint(20) UNSIGNED NOT NULL,
  `title` varchar(200) DEFAULT NULL,
  `balance` double DEFAULT NULL,
  `status` enum('active','inactive','','') NOT NULL,
  `deleted_at` datetime DEFAULT NULL,
  `created_at` datetime NOT NULL DEFAULT current_timestamp(),
  `updated_at` datetime DEFAULT NULL
) ENGINE=InnoDB DEFAULT CHARSET=utf8mb4;

--
-- Dumping data for table `cash_apps`
--

INSERT INTO `cash_apps` (`id`, `title`, `balance`, `status`, `deleted_at`, `created_at`, `updated_at`) VALUES
(1, 'cash app 1', 37225, 'active', NULL, '2022-01-17 23:31:36', '2022-07-03 09:09:11');

-- --------------------------------------------------------

--
-- Table structure for table `cash_app_forms`
--

CREATE TABLE `cash_app_forms` (
  `id` bigint(20) UNSIGNED NOT NULL,
  `cash_app_id` bigint(20) UNSIGNED NOT NULL,
  `account_id` bigint(20) UNSIGNED DEFAULT NULL,
  `amount` double NOT NULL DEFAULT 0,
  `form_id` bigint(20) UNSIGNED NOT NULL,
  `deleted_at` datetime DEFAULT NULL,
  `created_at` datetime NOT NULL DEFAULT current_timestamp(),
  `updated_at` datetime DEFAULT NULL
) ENGINE=InnoDB DEFAULT CHARSET=utf8mb4;

--
-- Dumping data for table `cash_app_forms`
--

INSERT INTO `cash_app_forms` (`id`, `cash_app_id`, `account_id`, `amount`, `form_id`, `deleted_at`, `created_at`, `updated_at`) VALUES
(1, 1, 1, 25, 447, NULL, '2022-05-14 03:26:26', '2022-05-14 03:26:26'),
(2, 1, 1, 5, 38, NULL, '2022-05-14 03:26:38', '2022-05-14 03:26:38'),
(3, 1, 1, 19, 226, NULL, '2022-05-14 03:26:47', '2022-05-14 03:26:47'),
(4, 1, 1, 8, 450, NULL, '2022-05-14 03:29:37', '2022-05-14 03:29:37'),
(5, 1, 1, 20, 367, NULL, '2022-05-14 03:30:24', '2022-05-14 03:30:24'),
(6, 1, 1, 10, 588, NULL, '2022-05-14 03:30:58', '2022-05-14 03:30:58'),
(7, 1, 1, 28, 234, NULL, '2022-05-14 03:35:21', '2022-05-14 03:35:21'),
(8, 1, 1, 25, 533, NULL, '2022-05-14 03:35:34', '2022-05-14 03:35:34'),
(9, 1, 1, 7, 374, NULL, '2022-05-14 03:35:44', '2022-05-14 03:35:44'),
(10, 1, 1, 5, 182, NULL, '2022-05-14 03:36:12', '2022-05-14 03:36:12'),
(11, 1, 1, 45, 589, NULL, '2022-05-14 03:36:25', '2022-05-14 03:36:25'),
(12, 1, 1, 25, 533, NULL, '2022-05-14 03:36:39', '2022-05-14 03:36:39'),
(13, 1, 1, 18, 644, NULL, '2022-05-14 03:37:21', '2022-05-14 03:37:21'),
(14, 1, 1, 30, 387, NULL, '2022-05-14 03:38:41', '2022-05-14 03:38:41'),
(15, 1, 1, 20, 545, NULL, '2022-05-14 03:38:56', '2022-05-14 03:38:56'),
(16, 1, 1, 19, 545, NULL, '2022-05-14 03:39:17', '2022-05-14 03:39:17'),
(17, 1, 1, 30, 533, NULL, '2022-05-14 03:39:50', '2022-05-14 03:39:50'),
(18, 1, 1, 25, 387, NULL, '2022-05-14 03:40:11', '2022-05-14 03:40:11'),
(19, 1, 1, 10, 37, NULL, '2022-05-14 03:40:23', '2022-05-14 03:40:23'),
(20, 1, 1, 5, 226, NULL, '2022-05-14 03:40:39', '2022-05-14 03:40:39'),
(21, 1, 1, 25, 424, NULL, '2022-05-14 03:40:51', '2022-05-14 03:40:51'),
(22, 1, 1, 10, 588, NULL, '2022-05-14 03:41:05', '2022-05-14 03:41:05'),
(23, 1, 1, 15, 387, NULL, '2022-05-14 03:41:18', '2022-05-14 03:41:18'),
(24, 1, 1, 10, 126, NULL, '2022-05-14 03:41:35', '2022-05-14 03:41:35'),
(25, 1, 1, 10, 37, NULL, '2022-05-14 03:41:52', '2022-05-14 03:41:52'),
(26, 1, 2, 30, 365, NULL, '2022-05-14 03:47:15', '2022-05-14 03:47:15'),
(27, 1, 2, 10, 580, NULL, '2022-05-14 03:47:27', '2022-05-14 03:47:27'),
(28, 1, 2, 10, 596, NULL, '2022-05-14 03:47:40', '2022-05-14 03:47:40'),
(29, 1, 2, 5, 607, NULL, '2022-05-14 03:47:50', '2022-05-14 03:47:50'),
(30, 1, 2, 20, 367, NULL, '2022-05-14 03:48:13', '2022-05-14 03:48:13'),
(31, 1, 2, 20, 580, NULL, '2022-05-14 03:48:28', '2022-05-14 03:48:28'),
(32, 1, 2, 30, 601, NULL, '2022-05-14 03:48:42', '2022-05-14 03:48:42'),
(33, 1, 2, 7, 226, NULL, '2022-05-14 03:48:53', '2022-05-14 03:48:53'),
(34, 1, 2, 20, 473, NULL, '2022-05-14 03:49:04', '2022-05-14 03:49:04'),
(35, 1, 2, 5, 607, NULL, '2022-05-14 03:49:17', '2022-05-14 03:49:17'),
(36, 1, 2, 15, 582, NULL, '2022-05-14 03:49:44', '2022-05-14 03:49:44'),
(37, 1, 2, 40, 473, NULL, '2022-05-14 03:49:55', '2022-05-14 03:49:55'),
(38, 1, 2, 20, 580, NULL, '2022-05-14 03:50:04', '2022-05-14 03:50:04'),
(39, 1, 2, 5, 249, NULL, '2022-05-14 03:50:16', '2022-05-14 03:50:16'),
(40, 1, 2, 10, 568, NULL, '2022-05-14 03:51:18', '2022-05-14 03:51:18'),
(41, 1, 2, 5, 226, NULL, '2022-05-14 03:51:34', '2022-05-14 03:51:34'),
(42, 1, 2, 15, 372, NULL, '2022-05-14 03:51:51', '2022-05-14 03:51:51'),
(43, 1, 2, 5, 226, NULL, '2022-05-14 03:53:51', '2022-05-14 03:53:51'),
(44, 1, 2, 10, 588, NULL, '2022-05-14 03:55:21', '2022-05-14 03:55:21'),
(45, 1, 2, 99, 485, NULL, '2022-05-14 03:55:36', '2022-05-14 03:55:36'),
(46, 1, 2, 10, 605, NULL, '2022-05-14 03:55:51', '2022-05-14 03:55:51'),
(47, 1, 14, 10, 60, NULL, '2022-05-14 04:14:54', '2022-05-14 04:14:54'),
(48, 1, 14, 6, 249, NULL, '2022-05-14 04:19:55', '2022-05-14 04:19:55'),
(49, 1, 14, 10, 453, NULL, '2022-05-14 04:22:30', '2022-05-14 04:22:30'),
(50, 1, 14, 5, 450, NULL, '2022-05-14 04:24:15', '2022-05-14 04:24:15'),
(51, 1, 14, 5, 38, NULL, '2022-05-14 04:24:28', '2022-05-14 04:24:28'),
(52, 1, 14, 5, 38, NULL, '2022-05-14 04:24:45', '2022-05-14 04:24:45'),
(53, 1, 11, 15, 419, NULL, '2022-05-14 05:20:12', '2022-05-14 05:20:12'),
(54, 1, 11, 20, 257, NULL, '2022-05-14 05:20:24', '2022-05-14 05:20:24'),
(55, 1, 11, 24, 257, NULL, '2022-05-14 05:20:37', '2022-05-14 05:20:37'),
(56, 1, 11, 15, 419, NULL, '2022-05-14 05:20:53', '2022-05-14 05:20:53'),
(57, 1, 11, 4, 456, NULL, '2022-05-14 05:23:05', '2022-05-14 05:23:05'),
(58, 1, 11, 20, 293, NULL, '2022-05-14 05:23:39', '2022-05-14 05:23:39'),
(59, 1, 11, 22, 506, NULL, '2022-05-14 05:25:40', '2022-05-14 05:25:40'),
(60, 1, 11, 10, 249, NULL, '2022-05-14 05:26:42', '2022-05-14 05:26:42'),
(61, 1, 11, 25, 411, NULL, '2022-05-14 05:26:55', '2022-05-14 05:26:55'),
(62, 1, 11, 15, 419, NULL, '2022-05-14 05:27:23', '2022-05-14 05:27:23'),
(63, 1, 11, 20, 620, NULL, '2022-05-14 05:27:46', '2022-05-14 05:27:46'),
(64, 1, 11, 10, 361, NULL, '2022-05-14 05:29:51', '2022-05-14 05:29:51'),
(65, 1, 11, 10, 249, NULL, '2022-05-14 05:30:10', '2022-05-14 05:30:10'),
(66, 1, 11, 16, 466, NULL, '2022-05-14 05:31:15', '2022-05-14 05:31:15'),
(67, 1, 11, 10, 226, NULL, '2022-05-14 05:31:58', '2022-05-14 05:31:58'),
(68, 1, 11, 20, 387, NULL, '2022-05-14 05:32:49', '2022-05-14 05:32:49'),
(69, 1, 11, 15, 419, NULL, '2022-05-14 05:33:59', '2022-05-14 05:33:59'),
(70, 1, 11, 20, 387, NULL, '2022-05-14 05:35:43', '2022-05-14 05:35:43'),
(71, 1, 11, 30, 620, NULL, '2022-05-14 05:35:52', '2022-05-14 05:35:52'),
(72, 1, 11, 10, 372, NULL, '2022-05-14 05:36:41', '2022-05-14 05:36:41'),
(73, 1, 11, 15, 419, NULL, '2022-05-14 05:36:55', '2022-05-14 05:36:55'),
(74, 1, 11, 20, 620, NULL, '2022-05-14 05:37:16', '2022-05-14 05:37:16'),
(75, 1, 11, 10, 126, NULL, '2022-05-14 05:39:08', '2022-05-14 05:39:08'),
(76, 1, 11, 15, 419, NULL, '2022-05-14 05:39:44', '2022-05-14 05:39:44'),
(77, 1, 11, 15, 419, NULL, '2022-05-14 05:40:56', '2022-05-14 05:40:56'),
(78, 1, 11, 20, 542, NULL, '2022-05-14 05:41:35', '2022-05-14 05:41:35'),
(79, 1, 11, 10, 419, NULL, '2022-05-14 05:41:55', '2022-05-14 05:41:55'),
(80, 1, 11, 10, 620, NULL, '2022-05-14 05:42:08', '2022-05-14 05:42:08'),
(81, 1, 11, 10, 620, NULL, '2022-05-14 05:42:08', '2022-05-14 05:42:08'),
(82, 1, 1, 10, 498, NULL, '2022-05-14 05:45:29', '2022-05-14 05:45:29'),
(83, 1, 1, 8, 374, NULL, '2022-05-14 05:45:42', '2022-05-14 05:45:42'),
(84, 1, 1, 10, 621, NULL, '2022-05-14 05:46:28', '2022-05-14 05:46:28'),
(85, 1, 1, 35, 533, NULL, '2022-05-14 05:46:41', '2022-05-14 05:46:41'),
(86, 1, 1, 7, 374, NULL, '2022-05-14 05:47:52', '2022-05-14 05:47:52'),
(87, 1, 1, 10, 126, NULL, '2022-05-14 05:48:41', '2022-05-14 05:48:41'),
(88, 1, 1, 15, 129, NULL, '2022-05-14 05:49:51', '2022-05-14 05:49:51'),
(89, 1, 1, 15, 621, NULL, '2022-05-14 05:51:15', '2022-05-14 05:51:15'),
(90, 1, 1, 10, 126, NULL, '2022-05-14 05:51:31', '2022-05-14 05:51:31'),
(91, 1, 1, 5, 182, NULL, '2022-05-14 05:51:45', '2022-05-14 05:51:45'),
(92, 1, 1, 15, 488, NULL, '2022-05-14 05:52:46', '2022-05-14 05:52:46'),
(93, 1, 1, 15, 587, NULL, '2022-05-14 05:54:37', '2022-05-14 05:54:37'),
(94, 1, 2, 100, 485, NULL, '2022-05-14 05:57:26', '2022-05-14 05:57:26'),
(95, 1, 2, 10, 646, NULL, '2022-05-14 05:57:57', '2022-05-14 05:57:57'),
(96, 1, 2, 14, 193, NULL, '2022-05-14 05:58:17', '2022-05-14 05:58:17'),
(97, 1, 2, 12, 607, NULL, '2022-05-14 06:00:56', '2022-05-14 06:00:56'),
(98, 1, 2, 40, 256, NULL, '2022-05-14 06:01:58', '2022-05-14 06:01:58'),
(99, 1, 14, 5, 568, NULL, '2022-05-14 06:07:10', '2022-05-14 06:07:10'),
(100, 1, 14, 15, 249, NULL, '2022-05-14 06:07:29', '2022-05-14 06:07:29'),
(101, 1, 14, 15, 568, NULL, '2022-05-14 06:07:47', '2022-05-14 06:07:47'),
(102, 1, 14, 5, 69, NULL, '2022-05-14 06:08:09', '2022-05-14 06:08:09'),
(103, 1, 14, 15, 367, NULL, '2022-05-14 06:09:05', '2022-05-14 06:09:05'),
(104, 1, 1, 1, 107, NULL, '2022-05-14 07:30:44', '2022-05-14 07:30:44'),
(105, 1, 1, 10, 107, NULL, '2022-05-14 08:37:17', '2022-05-14 08:37:17'),
(106, 1, 1, 1, 107, NULL, '2022-05-14 08:39:50', '2022-05-14 08:39:50'),
(107, 1, 1, 1, 107, NULL, '2022-05-14 08:39:55', '2022-05-14 08:39:55'),
(108, 1, 14, 12, 568, NULL, '2022-05-14 10:07:35', '2022-05-14 10:07:35'),
(109, 1, 14, 12, 317, NULL, '2022-05-14 10:08:14', '2022-05-14 10:08:14'),
(110, 1, 14, 5, 617, NULL, '2022-05-14 10:09:05', '2022-05-14 10:09:05'),
(111, 1, 14, 21, 637, NULL, '2022-05-14 10:09:23', '2022-05-14 10:09:23'),
(112, 1, 14, 10, 309, NULL, '2022-05-14 10:09:36', '2022-05-14 10:09:36'),
(113, 1, 11, 5, 336, NULL, '2022-05-14 10:16:11', '2022-05-14 10:16:11'),
(114, 1, 11, 5, 249, NULL, '2022-05-14 10:16:28', '2022-05-14 10:16:28'),
(115, 1, 11, 20, 652, NULL, '2022-05-14 10:18:33', '2022-05-14 10:18:33'),
(116, 1, 11, 20, 249, NULL, '2022-05-14 10:19:00', '2022-05-14 10:19:00'),
(117, 1, 11, 10, 568, NULL, '2022-05-14 10:20:04', '2022-05-14 10:20:04'),
(118, 1, 11, 5, 522, NULL, '2022-05-14 10:21:30', '2022-05-14 10:21:30'),
(119, 1, 11, 20, 620, NULL, '2022-05-14 10:22:26', '2022-05-14 10:22:26'),
(120, 1, 11, 10, 126, NULL, '2022-05-14 10:22:46', '2022-05-14 10:22:46'),
(121, 1, 11, 15, 419, NULL, '2022-05-14 10:23:00', '2022-05-14 10:23:00'),
(122, 1, 11, 20, 620, NULL, '2022-05-14 10:23:11', '2022-05-14 10:23:11'),
(123, 1, 11, 16, 419, NULL, '2022-05-14 10:23:21', '2022-05-14 10:23:21'),
(124, 1, 1, 9, 496, NULL, '2022-05-14 11:22:30', '2022-05-14 11:22:30'),
(125, 1, 1, 10, 416, NULL, '2022-05-14 11:22:49', '2022-05-14 11:22:49'),
(126, 1, 1, 5, 621, NULL, '2022-05-14 11:23:09', '2022-05-14 11:23:09'),
(127, 1, 1, 20, 669, NULL, '2022-05-14 11:24:03', '2022-05-14 11:24:03'),
(128, 1, 1, 10, 496, NULL, '2022-05-14 11:26:20', '2022-05-14 11:26:20'),
(129, 1, 1, 10, 416, NULL, '2022-05-14 11:27:02', '2022-05-14 11:27:02'),
(130, 1, 1, 10, 496, NULL, '2022-05-14 11:31:45', '2022-05-14 11:31:45'),
(131, 1, 1, 10, 126, NULL, '2022-05-14 11:34:41', '2022-05-14 11:34:41'),
(132, 1, 1, 22, 16, NULL, '2022-05-14 11:34:55', '2022-05-14 11:34:55'),
(133, 1, 1, 4, 234, NULL, '2022-05-14 11:35:09', '2022-05-14 11:35:09'),
(134, 1, 1, 50, 669, NULL, '2022-05-14 11:35:43', '2022-05-14 11:35:43'),
(135, 1, 1, 10, 126, NULL, '2022-05-14 11:39:54', '2022-05-14 11:39:54'),
(136, 1, 1, 10, 343, NULL, '2022-05-14 11:40:08', '2022-05-14 11:40:08'),
(137, 1, 1, 12, 374, NULL, '2022-05-14 11:40:23', '2022-05-14 11:40:23'),
(138, 1, 1, 20, 126, NULL, '2022-05-14 11:41:49', '2022-05-14 11:41:49'),
(139, 1, 1, 10, 126, NULL, '2022-05-14 11:43:07', '2022-05-14 11:43:07'),
(140, 1, 1, 10, 234, NULL, '2022-05-14 11:43:19', '2022-05-14 11:43:19'),
(141, 1, 1, 20, 387, NULL, '2022-05-14 11:44:15', '2022-05-14 11:44:15'),
(142, 1, 1, 10, 574, NULL, '2022-05-14 11:44:34', '2022-05-14 11:44:34'),
(143, 1, 1, 25, 179, NULL, '2022-05-14 11:44:53', '2022-05-14 11:44:53'),
(144, 1, 1, 5, 574, NULL, '2022-05-14 11:45:47', '2022-05-14 11:45:47'),
(145, 1, 1, 10, 387, NULL, '2022-05-14 11:47:17', '2022-05-14 11:47:17'),
(146, 1, 1, 5, 182, NULL, '2022-05-14 11:47:58', '2022-05-14 11:47:58'),
(147, 1, 1, 20, 169, NULL, '2022-05-14 11:49:13', '2022-05-14 11:49:13'),
(148, 1, 1, 7, 343, NULL, '2022-05-14 11:49:35', '2022-05-14 11:49:35'),
(149, 1, 1, 9, 228, NULL, '2022-05-14 11:49:49', '2022-05-14 11:49:49'),
(150, 1, 1, 5, 405, NULL, '2022-05-14 11:50:25', '2022-05-14 11:50:25'),
(151, 1, 1, 19, 115, NULL, '2022-05-14 11:50:46', '2022-05-14 11:50:46'),
(152, 1, 1, 10, 126, NULL, '2022-05-14 11:51:01', '2022-05-14 11:51:01'),
(153, 1, 1, 10, 256, NULL, '2022-05-14 11:51:18', '2022-05-14 11:51:18'),
(154, 1, 1, 130, 228, NULL, '2022-05-14 11:52:57', '2022-05-14 11:52:57'),
(155, 1, 2, 6, 450, NULL, '2022-05-14 11:55:45', '2022-05-14 11:55:45'),
(156, 1, 2, 5, 582, NULL, '2022-05-14 11:56:02', '2022-05-14 11:56:02'),
(157, 1, 2, 10, 256, NULL, '2022-05-14 11:57:51', '2022-05-14 11:57:51'),
(158, 1, 2, 8, 249, NULL, '2022-05-14 11:59:20', '2022-05-14 11:59:20'),
(159, 1, 2, 10, 256, NULL, '2022-05-14 12:03:05', '2022-05-14 12:03:05'),
(160, 1, 2, 5, 582, NULL, '2022-05-14 12:03:26', '2022-05-14 12:03:26'),
(161, 1, 2, 15, 479, NULL, '2022-05-14 12:03:39', '2022-05-14 12:03:39'),
(162, 1, 2, 10, 568, NULL, '2022-05-14 12:03:52', '2022-05-14 12:03:52'),
(163, 1, 2, 8, 249, NULL, '2022-05-14 12:04:08', '2022-05-14 12:04:08'),
(164, 1, 2, 15, 442, NULL, '2022-05-14 12:04:23', '2022-05-14 12:04:23'),
(165, 1, 2, 15, 479, NULL, '2022-05-14 12:04:37', '2022-05-14 12:04:37'),
(166, 1, 2, 10, 479, NULL, '2022-05-14 12:06:23', '2022-05-14 12:06:23'),
(167, 1, 2, 8, 256, NULL, '2022-05-14 12:06:37', '2022-05-14 12:06:37'),
(168, 1, 2, 164, 485, NULL, '2022-05-14 12:07:01', '2022-05-14 12:07:01'),
(169, 1, 2, 10, 485, NULL, '2022-05-14 12:09:07', '2022-05-14 12:09:07'),
(170, 1, 2, 100, 485, NULL, '2022-05-14 12:10:45', '2022-05-14 12:10:45'),
(171, 1, 2, 10, 479, NULL, '2022-05-14 12:11:01', '2022-05-14 12:11:01'),
(172, 1, 2, 5, 333, NULL, '2022-05-14 12:11:14', '2022-05-14 12:11:14'),
(173, 1, 2, 20, 502, NULL, '2022-05-14 12:12:07', '2022-05-14 12:12:07'),
(174, 1, 2, 10, 479, NULL, '2022-05-14 12:15:36', '2022-05-14 12:15:36'),
(175, 1, 2, 5, 607, NULL, '2022-05-14 12:16:03', '2022-05-14 12:16:03'),
(176, 1, 2, 5, 646, NULL, '2022-05-14 12:16:27', '2022-05-14 12:16:27'),
(177, 1, 2, 10, 607, NULL, '2022-05-14 12:17:06', '2022-05-14 12:17:06'),
(178, 1, 2, 25, 334, NULL, '2022-05-14 12:17:21', '2022-05-14 12:17:21'),
(179, 1, 2, 7, 228, NULL, '2022-05-14 12:17:46', '2022-05-14 12:17:46'),
(180, 1, 2, 20, 169, NULL, '2022-05-14 12:18:08', '2022-05-14 12:18:08'),
(181, 1, 2, 7, 607, NULL, '2022-05-14 12:18:19', '2022-05-14 12:18:19'),
(182, 1, 2, 36, 334, NULL, '2022-05-14 12:18:43', '2022-05-14 12:18:43'),
(183, 1, 1, 8, 343, NULL, '2022-05-14 12:21:53', '2022-05-14 12:21:53'),
(184, 1, 1, 15, 256, NULL, '2022-05-14 12:22:14', '2022-05-14 12:22:14'),
(185, 1, 2, 55, 462, NULL, '2022-05-14 12:23:33', '2022-05-14 12:23:33'),
(186, 1, 2, 20, 582, NULL, '2022-05-14 12:23:54', '2022-05-14 12:23:54'),
(187, 1, 2, 50, 355, NULL, '2022-05-14 12:24:11', '2022-05-14 12:24:11'),
(188, 1, 2, 50, 355, NULL, '2022-05-14 12:24:32', '2022-05-14 12:24:32'),
(189, 1, 2, 30, 334, NULL, '2022-05-14 12:24:51', '2022-05-14 12:24:51'),
(190, 1, 1, 5, 574, NULL, '2022-05-14 18:51:28', '2022-05-14 18:51:28'),
(191, 1, 1, 120, 488, NULL, '2022-05-14 18:54:42', '2022-05-14 18:54:42'),
(192, 1, 1, 10, 430, NULL, '2022-05-14 18:55:01', '2022-05-14 18:55:01'),
(193, 1, 1, 8, 496, NULL, '2022-05-14 18:55:19', '2022-05-14 18:55:19'),
(194, 1, 1, 15, 496, NULL, '2022-05-14 18:56:36', '2022-05-14 18:56:36'),
(195, 1, 1, 16, 487, NULL, '2022-05-14 18:56:52', '2022-05-14 18:56:52'),
(196, 1, 1, 5, 327, NULL, '2022-05-14 18:57:37', '2022-05-14 18:57:37'),
(197, 1, 1, 20, 219, NULL, '2022-05-14 18:58:04', '2022-05-14 18:58:04'),
(198, 1, 1, 10, 528, NULL, '2022-05-14 18:58:21', '2022-05-14 18:58:21'),
(199, 1, 1, 10, 430, NULL, '2022-05-14 18:58:33', '2022-05-14 18:58:33'),
(200, 1, 1, 4, 327, NULL, '2022-05-14 18:58:45', '2022-05-14 18:58:45'),
(201, 1, 1, 10, 459, NULL, '2022-05-14 18:58:58', '2022-05-14 18:58:58'),
(202, 1, 1, 10, 496, NULL, '2022-05-14 18:59:40', '2022-05-14 18:59:40'),
(203, 1, 1, 10, 496, NULL, '2022-05-14 18:59:54', '2022-05-14 18:59:54'),
(204, 1, 1, 10, 343, NULL, '2022-05-14 19:01:14', '2022-05-14 19:01:14'),
(205, 1, 1, 5, 416, NULL, '2022-05-14 19:01:32', '2022-05-14 19:01:32'),
(206, 1, 1, 5, 497, NULL, '2022-05-14 19:03:02', '2022-05-14 19:03:02'),
(207, 1, 1, 50, 589, NULL, '2022-05-14 19:03:17', '2022-05-14 19:03:17'),
(208, 1, 1, 5, 496, NULL, '2022-05-14 19:04:10', '2022-05-14 19:04:10'),
(209, 1, 1, 20, 459, NULL, '2022-05-14 19:04:46', '2022-05-14 19:04:46'),
(210, 1, 1, 15, 424, NULL, '2022-05-14 19:05:04', '2022-05-14 19:05:04'),
(211, 1, 1, 25, 629, NULL, '2022-05-14 19:05:52', '2022-05-14 19:05:52'),
(212, 1, 1, 19, 406, NULL, '2022-05-14 19:06:04', '2022-05-14 19:06:04'),
(213, 1, 1, 29, 406, NULL, '2022-05-14 19:06:58', '2022-05-14 19:06:58'),
(214, 1, 1, 25, 629, NULL, '2022-05-14 19:07:52', '2022-05-14 19:07:52'),
(215, 1, 1, 9, 335, NULL, '2022-05-14 19:08:10', '2022-05-14 19:08:10'),
(216, 1, 1, 49, 406, NULL, '2022-05-14 19:08:26', '2022-05-14 19:08:26'),
(217, 1, 1, 15, 234, NULL, '2022-05-14 19:08:56', '2022-05-14 19:08:56'),
(218, 1, 1, 10, 67, NULL, '2022-05-14 19:09:50', '2022-05-14 19:09:50'),
(219, 1, 1, 7, 374, NULL, '2022-05-14 19:10:00', '2022-05-14 19:10:00'),
(220, 1, 1, 10, 234, NULL, '2022-05-14 19:10:11', '2022-05-14 19:10:11'),
(221, 1, 1, 10, 430, NULL, '2022-05-14 19:11:05', '2022-05-14 19:11:05'),
(222, 1, 1, 5, 182, NULL, '2022-05-14 19:11:19', '2022-05-14 19:11:19'),
(223, 1, 1, 15, 496, NULL, '2022-05-14 19:11:48', '2022-05-14 19:11:48'),
(224, 1, 1, 10, 487, NULL, '2022-05-14 19:12:08', '2022-05-14 19:12:08'),
(225, 1, 1, 10, 545, NULL, '2022-05-14 19:12:20', '2022-05-14 19:12:20'),
(226, 1, 1, 80, 384, NULL, '2022-05-14 19:12:35', '2022-05-14 19:12:35'),
(227, 1, 1, 5, 225, NULL, '2022-05-14 19:12:50', '2022-05-14 19:12:50'),
(228, 1, 1, 5, 545, NULL, '2022-05-14 19:13:01', '2022-05-14 19:13:01'),
(229, 1, 1, 10, 374, NULL, '2022-05-14 19:13:12', '2022-05-14 19:13:12'),
(230, 1, 1, 20, 520, NULL, '2022-05-14 19:14:02', '2022-05-14 19:14:02'),
(231, 1, 1, 20, 567, NULL, '2022-05-14 19:14:15', '2022-05-14 19:14:15'),
(232, 1, 1, 10, 430, NULL, '2022-05-14 19:14:33', '2022-05-14 19:14:33'),
(233, 1, 1, 19, 219, NULL, '2022-05-14 19:15:25', '2022-05-14 19:15:25'),
(234, 1, 1, 5, 325, NULL, '2022-05-14 19:15:41', '2022-05-14 19:15:41'),
(235, 1, 1, 18, 459, NULL, '2022-05-14 19:21:04', '2022-05-14 19:21:04'),
(236, 1, 1, 9, 327, NULL, '2022-05-14 19:21:20', '2022-05-14 19:21:20'),
(237, 1, 1, 10, 234, NULL, '2022-05-14 19:23:16', '2022-05-14 19:23:16'),
(238, 1, 1, 20, 118, NULL, '2022-05-14 19:27:18', '2022-05-14 19:27:18'),
(239, 1, 1, 10, 431, NULL, '2022-05-14 19:28:18', '2022-05-14 19:28:18'),
(240, 1, 1, 5, 228, NULL, '2022-05-14 19:28:31', '2022-05-14 19:28:31'),
(241, 1, 1, 5, 5, NULL, '2022-05-14 19:28:42', '2022-05-14 19:28:42'),
(242, 1, 1, 10, 471, NULL, '2022-05-14 19:29:06', '2022-05-14 19:29:06'),
(243, 1, 1, 5, 574, NULL, '2022-05-14 19:30:03', '2022-05-14 19:30:03'),
(244, 1, 1, 16, 574, NULL, '2022-05-14 19:31:13', '2022-05-14 19:31:13'),
(245, 1, 1, 10, 219, NULL, '2022-05-14 19:31:26', '2022-05-14 19:31:26'),
(246, 1, 2, 6, 568, NULL, '2022-05-14 19:32:49', '2022-05-14 19:32:49'),
(247, 1, 2, 5, 646, NULL, '2022-05-14 19:33:01', '2022-05-14 19:33:01'),
(248, 1, 2, 20, 473, NULL, '2022-05-14 19:33:11', '2022-05-14 19:33:11'),
(249, 1, 2, 19, 59, NULL, '2022-05-14 19:34:59', '2022-05-14 19:34:59'),
(250, 1, 2, 10, 423, NULL, '2022-05-14 19:35:21', '2022-05-14 19:35:21'),
(251, 1, 2, 50, 355, NULL, '2022-05-14 19:35:34', '2022-05-14 19:35:34'),
(252, 1, 2, 30, 321, NULL, '2022-05-14 19:36:29', '2022-05-14 19:36:29'),
(253, 1, 2, 15, 442, NULL, '2022-05-14 19:36:42', '2022-05-14 19:36:42'),
(254, 1, 2, 30, 473, NULL, '2022-05-14 19:36:54', '2022-05-14 19:36:54'),
(255, 1, 2, 10, 487, NULL, '2022-05-14 19:37:51', '2022-05-14 19:37:51'),
(256, 1, 2, 5, 568, NULL, '2022-05-14 19:38:12', '2022-05-14 19:38:12'),
(257, 1, 2, 15, 375, NULL, '2022-05-14 19:38:23', '2022-05-14 19:38:23'),
(258, 1, 2, 30, 437, NULL, '2022-05-14 19:38:48', '2022-05-14 19:38:48'),
(259, 1, 2, 30, 355, NULL, '2022-05-14 19:39:10', '2022-05-14 19:39:10'),
(260, 1, 2, 19, 102, NULL, '2022-05-14 19:39:22', '2022-05-14 19:39:22'),
(261, 1, 2, 20, 582, NULL, '2022-05-14 19:41:15', '2022-05-14 19:41:15'),
(262, 1, 2, 40, 473, NULL, '2022-05-14 19:41:27', '2022-05-14 19:41:27'),
(263, 1, 2, 7, 649, NULL, '2022-05-14 19:42:15', '2022-05-14 19:42:15'),
(264, 1, 2, 8, 256, NULL, '2022-05-14 19:42:36', '2022-05-14 19:42:36'),
(265, 1, 2, 10, 646, NULL, '2022-05-14 19:43:07', '2022-05-14 19:43:07'),
(266, 1, 2, 40, 355, NULL, '2022-05-14 19:43:38', '2022-05-14 19:43:38'),
(267, 1, 2, 40, 355, NULL, '2022-05-14 19:44:17', '2022-05-14 19:44:17'),
(268, 1, 2, 10, 343, NULL, '2022-05-14 19:45:23', '2022-05-14 19:45:23'),
(269, 1, 2, 15, 413, NULL, '2022-05-14 19:46:02', '2022-05-14 19:46:02'),
(270, 1, 2, 20, 413, NULL, '2022-05-14 19:46:58', '2022-05-14 19:46:58'),
(271, 1, 2, 10, 59, NULL, '2022-05-14 19:47:06', '2022-05-14 19:47:06'),
(272, 1, 2, 30, 321, NULL, '2022-05-14 19:47:29', '2022-05-14 19:47:29'),
(273, 1, 2, 40, 473, NULL, '2022-05-14 19:49:34', '2022-05-14 19:49:34'),
(274, 1, 2, 7, 473, NULL, '2022-05-14 19:50:08', '2022-05-14 19:50:08'),
(275, 1, 2, 40, 321, NULL, '2022-05-14 19:50:27', '2022-05-14 19:50:27'),
(276, 1, 2, 2, 129, NULL, '2022-05-14 19:50:40', '2022-05-14 19:50:40'),
(277, 1, 2, 100, 479, NULL, '2022-05-14 19:51:05', '2022-05-14 19:51:05'),
(278, 1, 2, 10, 59, NULL, '2022-05-14 19:51:44', '2022-05-14 19:51:44'),
(279, 1, 2, 20, 442, NULL, '2022-05-14 19:52:01', '2022-05-14 19:52:01'),
(280, 1, 2, 20, 465, NULL, '2022-05-14 19:52:17', '2022-05-14 19:52:17'),
(281, 1, 2, 7, 359, NULL, '2022-05-14 19:52:30', '2022-05-14 19:52:30'),
(282, 1, 2, 10, 293, NULL, '2022-05-14 19:53:25', '2022-05-14 19:53:25'),
(283, 1, 2, 22, 582, NULL, '2022-05-14 19:54:26', '2022-05-14 19:54:26'),
(284, 1, 2, 10, 423, NULL, '2022-05-14 19:56:21', '2022-05-14 19:56:21'),
(285, 1, 2, 25, 605, NULL, '2022-05-14 19:56:34', '2022-05-14 19:56:34'),
(286, 1, 2, 5, 333, NULL, '2022-05-14 19:56:54', '2022-05-14 19:56:54'),
(287, 1, 2, 10, 525, NULL, '2022-05-14 19:57:43', '2022-05-14 19:57:43'),
(288, 1, 2, 20, 661, NULL, '2022-05-14 19:57:58', '2022-05-14 19:57:58'),
(289, 1, 2, 5, 333, NULL, '2022-05-14 19:58:12', '2022-05-14 19:58:12'),
(290, 1, 2, 8, 228, NULL, '2022-05-14 19:58:29', '2022-05-14 19:58:29'),
(291, 1, 2, 10, 596, NULL, '2022-05-14 19:59:03', '2022-05-14 19:59:03'),
(292, 1, 2, 50, 355, NULL, '2022-05-14 19:59:49', '2022-05-14 19:59:49'),
(293, 1, 2, 50, 355, NULL, '2022-05-14 20:00:05', '2022-05-14 20:00:05'),
(294, 1, 2, 6, 423, NULL, '2022-05-14 20:01:16', '2022-05-14 20:01:16'),
(295, 1, 2, 20, 661, NULL, '2022-05-14 20:01:40', '2022-05-14 20:01:40'),
(296, 1, 2, 50, 355, NULL, '2022-05-14 20:01:58', '2022-05-14 20:01:58'),
(297, 1, 2, 14, 445, NULL, '2022-05-14 20:02:11', '2022-05-14 20:02:11'),
(298, 1, 2, 10, 372, NULL, '2022-05-14 20:02:46', '2022-05-14 20:02:46'),
(299, 1, 2, 22, 661, NULL, '2022-05-14 20:02:56', '2022-05-14 20:02:56'),
(300, 1, 2, 15, 107, NULL, '2022-05-14 20:03:13', '2022-05-14 20:03:13'),
(301, 1, 2, 32, 601, NULL, '2022-05-14 20:03:54', '2022-05-14 20:03:54'),
(302, 1, 2, 10, 445, NULL, '2022-05-14 20:04:07', '2022-05-14 20:04:07'),
(303, 1, 2, 5, 525, NULL, '2022-05-14 20:04:22', '2022-05-14 20:04:22'),
(304, 1, 2, 10, 59, NULL, '2022-05-14 20:04:41', '2022-05-14 20:04:41'),
(305, 1, 2, 10, 477, NULL, '2022-05-14 20:05:00', '2022-05-14 20:05:00'),
(306, 1, 2, 20, 620, NULL, '2022-05-14 20:05:54', '2022-05-14 20:05:54'),
(307, 1, 2, 9, 119, NULL, '2022-05-14 20:06:18', '2022-05-14 20:06:18'),
(308, 1, 3, 5, 306, NULL, '2022-05-14 20:07:45', '2022-05-14 20:07:45'),
(309, 1, 11, 10, 249, NULL, '2022-05-14 20:14:22', '2022-05-14 20:14:22'),
(310, 1, 11, 5, 372, NULL, '2022-05-14 20:14:33', '2022-05-14 20:14:33'),
(311, 1, 11, 11, 293, NULL, '2022-05-14 20:15:29', '2022-05-14 20:15:29'),
(312, 1, 11, 5, 126, NULL, '2022-05-14 20:15:47', '2022-05-14 20:15:47'),
(313, 1, 11, 19, 293, NULL, '2022-05-14 20:15:58', '2022-05-14 20:15:58'),
(314, 1, 11, 25, 620, NULL, '2022-05-14 20:16:09', '2022-05-14 20:16:09'),
(315, 1, 11, 35, 652, NULL, '2022-05-14 20:16:55', '2022-05-14 20:16:55'),
(316, 1, 11, 15, 419, NULL, '2022-05-14 20:17:24', '2022-05-14 20:17:24'),
(317, 1, 11, 20, 373, NULL, '2022-05-14 20:18:56', '2022-05-14 20:18:56'),
(318, 1, 11, 8, 506, NULL, '2022-05-14 20:19:22', '2022-05-14 20:19:22'),
(319, 1, 11, 6, 568, NULL, '2022-05-14 20:19:33', '2022-05-14 20:19:33'),
(320, 1, 11, 15, 620, NULL, '2022-05-14 20:19:42', '2022-05-14 20:19:42'),
(321, 1, 11, 15, 249, NULL, '2022-05-14 20:20:26', '2022-05-14 20:20:26'),
(322, 1, 11, 5, 512, NULL, '2022-05-14 20:20:42', '2022-05-14 20:20:42'),
(323, 1, 11, 8, 219, NULL, '2022-05-14 20:21:42', '2022-05-14 20:21:42'),
(324, 1, 11, 8, 219, NULL, '2022-05-14 20:21:42', '2022-05-14 20:21:42'),
(325, 1, 11, 8, 219, NULL, '2022-05-14 20:21:42', '2022-05-14 20:21:42'),
(326, 1, 11, 5, 126, NULL, '2022-05-14 20:22:57', '2022-05-14 20:22:57'),
(327, 1, 11, 10, 509, NULL, '2022-05-14 20:23:09', '2022-05-14 20:23:09'),
(328, 1, 11, 55, 336, NULL, '2022-05-14 20:24:02', '2022-05-14 20:24:02'),
(329, 1, 11, 40, 522, NULL, '2022-05-14 20:24:17', '2022-05-14 20:24:17'),
(330, 1, 11, 25, 620, NULL, '2022-05-14 20:24:42', '2022-05-14 20:24:42'),
(331, 1, 11, 40, 522, NULL, '2022-05-14 20:25:13', '2022-05-14 20:25:13'),
(332, 1, 11, 20, 620, NULL, '2022-05-14 20:27:27', '2022-05-14 20:27:27'),
(333, 1, 11, 25, 205, NULL, '2022-05-14 20:28:59', '2022-05-14 20:28:59'),
(334, 1, 11, 20, 509, NULL, '2022-05-14 20:29:55', '2022-05-14 20:29:55'),
(335, 1, 11, 33, 205, NULL, '2022-05-14 20:30:12', '2022-05-14 20:30:12'),
(336, 1, 11, 10, 453, NULL, '2022-05-14 20:31:07', '2022-05-14 20:31:07'),
(337, 1, 11, 20, 509, NULL, '2022-05-14 20:31:41', '2022-05-14 20:31:41'),
(338, 1, 11, 10, 506, NULL, '2022-05-14 20:31:54', '2022-05-14 20:31:54'),
(339, 1, 11, 13, 540, NULL, '2022-05-14 20:32:58', '2022-05-14 20:32:58'),
(340, 1, 11, 5, 509, NULL, '2022-05-14 20:33:12', '2022-05-14 20:33:12'),
(341, 1, 11, 20, 651, NULL, '2022-05-14 20:34:44', '2022-05-14 20:34:44'),
(342, 1, 11, 20, 143, NULL, '2022-05-14 20:35:46', '2022-05-14 20:35:46'),
(343, 1, 11, 5, 219, NULL, '2022-05-14 20:36:02', '2022-05-14 20:36:02'),
(344, 1, 11, 15, 173, NULL, '2022-05-14 20:36:46', '2022-05-14 20:36:46'),
(345, 1, 11, 5, 361, NULL, '2022-05-14 20:37:04', '2022-05-14 20:37:04'),
(346, 1, 11, 9, 219, NULL, '2022-05-14 20:37:20', '2022-05-14 20:37:20'),
(347, 1, 11, 5, 219, NULL, '2022-05-14 20:37:29', '2022-05-14 20:37:29'),
(348, 1, 11, 50, 336, NULL, '2022-05-14 20:37:42', '2022-05-14 20:37:42'),
(349, 1, 14, 10, 126, NULL, '2022-05-14 20:41:27', '2022-05-14 20:41:27'),
(350, 1, 14, 10, 249, NULL, '2022-05-14 20:41:38', '2022-05-14 20:41:38'),
(351, 1, 14, 5, 617, NULL, '2022-05-14 20:42:03', '2022-05-14 20:42:03'),
(352, 1, 14, 19, 637, NULL, '2022-05-14 20:42:29', '2022-05-14 20:42:29'),
(353, 1, 14, 13, 588, NULL, '2022-05-14 20:43:11', '2022-05-14 20:43:11'),
(354, 1, 14, 10, 568, NULL, '2022-05-14 20:43:29', '2022-05-14 20:43:29'),
(355, 1, 14, 15, 588, NULL, '2022-05-14 20:43:46', '2022-05-14 20:43:46'),
(356, 1, 14, 6, 568, NULL, '2022-05-14 20:44:04', '2022-05-14 20:44:04'),
(357, 1, 14, 10, 249, NULL, '2022-05-14 20:44:23', '2022-05-14 20:44:23'),
(358, 1, 14, 10, 309, NULL, '2022-05-14 20:44:34', '2022-05-14 20:44:34'),
(359, 1, 14, 6, 38, NULL, '2022-05-14 20:44:58', '2022-05-14 20:44:58'),
(360, 1, 14, 10, 453, NULL, '2022-05-14 20:45:20', '2022-05-14 20:45:20'),
(361, 1, 14, 6, 60, NULL, '2022-05-14 20:46:04', '2022-05-14 20:46:04'),
(362, 1, 14, 5, 5, NULL, '2022-05-14 20:46:54', '2022-05-14 20:46:54'),
(363, 1, 14, 20, 547, NULL, '2022-05-14 20:47:07', '2022-05-14 20:47:07'),
(364, 1, 14, 10, 309, NULL, '2022-05-14 20:47:17', '2022-05-14 20:47:17'),
(365, 1, 1, 5, 327, NULL, '2022-05-14 23:27:01', '2022-05-14 23:27:01'),
(366, 1, 1, 15, 574, NULL, '2022-05-14 23:35:02', '2022-05-14 23:35:02'),
(367, 1, 1, 6, 5, NULL, '2022-05-14 23:35:19', '2022-05-14 23:35:19'),
(368, 1, 1, 5, 574, NULL, '2022-05-14 23:35:37', '2022-05-14 23:35:37'),
(369, 1, 1, 15, 424, NULL, '2022-05-14 23:37:00', '2022-05-14 23:37:00'),
(370, 1, 1, 15, 588, NULL, '2022-05-14 23:38:05', '2022-05-14 23:38:05'),
(371, 1, 1, 10, 574, NULL, '2022-05-14 23:38:33', '2022-05-14 23:38:33'),
(372, 1, 1, 5, 182, NULL, '2022-05-14 23:39:20', '2022-05-14 23:39:20'),
(373, 1, 1, 10, 406, NULL, '2022-05-14 23:39:31', '2022-05-14 23:39:31'),
(374, 1, 1, 19, 454, NULL, '2022-05-14 23:41:57', '2022-05-14 23:41:57'),
(375, 1, 1, 10, 454, NULL, '2022-05-15 07:37:11', '2022-05-15 07:37:11'),
(376, 1, 1, 10, 225, NULL, '2022-05-15 07:37:24', '2022-05-15 07:37:24'),
(377, 1, 1, 10, 454, NULL, '2022-05-15 07:38:03', '2022-05-15 07:38:03'),
(378, 1, 1, 10, 118, NULL, '2022-05-15 07:38:20', '2022-05-15 07:38:20'),
(379, 1, 1, 10, 430, NULL, '2022-05-15 07:41:49', '2022-05-15 07:41:49'),
(380, 1, 1, 10, 495, NULL, '2022-05-15 07:42:00', '2022-05-15 07:42:00'),
(381, 1, 1, 10, 574, NULL, '2022-05-15 07:42:10', '2022-05-15 07:42:10'),
(382, 1, 1, 15, 454, NULL, '2022-05-15 07:42:31', '2022-05-15 07:42:31'),
(383, 1, 1, 8, 588, NULL, '2022-05-15 07:43:19', '2022-05-15 07:43:19'),
(384, 1, 1, 5, 454, NULL, '2022-05-15 07:43:38', '2022-05-15 07:43:38'),
(385, 1, 1, 5, 327, NULL, '2022-05-15 07:43:52', '2022-05-15 07:43:52'),
(386, 1, 1, 20, 416, NULL, '2022-05-15 07:44:03', '2022-05-15 07:44:03'),
(387, 1, 1, 10, 495, NULL, '2022-05-15 07:44:15', '2022-05-15 07:44:15'),
(388, 1, 1, 5, 574, NULL, '2022-05-15 07:44:34', '2022-05-15 07:44:34'),
(389, 1, 1, 5, 574, NULL, '2022-05-15 07:44:42', '2022-05-15 07:44:42'),
(390, 1, 1, 20, 416, NULL, '2022-05-15 07:45:12', '2022-05-15 07:45:12'),
(391, 1, 1, 15, 416, NULL, '2022-05-15 07:45:39', '2022-05-15 07:45:39'),
(392, 1, 1, 4, 327, NULL, '2022-05-15 07:45:59', '2022-05-15 07:45:59'),
(393, 1, 1, 15, 416, NULL, '2022-05-15 07:46:14', '2022-05-15 07:46:14'),
(394, 1, 1, 6, 343, NULL, '2022-05-15 07:46:58', '2022-05-15 07:46:58'),
(395, 1, 1, 19, 416, NULL, '2022-05-15 07:47:10', '2022-05-15 07:47:10'),
(396, 1, 1, 10, 416, NULL, '2022-05-15 07:48:05', '2022-05-15 07:48:05'),
(397, 1, 1, 5, 5, NULL, '2022-05-15 07:48:19', '2022-05-15 07:48:19'),
(398, 1, 1, 30, 225, NULL, '2022-05-15 07:48:32', '2022-05-15 07:48:32'),
(399, 1, 1, 20, 496, NULL, '2022-05-15 07:48:45', '2022-05-15 07:48:45'),
(400, 1, 1, 95, 488, NULL, '2022-05-15 07:49:37', '2022-05-15 07:49:37'),
(401, 1, 1, 40, 488, NULL, '2022-05-15 07:49:56', '2022-05-15 07:49:56'),
(402, 1, 1, 10, 495, NULL, '2022-05-15 07:50:14', '2022-05-15 07:50:14'),
(403, 1, 1, 30, 387, NULL, '2022-05-15 07:50:29', '2022-05-15 07:50:29'),
(404, 1, 1, 27, 16, NULL, '2022-05-15 07:51:02', '2022-05-15 07:51:02'),
(405, 1, 1, 10, 520, NULL, '2022-05-15 07:52:45', '2022-05-15 07:52:45'),
(406, 1, 1, 10, 496, NULL, '2022-05-15 07:53:01', '2022-05-15 07:53:01'),
(407, 1, 1, 10, 225, NULL, '2022-05-15 07:53:34', '2022-05-15 07:53:34'),
(408, 1, 1, 40, 387, NULL, '2022-05-15 07:53:51', '2022-05-15 07:53:51'),
(409, 1, 1, 20, 219, NULL, '2022-05-15 07:54:11', '2022-05-15 07:54:11'),
(410, 1, 1, 20, 629, NULL, '2022-05-15 07:54:22', '2022-05-15 07:54:22'),
(411, 1, 1, 5, 38, NULL, '2022-05-15 07:54:32', '2022-05-15 07:54:32'),
(412, 1, 1, 15, 285, NULL, '2022-05-15 07:55:40', '2022-05-15 07:55:40'),
(413, 1, 1, 20, 8, NULL, '2022-05-15 07:55:53', '2022-05-15 07:55:53'),
(414, 1, 1, 20, 588, NULL, '2022-05-15 07:56:06', '2022-05-15 07:56:06'),
(415, 1, 1, 10, 416, NULL, '2022-05-15 07:56:29', '2022-05-15 07:56:29'),
(416, 1, 11, 8, 372, NULL, '2022-05-15 07:58:28', '2022-05-15 07:58:28'),
(417, 1, 11, 10, 509, NULL, '2022-05-15 07:59:36', '2022-05-15 07:59:36'),
(418, 1, 11, 10, 506, NULL, '2022-05-15 07:59:49', '2022-05-15 07:59:49'),
(419, 1, 11, 15, 620, NULL, '2022-05-15 08:00:01', '2022-05-15 08:00:01'),
(420, 1, 11, 10, 453, NULL, '2022-05-15 08:00:51', '2022-05-15 08:00:51'),
(421, 1, 11, 28, 510, NULL, '2022-05-15 08:06:25', '2022-05-15 08:06:25'),
(422, 1, 11, 7, 395, NULL, '2022-05-15 08:09:05', '2022-05-15 08:09:05'),
(423, 1, 11, 12, 373, NULL, '2022-05-15 08:09:25', '2022-05-15 08:09:25'),
(424, 1, 11, 10, 630, NULL, '2022-05-15 08:10:15', '2022-05-15 08:10:15'),
(425, 1, 11, 15, 510, NULL, '2022-05-15 08:10:32', '2022-05-15 08:10:32'),
(426, 1, 11, 30, 387, NULL, '2022-05-15 08:10:48', '2022-05-15 08:10:48'),
(427, 1, 11, 11, 126, NULL, '2022-05-15 08:11:11', '2022-05-15 08:11:11'),
(428, 1, 11, 15, 249, NULL, '2022-05-15 08:11:25', '2022-05-15 08:11:25'),
(429, 1, 2, 10, 59, NULL, '2022-05-15 08:14:57', '2022-05-15 08:14:57'),
(430, 1, 2, 20, 582, NULL, '2022-05-15 08:15:12', '2022-05-15 08:15:12'),
(431, 1, 2, 10, 363, NULL, '2022-05-15 08:15:24', '2022-05-15 08:15:24'),
(432, 1, 2, 8, 372, NULL, '2022-05-15 08:16:11', '2022-05-15 08:16:11'),
(433, 1, 2, 10, 582, NULL, '2022-05-15 08:16:26', '2022-05-15 08:16:26'),
(434, 1, 2, 8, 479, NULL, '2022-05-15 08:16:41', '2022-05-15 08:16:41'),
(435, 1, 2, 10, 582, NULL, '2022-05-15 08:17:22', '2022-05-15 08:17:22'),
(436, 1, 2, 24, 168, NULL, '2022-05-15 08:17:37', '2022-05-15 08:17:37'),
(437, 1, 2, 1, 168, NULL, '2022-05-15 08:17:44', '2022-05-15 08:17:44'),
(438, 1, 2, 20, 168, NULL, '2022-05-15 08:18:03', '2022-05-15 08:18:03'),
(439, 1, 2, 15, 646, NULL, '2022-05-15 08:18:16', '2022-05-15 08:18:16'),
(440, 1, 2, 20, 582, NULL, '2022-05-15 08:19:36', '2022-05-15 08:19:36'),
(441, 1, 2, 15, 620, NULL, '2022-05-15 08:20:17', '2022-05-15 08:20:17'),
(442, 1, 2, 10, 582, NULL, '2022-05-15 08:20:29', '2022-05-15 08:20:29'),
(443, 1, 2, 20, 588, NULL, '2022-05-15 08:21:45', '2022-05-15 08:21:45'),
(444, 1, 2, 30, 601, NULL, '2022-05-15 08:21:58', '2022-05-15 08:21:58'),
(445, 1, 2, 8, 588, NULL, '2022-05-15 08:22:28', '2022-05-15 08:22:28'),
(446, 1, 2, 10, 660, NULL, '2022-05-15 08:23:33', '2022-05-15 08:23:33'),
(447, 1, 2, 10, 607, NULL, '2022-05-15 08:23:46', '2022-05-15 08:23:46'),
(448, 1, 2, 20, 582, NULL, '2022-05-15 08:23:59', '2022-05-15 08:23:59'),
(449, 1, 2, 90, 485, NULL, '2022-05-15 08:24:19', '2022-05-15 08:24:19'),
(450, 1, 2, 15, 479, NULL, '2022-05-15 08:24:33', '2022-05-15 08:24:33'),
(451, 1, 2, 5, 582, NULL, '2022-05-15 08:25:33', '2022-05-15 08:25:33'),
(452, 1, 2, 6, 343, NULL, '2022-05-15 08:26:29', '2022-05-15 08:26:29'),
(453, 1, 2, 13, 582, NULL, '2022-05-15 08:26:42', '2022-05-15 08:26:42'),
(454, 1, 2, 10, 363, NULL, '2022-05-15 08:26:55', '2022-05-15 08:26:55'),
(455, 1, 2, 13, 582, NULL, '2022-05-15 08:27:09', '2022-05-15 08:27:09'),
(456, 1, 2, 10, 582, NULL, '2022-05-15 08:28:02', '2022-05-15 08:28:02'),
(457, 1, 2, 10, 582, NULL, '2022-05-15 08:41:26', '2022-05-15 08:41:26'),
(458, 1, 2, 20, 582, NULL, '2022-05-15 08:41:46', '2022-05-15 08:41:46'),
(459, 1, 2, 35, 334, NULL, '2022-05-15 08:42:00', '2022-05-15 08:42:00'),
(460, 1, 2, 2, 479, NULL, '2022-05-15 08:42:10', '2022-05-15 08:42:10'),
(461, 1, 2, 10, 582, NULL, '2022-05-15 08:42:34', '2022-05-15 08:42:34'),
(462, 1, 2, 10, 646, NULL, '2022-05-15 08:42:46', '2022-05-15 08:42:46'),
(463, 1, 2, 45, 300, NULL, '2022-05-15 08:43:56', '2022-05-15 08:43:56'),
(464, 1, 2, 5, 582, NULL, '2022-05-15 08:44:18', '2022-05-15 08:44:18'),
(465, 1, 2, 10, 646, NULL, '2022-05-15 08:44:32', '2022-05-15 08:44:32'),
(466, 1, 2, 65, 389, NULL, '2022-05-15 08:45:31', '2022-05-15 08:45:31'),
(467, 1, 2, 15, 582, NULL, '2022-05-15 08:45:50', '2022-05-15 08:45:50'),
(468, 1, 2, 20, 365, NULL, '2022-05-15 08:46:07', '2022-05-15 08:46:07'),
(469, 1, 2, 7, 607, NULL, '2022-05-15 08:46:15', '2022-05-15 08:46:15'),
(470, 1, 14, 8, 588, NULL, '2022-05-15 08:47:31', '2022-05-15 08:47:31'),
(471, 1, 14, 6, 249, NULL, '2022-05-15 08:48:11', '2022-05-15 08:48:11'),
(472, 1, 14, 5, 5, NULL, '2022-05-15 08:48:38', '2022-05-15 08:48:38'),
(473, 1, 14, 10, 5, NULL, '2022-05-15 08:48:51', '2022-05-15 08:48:51'),
(474, 1, 14, 5, 617, NULL, '2022-05-15 08:49:03', '2022-05-15 08:49:03'),
(475, 1, 14, 10, 568, NULL, '2022-05-15 08:49:54', '2022-05-15 08:49:54'),
(476, 1, 14, 15, 309, NULL, '2022-05-15 08:50:49', '2022-05-15 08:50:49'),
(477, 1, 14, 4, 69, NULL, '2022-05-15 08:51:05', '2022-05-15 08:51:05'),
(478, 1, 14, 20, 588, NULL, '2022-05-15 08:51:18', '2022-05-15 08:51:18'),
(479, 1, 14, 10, 38, NULL, '2022-05-15 08:51:38', '2022-05-15 08:51:38'),
(480, 1, 1, 13, 118, NULL, '2022-05-15 09:18:23', '2022-05-15 09:18:23'),
(481, 1, 1, 5, 588, NULL, '2022-05-15 10:31:58', '2022-05-15 10:31:58'),
(482, 1, 1, 10, 471, NULL, '2022-05-15 10:32:20', '2022-05-15 10:32:20'),
(483, 1, 1, 10, 367, NULL, '2022-05-15 10:33:29', '2022-05-15 10:33:29'),
(484, 1, 1, 30, 384, NULL, '2022-05-15 10:33:46', '2022-05-15 10:33:46'),
(485, 1, 1, 20, 416, NULL, '2022-05-15 10:34:06', '2022-05-15 10:34:06'),
(486, 1, 1, 20, 416, NULL, '2022-05-15 10:34:10', '2022-05-15 10:34:10'),
(487, 1, 1, 10, 69, NULL, '2022-05-15 10:35:16', '2022-05-15 10:35:16'),
(488, 1, 1, 20, 416, NULL, '2022-05-15 10:35:30', '2022-05-15 10:35:30'),
(489, 1, 1, 5, 629, NULL, '2022-05-15 10:36:54', '2022-05-15 10:36:54'),
(490, 1, 1, 40, 488, NULL, '2022-05-15 10:37:13', '2022-05-15 10:37:13'),
(491, 1, 1, 20, 471, NULL, '2022-05-15 10:37:27', '2022-05-15 10:37:27'),
(492, 1, 1, 5, 38, NULL, '2022-05-15 10:37:42', '2022-05-15 10:37:42'),
(493, 1, 1, 20, 677, NULL, '2022-05-15 10:38:34', '2022-05-15 10:38:34'),
(494, 1, 1, 55, 597, NULL, '2022-05-15 10:38:52', '2022-05-15 10:38:52'),
(495, 1, 1, 10, 69, NULL, '2022-05-15 10:39:14', '2022-05-15 10:39:14'),
(496, 1, 1, 10, 459, NULL, '2022-05-15 10:40:16', '2022-05-15 10:40:16'),
(497, 1, 1, 30, 533, NULL, '2022-05-15 10:41:32', '2022-05-15 10:41:32'),
(498, 1, 1, 10, 574, NULL, '2022-05-15 10:41:47', '2022-05-15 10:41:47'),
(499, 1, 2, 10, 367, NULL, '2022-05-15 10:45:05', '2022-05-15 10:45:05'),
(500, 1, 2, 20, 646, NULL, '2022-05-15 10:45:22', '2022-05-15 10:45:22'),
(501, 1, 2, 9, 423, NULL, '2022-05-15 10:47:34', '2022-05-15 10:47:34'),
(502, 1, 2, 20, 222, NULL, '2022-05-15 10:48:47', '2022-05-15 10:48:47'),
(503, 1, 2, 15, 228, NULL, '2022-05-15 10:49:24', '2022-05-15 10:49:24'),
(504, 1, 2, 20, 674, NULL, '2022-05-15 10:50:21', '2022-05-15 10:50:21'),
(505, 1, 2, 15, 674, NULL, '2022-05-15 10:50:33', '2022-05-15 10:50:33'),
(506, 1, 2, 5, 249, NULL, '2022-05-15 10:50:45', '2022-05-15 10:50:45'),
(507, 1, 2, 10, 674, NULL, '2022-05-15 10:52:04', '2022-05-15 10:52:04'),
(508, 1, 2, 15, 620, NULL, '2022-05-15 10:52:17', '2022-05-15 10:52:17'),
(509, 1, 2, 15, 222, NULL, '2022-05-15 10:52:34', '2022-05-15 10:52:34'),
(510, 1, 2, 10, 423, NULL, '2022-05-15 10:52:46', '2022-05-15 10:52:46'),
(511, 1, 2, 10, 646, NULL, '2022-05-15 10:53:05', '2022-05-15 10:53:05'),
(512, 1, 2, 10, 423, NULL, '2022-05-15 10:53:20', '2022-05-15 10:53:20'),
(513, 1, 14, 15, 588, NULL, '2022-05-15 10:58:26', '2022-05-15 10:58:26'),
(514, 1, 14, 10, 38, NULL, '2022-05-15 10:58:45', '2022-05-15 10:58:45'),
(515, 1, 14, 5, 69, NULL, '2022-05-15 10:58:59', '2022-05-15 10:58:59'),
(516, 1, 14, 20, 38, NULL, '2022-05-15 10:59:12', '2022-05-15 10:59:12'),
(517, 1, 14, 5, 69, NULL, '2022-05-15 10:59:27', '2022-05-15 10:59:27'),
(518, 1, 14, 5, 38, NULL, '2022-05-15 11:00:44', '2022-05-15 11:00:44'),
(519, 1, 14, 10, 69, NULL, '2022-05-15 11:00:59', '2022-05-15 11:00:59'),
(520, 1, 1, 20, 567, NULL, '2022-05-15 18:52:32', '2022-05-15 18:52:32'),
(521, 1, 1, 10, 574, NULL, '2022-05-15 18:52:53', '2022-05-15 18:52:53'),
(522, 1, 1, 5, 182, NULL, '2022-05-15 18:55:13', '2022-05-15 18:55:13'),
(523, 1, 1, 15, 459, NULL, '2022-05-15 18:55:25', '2022-05-15 18:55:25'),
(524, 1, 1, 45, 307, NULL, '2022-05-15 18:57:51', '2022-05-15 18:57:51'),
(525, 1, 1, 15, 567, NULL, '2022-05-15 18:58:28', '2022-05-15 18:58:28'),
(526, 1, 1, 45, 307, NULL, '2022-05-15 18:59:06', '2022-05-15 18:59:06'),
(527, 1, 1, 5, 454, NULL, '2022-05-15 18:59:23', '2022-05-15 18:59:23'),
(528, 1, 1, 10, 69, NULL, '2022-05-15 18:59:50', '2022-05-15 18:59:50'),
(529, 1, 1, 20, 60, NULL, '2022-05-15 19:00:23', '2022-05-15 19:00:23'),
(530, 1, 1, 10, 430, NULL, '2022-05-15 19:01:22', '2022-05-15 19:01:22'),
(531, 1, 1, 20, 593, NULL, '2022-05-15 19:02:11', '2022-05-15 19:02:11'),
(532, 1, 1, 10, 219, NULL, '2022-05-15 19:02:25', '2022-05-15 19:02:25'),
(533, 1, 1, 20, 424, NULL, '2022-05-15 19:02:56', '2022-05-15 19:02:56'),
(534, 1, 1, 10, 374, NULL, '2022-05-15 19:03:13', '2022-05-15 19:03:13'),
(535, 1, 1, 10, 545, NULL, '2022-05-15 19:03:30', '2022-05-15 19:03:30'),
(536, 1, 1, 25, 545, NULL, '2022-05-15 19:03:52', '2022-05-15 19:03:52'),
(537, 1, 1, 20, 459, NULL, '2022-05-15 19:04:11', '2022-05-15 19:04:11'),
(538, 1, 1, 8, 567, NULL, '2022-05-15 19:05:07', '2022-05-15 19:05:07'),
(539, 1, 1, 25, 387, NULL, '2022-05-15 19:05:27', '2022-05-15 19:05:27'),
(540, 1, 1, 5, 5, NULL, '2022-05-15 19:05:51', '2022-05-15 19:05:51'),
(541, 1, 1, 20, 424, NULL, '2022-05-15 19:06:24', '2022-05-15 19:06:24'),
(542, 1, 1, 10, 374, NULL, '2022-05-15 19:06:35', '2022-05-15 19:06:35'),
(543, 1, 1, 7, 574, NULL, '2022-05-15 19:06:51', '2022-05-15 19:06:51'),
(544, 1, 1, 7, 567, NULL, '2022-05-15 19:07:11', '2022-05-15 19:07:11'),
(545, 1, 1, 30, 269, NULL, '2022-05-15 19:07:33', '2022-05-15 19:07:33'),
(546, 1, 1, 10, 459, NULL, '2022-05-15 19:07:48', '2022-05-15 19:07:48'),
(547, 1, 1, 5, 459, NULL, '2022-05-15 19:08:11', '2022-05-15 19:08:11'),
(548, 1, 1, 25, 202, NULL, '2022-05-15 19:08:46', '2022-05-15 19:08:46'),
(549, 1, 1, 5, 588, NULL, '2022-05-15 19:08:58', '2022-05-15 19:08:58'),
(550, 1, 1, 25, 460, NULL, '2022-05-15 19:09:22', '2022-05-15 19:09:22'),
(551, 1, 1, 20, 202, NULL, '2022-05-15 19:09:33', '2022-05-15 19:09:33'),
(552, 1, 11, 13, 126, NULL, '2022-05-15 19:10:23', '2022-05-15 19:10:23'),
(553, 1, 11, 15, 336, NULL, '2022-05-15 19:10:38', '2022-05-15 19:10:38'),
(554, 1, 11, 30, 126, NULL, '2022-05-15 19:10:58', '2022-05-15 19:10:58'),
(555, 1, 11, 40, 316, NULL, '2022-05-15 19:12:55', '2022-05-15 19:12:55'),
(556, 1, 11, 20, 521, NULL, '2022-05-15 19:13:11', '2022-05-15 19:13:11'),
(557, 1, 11, 40, 522, NULL, '2022-05-15 19:13:23', '2022-05-15 19:13:23'),
(558, 1, 11, 10, 249, NULL, '2022-05-15 19:13:35', '2022-05-15 19:13:35'),
(559, 1, 11, 24, 336, NULL, '2022-05-15 19:13:47', '2022-05-15 19:13:47'),
(560, 1, 11, 20, 568, NULL, '2022-05-15 19:14:16', '2022-05-15 19:14:16'),
(561, 1, 11, 25, 336, NULL, '2022-05-15 19:15:06', '2022-05-15 19:15:06'),
(562, 1, 11, 20, 568, NULL, '2022-05-15 19:15:41', '2022-05-15 19:15:41'),
(563, 1, 11, 20, 568, NULL, '2022-05-15 19:16:05', '2022-05-15 19:16:05'),
(564, 1, 11, 8, 630, NULL, '2022-05-15 19:16:17', '2022-05-15 19:16:17'),
(565, 1, 11, 5, 456, NULL, '2022-05-15 19:17:15', '2022-05-15 19:17:15'),
(566, 1, 11, 15, 419, NULL, '2022-05-15 19:18:01', '2022-05-15 19:18:01'),
(567, 1, 11, 10, 219, NULL, '2022-05-15 19:18:13', '2022-05-15 19:18:13'),
(568, 1, 11, 12, 545, NULL, '2022-05-15 19:19:58', '2022-05-15 19:19:58'),
(569, 1, 11, 25, 387, NULL, '2022-05-15 19:20:13', '2022-05-15 19:20:13'),
(570, 1, 11, 10, 509, NULL, '2022-05-15 19:20:27', '2022-05-15 19:20:27'),
(571, 1, 11, 5, 361, NULL, '2022-05-15 19:20:41', '2022-05-15 19:20:41'),
(572, 1, 11, 15, 419, NULL, '2022-05-15 19:20:59', '2022-05-15 19:20:59'),
(573, 1, 11, 10, 219, NULL, '2022-05-15 19:21:13', '2022-05-15 19:21:13'),
(574, 1, 2, 90, 355, NULL, '2022-05-15 19:24:30', '2022-05-15 19:24:30'),
(575, 1, 2, 12, 442, NULL, '2022-05-15 19:24:53', '2022-05-15 19:24:53'),
(576, 1, 2, 30, 620, NULL, '2022-05-15 19:27:03', '2022-05-15 19:27:03'),
(577, 1, 2, 35, 177, NULL, '2022-05-15 19:28:03', '2022-05-15 19:28:03'),
(578, 1, 2, 4, 423, NULL, '2022-05-15 19:28:26', '2022-05-15 19:28:26'),
(579, 1, 2, 30, 355, NULL, '2022-05-15 19:28:55', '2022-05-15 19:28:55'),
(580, 1, 2, 6, 568, NULL, '2022-05-15 19:29:12', '2022-05-15 19:29:12'),
(581, 1, 2, 15, 622, NULL, '2022-05-15 19:29:57', '2022-05-15 19:29:57'),
(582, 1, 2, 5, 423, NULL, '2022-05-15 19:30:35', '2022-05-15 19:30:35'),
(583, 1, 2, 30, 485, NULL, '2022-05-15 19:30:50', '2022-05-15 19:30:50'),
(584, 1, 2, 5, 423, NULL, '2022-05-15 19:31:44', '2022-05-15 19:31:44'),
(585, 1, 2, 5, 423, NULL, '2022-05-15 19:32:10', '2022-05-15 19:32:10'),
(586, 1, 2, 20, 222, NULL, '2022-05-15 19:32:26', '2022-05-15 19:32:26'),
(587, 1, 2, 8, 512, NULL, '2022-05-15 19:32:46', '2022-05-15 19:32:46'),
(588, 1, 2, 20, 423, NULL, '2022-05-15 19:33:08', '2022-05-15 19:33:08'),
(589, 1, 2, 10, 512, NULL, '2022-05-15 19:33:23', '2022-05-15 19:33:23'),
(590, 1, 2, 7, 222, NULL, '2022-05-15 19:34:04', '2022-05-15 19:34:04'),
(591, 1, 2, 10, 413, NULL, '2022-05-15 19:35:04', '2022-05-15 19:35:04'),
(592, 1, 2, 10, 423, NULL, '2022-05-15 19:35:19', '2022-05-15 19:35:19'),
(593, 1, 2, 20, 102, NULL, '2022-05-15 19:36:03', '2022-05-15 19:36:03'),
(594, 1, 2, 20, 222, NULL, '2022-05-15 19:36:15', '2022-05-15 19:36:15'),
(595, 1, 2, 15, 375, NULL, '2022-05-15 19:36:33', '2022-05-15 19:36:33'),
(596, 1, 2, 10, 423, NULL, '2022-05-15 19:36:45', '2022-05-15 19:36:45'),
(597, 1, 2, 45, 649, NULL, '2022-05-15 19:37:45', '2022-05-15 19:37:45'),
(598, 1, 2, 20, 354, NULL, '2022-05-15 19:38:06', '2022-05-15 19:38:06'),
(599, 1, 2, 10, 423, NULL, '2022-05-15 19:38:25', '2022-05-15 19:38:25'),
(600, 1, 2, 19, 620, NULL, '2022-05-15 19:38:51', '2022-05-15 19:38:51'),
(601, 1, 2, 9, 226, NULL, '2022-05-15 19:39:07', '2022-05-15 19:39:07'),
(602, 1, 2, 15, 365, NULL, '2022-05-15 19:39:24', '2022-05-15 19:39:24'),
(603, 1, 2, 8, 649, NULL, '2022-05-15 19:39:38', '2022-05-15 19:39:38'),
(604, 1, 2, 15, 437, NULL, '2022-05-15 19:39:57', '2022-05-15 19:39:57'),
(605, 1, 14, 10, 568, NULL, '2022-05-15 19:40:45', '2022-05-15 19:40:45'),
(606, 1, 14, 6, 38, NULL, '2022-05-15 19:40:56', '2022-05-15 19:40:56'),
(607, 1, 14, 15, 588, NULL, '2022-05-15 19:41:06', '2022-05-15 19:41:06'),
(608, 1, 14, 10, 69, NULL, '2022-05-15 19:42:00', '2022-05-15 19:42:00'),
(609, 1, 14, 8, 547, NULL, '2022-05-15 19:42:42', '2022-05-15 19:42:42'),
(610, 1, 14, 11, 69, NULL, '2022-05-15 19:42:55', '2022-05-15 19:42:55'),
(611, 1, 14, 20, 547, NULL, '2022-05-15 19:43:09', '2022-05-15 19:43:09'),
(612, 1, 14, 20, 637, NULL, '2022-05-15 19:43:29', '2022-05-15 19:43:29'),
(613, 1, 14, 35, 566, NULL, '2022-05-15 19:44:29', '2022-05-15 19:44:29'),
(614, 1, 14, 8, 309, NULL, '2022-05-15 19:44:46', '2022-05-15 19:44:46'),
(615, 1, 14, 6, 38, NULL, '2022-05-15 19:44:57', '2022-05-15 19:44:57'),
(616, 1, 14, 25, 547, NULL, '2022-05-15 19:45:15', '2022-05-15 19:45:15'),
(617, 1, 14, 39, 547, NULL, '2022-05-15 19:45:19', '2022-05-15 19:45:19'),
(618, 1, 14, 10, 5, NULL, '2022-05-15 19:45:32', '2022-05-15 19:45:32'),
(619, 1, 14, 15, 588, NULL, '2022-05-15 19:45:44', '2022-05-15 19:45:44'),
(620, 1, 14, 20, 637, NULL, '2022-05-15 19:46:29', '2022-05-15 19:46:29'),
(621, 1, 11, 10, 545, NULL, '2022-05-15 19:50:15', '2022-05-15 19:50:15'),
(622, 1, 11, 25, 387, NULL, '2022-05-15 19:50:28', '2022-05-15 19:50:28'),
(623, 1, 11, 10, 509, NULL, '2022-05-15 19:50:40', '2022-05-15 19:50:40'),
(624, 1, 11, 5, 361, NULL, '2022-05-15 19:50:53', '2022-05-15 19:50:53'),
(625, 1, 11, 15, 419, NULL, '2022-05-15 19:51:14', '2022-05-15 19:51:14'),
(626, 1, 11, 6, 395, NULL, '2022-05-15 19:51:39', '2022-05-15 19:51:39'),
(627, 1, 11, 5, 393, NULL, '2022-05-15 19:51:54', '2022-05-15 19:51:54'),
(628, 1, 11, 20, 545, NULL, '2022-05-15 19:52:10', '2022-05-15 19:52:10'),
(629, 1, 11, 10, 393, NULL, '2022-05-15 19:52:47', '2022-05-15 19:52:47'),
(630, 1, 11, 15, 419, NULL, '2022-05-15 19:53:03', '2022-05-15 19:53:03'),
(631, 1, 11, 10, 393, NULL, '2022-05-15 19:53:17', '2022-05-15 19:53:17'),
(632, 1, 11, 5, 361, NULL, '2022-05-15 19:53:30', '2022-05-15 19:53:30'),
(633, 1, 11, 20, 393, NULL, '2022-05-15 19:53:59', '2022-05-15 19:53:59'),
(634, 1, 11, 11, 510, NULL, '2022-05-15 19:54:11', '2022-05-15 19:54:11'),
(635, 1, 11, 5, 180, NULL, '2022-05-15 19:55:30', '2022-05-15 19:55:30'),
(636, 1, 11, 15, 440, NULL, '2022-05-15 19:56:52', '2022-05-15 19:56:52'),
(637, 1, 14, 6, 69, NULL, '2022-05-15 19:59:19', '2022-05-15 19:59:19'),
(638, 1, 14, 5, 249, NULL, '2022-05-15 19:59:53', '2022-05-15 19:59:53'),
(639, 1, 2, 40, 577, NULL, '2022-05-15 20:26:23', '2022-05-15 20:26:23'),
(640, 1, 2, 6, 442, NULL, '2022-05-15 20:26:42', '2022-05-15 20:26:42'),
(641, 1, 2, 20, 577, NULL, '2022-05-15 20:26:58', '2022-05-15 20:26:58'),
(642, 1, 2, 10, 367, NULL, '2022-05-15 20:27:09', '2022-05-15 20:27:09'),
(643, 1, 2, 6, 226, NULL, '2022-05-15 20:27:22', '2022-05-15 20:27:22'),
(644, 1, 2, 20, 654, NULL, '2022-05-15 20:27:41', '2022-05-15 20:27:41'),
(645, 1, 2, 20, 512, NULL, '2022-05-15 20:27:56', '2022-05-15 20:27:56'),
(646, 1, 2, 5, 226, NULL, '2022-05-15 20:28:26', '2022-05-15 20:28:26'),
(647, 1, 2, 20, 222, NULL, '2022-05-15 20:29:04', '2022-05-15 20:29:04'),
(648, 1, 2, 20, 389, NULL, '2022-05-15 20:29:21', '2022-05-15 20:29:21'),
(649, 1, 2, 10, 582, NULL, '2022-05-15 20:29:31', '2022-05-15 20:29:31'),
(650, 1, 2, 20, 646, NULL, '2022-05-15 20:30:09', '2022-05-15 20:30:09'),
(651, 1, 2, 1, 226, NULL, '2022-05-15 20:30:30', '2022-05-15 20:30:30'),
(652, 1, 2, 9, 59, NULL, '2022-05-15 20:30:44', '2022-05-15 20:30:44'),
(653, 1, 2, 25, 389, NULL, '2022-05-15 20:32:01', '2022-05-15 20:32:01'),
(654, 1, 2, 6, 177, NULL, '2022-05-15 20:32:30', '2022-05-15 20:32:30'),
(655, 1, 2, 20, 423, NULL, '2022-05-15 20:33:28', '2022-05-15 20:33:28'),
(656, 1, 2, 48, 321, NULL, '2022-05-15 20:33:45', '2022-05-15 20:33:45'),
(657, 1, 2, 24, 605, NULL, '2022-05-15 20:34:04', '2022-05-15 20:34:04'),
(658, 1, 2, 9, 508, NULL, '2022-05-15 20:34:55', '2022-05-15 20:34:55'),
(659, 1, 2, 9, 226, NULL, '2022-05-15 20:35:08', '2022-05-15 20:35:08'),
(660, 1, 2, 25, 437, NULL, '2022-05-15 20:36:08', '2022-05-15 20:36:08'),
(661, 1, 2, 5, 365, NULL, '2022-05-15 21:36:58', '2022-05-15 21:36:58'),
(662, 1, 2, 7, 343, NULL, '2022-05-15 21:38:08', '2022-05-15 21:38:08'),
(663, 1, 2, 19, 354, NULL, '2022-05-15 21:38:20', '2022-05-15 21:38:20'),
(664, 1, 2, 30, 649, NULL, '2022-05-15 21:38:35', '2022-05-15 21:38:35'),
(665, 1, 2, 50, 437, NULL, '2022-05-15 21:38:47', '2022-05-15 21:38:47'),
(666, 1, 2, 25, 577, NULL, '2022-05-15 21:39:06', '2022-05-15 21:39:06'),
(667, 1, 2, 10, 660, NULL, '2022-05-15 21:39:38', '2022-05-15 21:39:38'),
(668, 1, 2, 8, 423, NULL, '2022-05-15 21:39:55', '2022-05-15 21:39:55'),
(669, 1, 2, 20, 193, NULL, '2022-05-15 21:40:10', '2022-05-15 21:40:10'),
(670, 1, 2, 25, 462, NULL, '2022-05-15 21:40:25', '2022-05-15 21:40:25'),
(671, 1, 2, 20, 620, NULL, '2022-05-15 21:40:36', '2022-05-15 21:40:36'),
(672, 1, 11, 25, 419, NULL, '2022-05-15 21:43:09', '2022-05-15 21:43:09'),
(673, 1, 1, 8, 454, NULL, '2022-05-15 22:59:59', '2022-05-15 22:59:59'),
(674, 1, 1, 5, 454, NULL, '2022-05-15 23:00:25', '2022-05-15 23:00:25'),
(675, 1, 1, 8, 307, NULL, '2022-05-15 23:00:54', '2022-05-15 23:00:54'),
(676, 1, 1, 5, 226, NULL, '2022-05-15 23:01:30', '2022-05-15 23:01:30'),
(677, 1, 1, 10, 574, NULL, '2022-05-15 23:02:40', '2022-05-15 23:02:40'),
(678, 1, 1, 5, 182, NULL, '2022-05-15 23:03:12', '2022-05-15 23:03:12'),
(679, 1, 1, 15, 416, NULL, '2022-05-15 23:03:23', '2022-05-15 23:03:23'),
(680, 1, 1, 5, 226, NULL, '2022-05-15 23:03:37', '2022-05-15 23:03:37'),
(681, 1, 1, 13, 520, NULL, '2022-05-15 23:03:51', '2022-05-15 23:03:51'),
(682, 1, 1, 20, 643, NULL, '2022-05-15 23:05:06', '2022-05-15 23:05:06'),
(683, 1, 1, 8, 327, NULL, '2022-05-15 23:05:25', '2022-05-15 23:05:25'),
(684, 1, 1, 15, 459, NULL, '2022-05-15 23:05:37', '2022-05-15 23:05:37'),
(685, 1, 1, 5, 361, NULL, '2022-05-15 23:05:51', '2022-05-15 23:05:51'),
(686, 1, 1, 40, 410, NULL, '2022-05-15 23:06:31', '2022-05-15 23:06:31'),
(687, 1, 1, 15, 574, NULL, '2022-05-15 23:06:46', '2022-05-15 23:06:46'),
(688, 1, 1, 5, 226, NULL, '2022-05-15 23:07:03', '2022-05-15 23:07:03'),
(689, 1, 1, 5, 495, NULL, '2022-05-15 23:07:15', '2022-05-15 23:07:15'),
(690, 1, 1, 9, 327, NULL, '2022-05-15 23:07:26', '2022-05-15 23:07:26'),
(691, 1, 1, 20, 567, NULL, '2022-05-15 23:08:13', '2022-05-15 23:08:13'),
(692, 1, 1, 20, 102, NULL, '2022-05-15 23:09:34', '2022-05-15 23:09:34'),
(693, 1, 1, 30, 374, NULL, '2022-05-15 23:09:46', '2022-05-15 23:09:46'),
(694, 1, 1, 17, 102, NULL, '2022-05-15 23:10:05', '2022-05-15 23:10:05');
INSERT INTO `cash_app_forms` (`id`, `cash_app_id`, `account_id`, `amount`, `form_id`, `deleted_at`, `created_at`, `updated_at`) VALUES
(695, 1, 1, 75, 405, NULL, '2022-05-15 23:10:39', '2022-05-15 23:10:39'),
(696, 1, 1, 20, 406, NULL, '2022-05-15 23:10:57', '2022-05-15 23:10:57'),
(697, 1, 1, 8, 593, NULL, '2022-05-15 23:11:55', '2022-05-15 23:11:55'),
(698, 1, 1, 5, 416, NULL, '2022-05-15 23:13:13', '2022-05-15 23:13:13'),
(699, 1, 1, 6, 343, NULL, '2022-05-15 23:13:26', '2022-05-15 23:13:26'),
(700, 1, 1, 20, 416, NULL, '2022-05-15 23:14:43', '2022-05-15 23:14:43'),
(701, 1, 1, 20, 406, NULL, '2022-05-15 23:15:00', '2022-05-15 23:15:00'),
(702, 1, 1, 10, 430, NULL, '2022-05-15 23:15:14', '2022-05-15 23:15:14'),
(703, 1, 1, 20, 677, NULL, '2022-05-15 23:15:30', '2022-05-15 23:15:30'),
(704, 1, 1, 15, 115, NULL, '2022-05-15 23:15:44', '2022-05-15 23:15:44'),
(705, 1, 1, 10, 416, NULL, '2022-05-15 23:16:12', '2022-05-15 23:16:12'),
(706, 1, 1, 10, 424, NULL, '2022-05-15 23:16:25', '2022-05-15 23:16:25'),
(707, 1, 1, 10, 310, NULL, '2022-05-15 23:17:12', '2022-05-15 23:17:12'),
(708, 1, 1, 28, 410, NULL, '2022-05-15 23:17:23', '2022-05-15 23:17:23'),
(709, 1, 1, 19, 219, NULL, '2022-05-15 23:17:41', '2022-05-15 23:17:41'),
(710, 1, 1, 20, 496, NULL, '2022-05-15 23:17:54', '2022-05-15 23:17:54'),
(711, 1, 1, 10, 374, NULL, '2022-05-15 23:18:51', '2022-05-15 23:18:51'),
(712, 1, 1, 20, 545, NULL, '2022-05-15 23:19:20', '2022-05-15 23:19:20'),
(713, 1, 1, 58, 397, NULL, '2022-05-15 23:20:50', '2022-05-15 23:20:50'),
(714, 1, 1, 10, 496, NULL, '2022-05-15 23:21:06', '2022-05-15 23:21:06'),
(715, 1, 1, 10, 496, NULL, '2022-05-15 23:21:44', '2022-05-15 23:21:44'),
(716, 1, 1, 5, 361, NULL, '2022-05-15 23:21:56', '2022-05-15 23:21:56'),
(717, 1, 1, 5, 182, NULL, '2022-05-15 23:22:10', '2022-05-15 23:22:10'),
(718, 1, 1, 50, 492, NULL, '2022-05-15 23:22:31', '2022-05-15 23:22:31'),
(719, 1, 1, 15, 219, NULL, '2022-05-15 23:22:45', '2022-05-15 23:22:45'),
(720, 1, 1, 15, 459, NULL, '2022-05-15 23:22:55', '2022-05-15 23:22:55'),
(721, 1, 1, 7, 374, NULL, '2022-05-15 23:23:11', '2022-05-15 23:23:11'),
(722, 1, 1, 10, 416, NULL, '2022-05-15 23:23:23', '2022-05-15 23:23:23'),
(723, 1, 2, 11, 512, NULL, '2022-05-15 23:30:51', '2022-05-15 23:30:51'),
(724, 1, 2, 30, 519, NULL, '2022-05-15 23:32:32', '2022-05-15 23:32:32'),
(725, 1, 2, 5, 413, NULL, '2022-05-15 23:32:55', '2022-05-15 23:32:55'),
(726, 1, 2, 45, 321, NULL, '2022-05-15 23:33:13', '2022-05-15 23:33:13'),
(727, 1, 2, 10, 654, NULL, '2022-05-15 23:33:43', '2022-05-15 23:33:43'),
(728, 1, 2, 20, 646, NULL, '2022-05-15 23:33:59', '2022-05-15 23:33:59'),
(729, 1, 2, 5, 333, NULL, '2022-05-15 23:34:11', '2022-05-15 23:34:11'),
(730, 1, 2, 20, 485, NULL, '2022-05-15 23:34:24', '2022-05-15 23:34:24'),
(731, 1, 2, 10, 465, NULL, '2022-05-15 23:34:39', '2022-05-15 23:34:39'),
(732, 1, 2, 20, 620, NULL, '2022-05-15 23:34:51', '2022-05-15 23:34:51'),
(733, 1, 2, 5, 372, NULL, '2022-05-15 23:35:03', '2022-05-15 23:35:03'),
(734, 1, 2, 20, 462, NULL, '2022-05-15 23:35:33', '2022-05-15 23:35:33'),
(735, 1, 2, 5, 654, NULL, '2022-05-15 23:36:46', '2022-05-15 23:36:46'),
(736, 1, 2, 5, 333, NULL, '2022-05-15 23:37:13', '2022-05-15 23:37:13'),
(737, 1, 11, 10, 509, NULL, '2022-05-15 23:38:38', '2022-05-15 23:38:38'),
(738, 1, 11, 19, 393, NULL, '2022-05-15 23:38:52', '2022-05-15 23:38:52'),
(739, 1, 11, 20, 545, NULL, '2022-05-15 23:39:02', '2022-05-15 23:39:02'),
(740, 1, 11, 20, 219, NULL, '2022-05-15 23:39:13', '2022-05-15 23:39:13'),
(741, 1, 11, 20, 545, NULL, '2022-05-15 23:39:44', '2022-05-15 23:39:44'),
(742, 1, 11, 10, 219, NULL, '2022-05-15 23:39:58', '2022-05-15 23:39:58'),
(743, 1, 11, 5, 361, NULL, '2022-05-15 23:41:12', '2022-05-15 23:41:12'),
(744, 1, 11, 30, 219, NULL, '2022-05-15 23:41:25', '2022-05-15 23:41:25'),
(745, 1, 11, 10, 372, NULL, '2022-05-15 23:41:36', '2022-05-15 23:41:36'),
(746, 1, 11, 15, 419, NULL, '2022-05-15 23:41:55', '2022-05-15 23:41:55'),
(747, 1, 11, 10, 509, NULL, '2022-05-15 23:42:13', '2022-05-15 23:42:13'),
(748, 1, 11, 10, 419, NULL, '2022-05-15 23:42:29', '2022-05-15 23:42:29'),
(749, 1, 14, 11, 432, NULL, '2022-05-15 23:54:05', '2022-05-15 23:54:05'),
(750, 1, 14, 30, 552, NULL, '2022-05-15 23:54:18', '2022-05-15 23:54:18'),
(751, 1, 14, 6, 38, NULL, '2022-05-15 23:55:36', '2022-05-15 23:55:36'),
(752, 1, 14, 5, 38, NULL, '2022-05-15 23:55:55', '2022-05-15 23:55:55'),
(753, 1, 14, 5, 38, NULL, '2022-05-15 23:56:38', '2022-05-15 23:56:38'),
(754, 1, 14, 20, 432, NULL, '2022-05-15 23:56:49', '2022-05-15 23:56:49'),
(755, 1, 14, 59, 547, NULL, '2022-05-15 23:57:18', '2022-05-15 23:57:18'),
(756, 1, 14, 10, 317, NULL, '2022-05-15 23:57:33', '2022-05-15 23:57:33'),
(757, 1, 1, 25, 460, NULL, '2022-05-16 05:43:50', '2022-05-16 05:43:50'),
(758, 1, 1, 20, 653, NULL, '2022-05-16 05:46:16', '2022-05-16 05:46:16'),
(759, 1, 1, 10, 496, NULL, '2022-05-16 05:46:44', '2022-05-16 05:46:44'),
(760, 1, 1, 25, 460, NULL, '2022-05-16 05:47:03', '2022-05-16 05:47:03'),
(761, 1, 1, 13, 587, NULL, '2022-05-16 05:47:19', '2022-05-16 05:47:19'),
(762, 1, 1, 40, 460, NULL, '2022-05-16 05:47:36', '2022-05-16 05:47:36'),
(763, 1, 1, 30, 460, NULL, '2022-05-16 05:47:50', '2022-05-16 05:47:50'),
(764, 1, 1, 13, 374, NULL, '2022-05-16 05:48:06', '2022-05-16 05:48:06'),
(765, 1, 1, 27, 460, NULL, '2022-05-16 05:48:38', '2022-05-16 05:48:38'),
(766, 1, 1, 38, 406, NULL, '2022-05-16 05:48:58', '2022-05-16 05:48:58'),
(767, 1, 1, 3, 327, NULL, '2022-05-16 05:49:20', '2022-05-16 05:49:20'),
(768, 1, 1, 190, 405, NULL, '2022-05-16 05:49:32', '2022-05-16 05:49:32'),
(769, 1, 1, 4, 182, NULL, '2022-05-16 05:49:46', '2022-05-16 05:49:46'),
(770, 1, 1, 7, 327, NULL, '2022-05-16 05:50:04', '2022-05-16 05:50:04'),
(771, 1, 1, 5, 310, NULL, '2022-05-16 05:50:38', '2022-05-16 05:50:38'),
(772, 1, 1, 8, 684, NULL, '2022-05-16 05:51:22', '2022-05-16 05:51:22'),
(773, 1, 1, 7, 520, NULL, '2022-05-16 05:53:17', '2022-05-16 05:53:17'),
(774, 1, 1, 20, 653, NULL, '2022-05-16 05:53:32', '2022-05-16 05:53:32'),
(775, 1, 1, 39, 8, NULL, '2022-05-16 05:53:48', '2022-05-16 05:53:48'),
(776, 1, 1, 9, 374, NULL, '2022-05-16 05:54:02', '2022-05-16 05:54:02'),
(777, 1, 1, 20, 581, NULL, '2022-05-16 05:54:17', '2022-05-16 05:54:17'),
(778, 1, 1, 20, 669, NULL, '2022-05-16 05:55:36', '2022-05-16 05:55:36'),
(779, 1, 1, 16, 234, NULL, '2022-05-16 05:55:53', '2022-05-16 05:55:53'),
(780, 1, 1, 25, 460, NULL, '2022-05-16 05:56:13', '2022-05-16 05:56:13'),
(781, 1, 1, 62, 8, NULL, '2022-05-16 05:56:33', '2022-05-16 05:56:33'),
(782, 1, 1, 40, 488, NULL, '2022-05-16 05:57:36', '2022-05-16 05:57:36'),
(783, 1, 11, 20, 592, NULL, '2022-05-16 06:00:23', '2022-05-16 06:00:23'),
(784, 1, 11, 10, 419, NULL, '2022-05-16 06:01:14', '2022-05-16 06:01:14'),
(785, 1, 11, 20, 222, NULL, '2022-05-16 06:02:05', '2022-05-16 06:02:05'),
(786, 1, 11, 30, 222, NULL, '2022-05-16 06:03:00', '2022-05-16 06:03:00'),
(787, 1, 11, 15, 509, NULL, '2022-05-16 06:34:24', '2022-05-16 06:34:24'),
(788, 1, 11, 20, 222, NULL, '2022-05-16 06:34:47', '2022-05-16 06:34:47'),
(789, 1, 11, 5, 466, NULL, '2022-05-16 06:36:06', '2022-05-16 06:36:06'),
(790, 1, 11, 9, 540, NULL, '2022-05-16 06:37:07', '2022-05-16 06:37:07'),
(791, 1, 11, 10, 205, NULL, '2022-05-16 06:38:17', '2022-05-16 06:38:17'),
(792, 1, 11, 10, 540, NULL, '2022-05-16 06:38:46', '2022-05-16 06:38:46'),
(793, 1, 11, 20, 387, NULL, '2022-05-16 06:39:28', '2022-05-16 06:39:28'),
(794, 1, 11, 10, 509, NULL, '2022-05-16 06:40:05', '2022-05-16 06:40:05'),
(795, 1, 11, 5, 249, NULL, '2022-05-16 06:40:15', '2022-05-16 06:40:15'),
(796, 1, 2, 25, 601, NULL, '2022-05-16 06:41:40', '2022-05-16 06:41:40'),
(797, 1, 2, 20, 193, NULL, '2022-05-16 06:41:52', '2022-05-16 06:41:52'),
(798, 1, 2, 5, 333, NULL, '2022-05-16 06:42:03', '2022-05-16 06:42:03'),
(799, 1, 2, 27, 473, NULL, '2022-05-16 06:42:20', '2022-05-16 06:42:20'),
(800, 1, 2, 10, 661, NULL, '2022-05-16 06:42:32', '2022-05-16 06:42:32'),
(801, 1, 2, 10, 423, NULL, '2022-05-16 06:42:46', '2022-05-16 06:42:46'),
(802, 1, 2, 22, 193, NULL, '2022-05-16 06:43:15', '2022-05-16 06:43:15'),
(803, 1, 2, 10, 661, NULL, '2022-05-16 06:43:59', '2022-05-16 06:43:59'),
(804, 1, 2, 34, 473, NULL, '2022-05-16 06:44:13', '2022-05-16 06:44:13'),
(805, 1, 2, 30, 601, NULL, '2022-05-16 06:44:27', '2022-05-16 06:44:27'),
(806, 1, 2, 5, 256, NULL, '2022-05-16 06:44:43', '2022-05-16 06:44:43'),
(807, 1, 2, 20, 222, NULL, '2022-05-16 06:44:58', '2022-05-16 06:44:58'),
(808, 1, 2, 23, 473, NULL, '2022-05-16 06:45:12', '2022-05-16 06:45:12'),
(809, 1, 2, 10, 423, NULL, '2022-05-16 06:45:23', '2022-05-16 06:45:23'),
(810, 1, 2, 10, 646, NULL, '2022-05-16 06:45:35', '2022-05-16 06:45:35'),
(811, 1, 2, 20, 646, NULL, '2022-05-16 06:45:48', '2022-05-16 06:45:48'),
(812, 1, 2, 20, 661, NULL, '2022-05-16 06:46:11', '2022-05-16 06:46:11'),
(813, 1, 2, 5, 372, NULL, '2022-05-16 06:46:26', '2022-05-16 06:46:26'),
(814, 1, 2, 15, 490, NULL, '2022-05-16 06:48:33', '2022-05-16 06:48:33'),
(815, 1, 2, 20, 620, NULL, '2022-05-16 06:48:45', '2022-05-16 06:48:45'),
(816, 1, 2, 5, 372, NULL, '2022-05-16 06:49:09', '2022-05-16 06:49:09'),
(817, 1, 2, 13, 367, NULL, '2022-05-16 06:49:42', '2022-05-16 06:49:42'),
(818, 1, 2, 23, 387, NULL, '2022-05-16 06:51:12', '2022-05-16 06:51:12'),
(819, 1, 2, 9, 309, NULL, '2022-05-16 06:52:13', '2022-05-16 06:52:13'),
(820, 1, 14, 30, 552, NULL, '2022-05-16 06:52:58', '2022-05-16 06:52:58'),
(821, 1, 14, 8, 450, NULL, '2022-05-16 06:53:08', '2022-05-16 06:53:08'),
(822, 1, 14, 5, 617, NULL, '2022-05-16 06:53:21', '2022-05-16 06:53:21'),
(823, 1, 14, 15, 547, NULL, '2022-05-16 06:53:32', '2022-05-16 06:53:32'),
(824, 1, 14, 5, 617, NULL, '2022-05-16 06:54:17', '2022-05-16 06:54:17'),
(825, 1, 14, 30, 683, NULL, '2022-05-16 06:54:57', '2022-05-16 06:54:57'),
(826, 1, 14, 10, 547, NULL, '2022-05-16 06:55:45', '2022-05-16 06:55:45'),
(827, 1, 14, 35, 661, NULL, '2022-05-16 06:57:29', '2022-05-16 06:57:29'),
(828, 1, 14, 7, 690, NULL, '2022-05-16 06:58:50', '2022-05-16 06:58:50'),
(829, 1, 14, 4, 69, NULL, '2022-05-16 06:59:08', '2022-05-16 06:59:08'),
(830, 1, 14, 5, 249, NULL, '2022-05-16 06:59:26', '2022-05-16 06:59:26'),
(831, 1, 14, 10, 38, NULL, '2022-05-16 06:59:47', '2022-05-16 06:59:47'),
(832, 1, 1, 6, 38, NULL, '2022-05-16 08:50:10', '2022-05-16 08:50:10'),
(833, 1, 1, 30, 8, NULL, '2022-05-16 08:50:32', '2022-05-16 08:50:32'),
(834, 1, 1, 25, 460, NULL, '2022-05-16 08:53:16', '2022-05-16 08:53:16'),
(835, 1, 1, 10, 69, NULL, '2022-05-16 08:53:37', '2022-05-16 08:53:37'),
(836, 1, 1, 5, 588, NULL, '2022-05-16 08:53:51', '2022-05-16 08:53:51'),
(837, 1, 1, 62, 8, NULL, '2022-05-16 08:54:32', '2022-05-16 08:54:32'),
(838, 1, 1, 30, 8, NULL, '2022-05-16 08:54:41', '2022-05-16 08:54:41'),
(839, 1, 1, 5, 588, NULL, '2022-05-16 08:55:00', '2022-05-16 08:55:00'),
(840, 1, 1, 14, 384, NULL, '2022-05-16 08:55:17', '2022-05-16 08:55:17'),
(841, 1, 1, 19, 687, NULL, '2022-05-16 08:56:03', '2022-05-16 08:56:03'),
(842, 1, 1, 15, 69, NULL, '2022-05-16 08:56:30', '2022-05-16 08:56:30'),
(843, 1, 1, 13, 416, NULL, '2022-05-16 08:56:43', '2022-05-16 08:56:43'),
(844, 1, 1, 17, 416, NULL, '2022-05-16 08:56:50', '2022-05-16 08:56:50'),
(845, 1, 1, 100, 460, NULL, '2022-05-16 08:57:45', '2022-05-16 08:57:45'),
(846, 1, 1, 30, 459, NULL, '2022-05-16 08:58:02', '2022-05-16 08:58:02'),
(847, 1, 1, 9, 496, NULL, '2022-05-16 08:58:16', '2022-05-16 08:58:16'),
(848, 1, 11, 15, 393, NULL, '2022-05-16 08:59:32', '2022-05-16 08:59:32'),
(849, 1, 11, 15, 272, NULL, '2022-05-16 09:00:15', '2022-05-16 09:00:15'),
(850, 1, 11, 10, 427, NULL, '2022-05-16 09:01:21', '2022-05-16 09:01:21'),
(851, 1, 11, 40, 293, NULL, '2022-05-16 09:01:31', '2022-05-16 09:01:31'),
(852, 1, 2, 40, 387, NULL, '2022-05-16 09:06:22', '2022-05-16 09:06:22'),
(853, 1, 2, 5, 588, NULL, '2022-05-16 09:06:39', '2022-05-16 09:06:39'),
(854, 1, 2, 5, 129, NULL, '2022-05-16 09:07:29', '2022-05-16 09:07:29'),
(855, 1, 2, 18, 512, NULL, '2022-05-16 09:08:28', '2022-05-16 09:08:28'),
(856, 1, 2, 5, 256, NULL, '2022-05-16 09:08:46', '2022-05-16 09:08:46'),
(857, 1, 2, 12, 413, NULL, '2022-05-16 09:09:04', '2022-05-16 09:09:04'),
(858, 1, 14, 5, 38, NULL, '2022-05-16 09:10:02', '2022-05-16 09:10:02'),
(859, 1, 14, 4, 69, NULL, '2022-05-16 09:10:36', '2022-05-16 09:10:36'),
(860, 1, 14, 5, 69, NULL, '2022-05-16 09:10:42', '2022-05-16 09:10:42'),
(861, 1, 14, 20, 588, NULL, '2022-05-16 09:10:54', '2022-05-16 09:10:54'),
(862, 1, 14, 6, 690, NULL, '2022-05-16 09:11:55', '2022-05-16 09:11:55'),
(863, 1, 14, 5, 69, NULL, '2022-05-16 09:12:07', '2022-05-16 09:12:07'),
(864, 1, 14, 8, 309, NULL, '2022-05-16 09:12:17', '2022-05-16 09:12:17'),
(865, 1, 14, 5, 69, NULL, '2022-05-16 09:12:37', '2022-05-16 09:12:37'),
(866, 1, 1, 8, 375, NULL, '2022-05-16 19:19:04', '2022-05-16 19:19:04'),
(867, 1, 1, 10, 498, NULL, '2022-05-16 19:20:10', '2022-05-16 19:20:10'),
(868, 1, 1, 28, 202, NULL, '2022-05-16 19:20:57', '2022-05-16 19:20:57'),
(869, 1, 1, 5, 327, NULL, '2022-05-16 19:21:13', '2022-05-16 19:21:13'),
(870, 1, 1, 5, 327, NULL, '2022-05-16 19:22:10', '2022-05-16 19:22:10'),
(871, 1, 1, 46, 488, NULL, '2022-05-16 19:25:11', '2022-05-16 19:25:11'),
(872, 1, 1, 71, 8, NULL, '2022-05-16 19:26:41', '2022-05-16 19:26:41'),
(873, 1, 1, 20, 498, NULL, '2022-05-16 19:28:33', '2022-05-16 19:28:33'),
(874, 1, 1, 10, 375, NULL, '2022-05-16 19:29:12', '2022-05-16 19:29:12'),
(875, 1, 1, 18, 102, NULL, '2022-05-16 19:29:56', '2022-05-16 19:29:56'),
(876, 1, 1, 25, 102, NULL, '2022-05-16 19:30:03', '2022-05-16 19:30:03'),
(877, 1, 1, 12, 690, NULL, '2022-05-16 19:30:51', '2022-05-16 19:30:51'),
(878, 1, 1, 4, 182, NULL, '2022-05-16 19:31:28', '2022-05-16 19:31:28'),
(879, 1, 1, 10, 430, NULL, '2022-05-16 19:31:47', '2022-05-16 19:31:47'),
(880, 1, 1, 10, 118, NULL, '2022-05-16 19:32:05', '2022-05-16 19:32:05'),
(881, 1, 1, 10, 285, NULL, '2022-05-16 19:32:40', '2022-05-16 19:32:40'),
(882, 1, 1, 19, 406, NULL, '2022-05-16 19:33:21', '2022-05-16 19:33:21'),
(883, 1, 1, 51, 8, NULL, '2022-05-16 19:33:51', '2022-05-16 19:33:51'),
(884, 1, 1, 5, 343, NULL, '2022-05-16 19:34:09', '2022-05-16 19:34:09'),
(885, 1, 1, 5, 129, NULL, '2022-05-16 19:36:11', '2022-05-16 19:36:11'),
(886, 1, 1, 5, 588, NULL, '2022-05-16 19:36:26', '2022-05-16 19:36:26'),
(887, 1, 1, 41, 8, NULL, '2022-05-16 19:36:43', '2022-05-16 19:36:43'),
(888, 1, 1, 25, 424, NULL, '2022-05-16 19:37:02', '2022-05-16 19:37:02'),
(889, 1, 1, 39, 406, NULL, '2022-05-16 19:38:01', '2022-05-16 19:38:01'),
(890, 1, 1, 25, 597, NULL, '2022-05-16 19:38:18', '2022-05-16 19:38:18'),
(891, 1, 1, 25, 198, NULL, '2022-05-16 19:38:34', '2022-05-16 19:38:34'),
(892, 1, 1, 15, 498, NULL, '2022-05-16 19:38:57', '2022-05-16 19:38:57'),
(893, 1, 1, 10, 545, NULL, '2022-05-16 19:39:12', '2022-05-16 19:39:12'),
(894, 1, 1, 20, 102, NULL, '2022-05-16 19:40:13', '2022-05-16 19:40:13'),
(895, 1, 1, 20, 520, NULL, '2022-05-16 19:41:56', '2022-05-16 19:41:56'),
(896, 1, 1, 10, 567, NULL, '2022-05-16 19:42:13', '2022-05-16 19:42:13'),
(897, 1, 1, 5, 343, NULL, '2022-05-16 19:42:31', '2022-05-16 19:42:31'),
(898, 1, 1, 4, 5, NULL, '2022-05-16 19:42:47', '2022-05-16 19:42:47'),
(899, 1, 1, 18, 8, NULL, '2022-05-16 19:43:39', '2022-05-16 19:43:39'),
(900, 1, 11, 5, 249, NULL, '2022-05-16 19:44:42', '2022-05-16 19:44:42'),
(901, 1, 11, 20, 249, NULL, '2022-05-16 19:45:17', '2022-05-16 19:45:17'),
(902, 1, 11, 50, 469, NULL, '2022-05-16 19:46:03', '2022-05-16 19:46:03'),
(903, 1, 11, 20, 219, NULL, '2022-05-16 19:46:29', '2022-05-16 19:46:29'),
(904, 1, 11, 14, 336, NULL, '2022-05-16 19:46:40', '2022-05-16 19:46:40'),
(905, 1, 11, 9, 676, NULL, '2022-05-16 19:47:27', '2022-05-16 19:47:27'),
(906, 1, 11, 15, 219, NULL, '2022-05-16 19:47:42', '2022-05-16 19:47:42'),
(907, 1, 11, 50, 469, NULL, '2022-05-16 19:48:41', '2022-05-16 19:48:41'),
(908, 1, 11, 19, 358, NULL, '2022-05-16 19:48:52', '2022-05-16 19:48:52'),
(909, 1, 11, 12, 419, NULL, '2022-05-16 19:49:03', '2022-05-16 19:49:03'),
(910, 1, 11, 10, 545, NULL, '2022-05-16 19:49:14', '2022-05-16 19:49:14'),
(911, 1, 2, 25, 413, NULL, '2022-05-16 19:50:53', '2022-05-16 19:50:53'),
(912, 1, 2, 10, 646, NULL, '2022-05-16 19:51:08', '2022-05-16 19:51:08'),
(913, 1, 2, 15, 646, NULL, '2022-05-16 19:51:50', '2022-05-16 19:51:50'),
(914, 1, 2, 5, 249, NULL, '2022-05-16 19:53:14', '2022-05-16 19:53:14'),
(915, 1, 2, 5, 423, NULL, '2022-05-16 19:53:39', '2022-05-16 19:53:39'),
(916, 1, 2, 5, 333, NULL, '2022-05-16 19:53:55', '2022-05-16 19:53:55'),
(917, 1, 2, 25, 355, NULL, '2022-05-16 19:54:13', '2022-05-16 19:54:13'),
(918, 1, 2, 25, 355, NULL, '2022-05-16 19:55:05', '2022-05-16 19:55:05'),
(919, 1, 2, 45, 355, NULL, '2022-05-16 19:56:14', '2022-05-16 19:56:14'),
(920, 1, 2, 10, 375, NULL, '2022-05-16 19:56:32', '2022-05-16 19:56:32'),
(921, 1, 2, 10, 442, NULL, '2022-05-16 19:56:58', '2022-05-16 19:56:58'),
(922, 1, 2, 15, 442, NULL, '2022-05-16 19:57:36', '2022-05-16 19:57:36'),
(923, 1, 2, 20, 443, NULL, '2022-05-16 19:57:53', '2022-05-16 19:57:53'),
(924, 1, 2, 15, 413, NULL, '2022-05-16 19:58:08', '2022-05-16 19:58:08'),
(925, 1, 2, 20, 437, NULL, '2022-05-16 19:58:23', '2022-05-16 19:58:23'),
(926, 1, 2, 25, 355, NULL, '2022-05-16 19:58:58', '2022-05-16 19:58:58'),
(927, 1, 2, 5, 343, NULL, '2022-05-16 19:59:29', '2022-05-16 19:59:29'),
(928, 1, 2, 10, 485, NULL, '2022-05-16 20:00:45', '2022-05-16 20:00:45'),
(929, 1, 2, 20, 334, NULL, '2022-05-16 20:01:03', '2022-05-16 20:01:03'),
(930, 1, 2, 20, 321, NULL, '2022-05-16 20:01:16', '2022-05-16 20:01:16'),
(931, 1, 2, 25, 413, NULL, '2022-05-16 20:02:13', '2022-05-16 20:02:13'),
(932, 1, 2, 22, 273, NULL, '2022-05-16 20:02:53', '2022-05-16 20:02:53'),
(933, 1, 2, 25, 365, NULL, '2022-05-16 20:03:22', '2022-05-16 20:03:22'),
(934, 1, 2, 25, 355, NULL, '2022-05-16 20:03:40', '2022-05-16 20:03:40'),
(935, 1, 2, 5, 485, NULL, '2022-05-16 20:03:54', '2022-05-16 20:03:54'),
(936, 1, 2, 16, 102, NULL, '2022-05-16 20:04:06', '2022-05-16 20:04:06'),
(937, 1, 2, 20, 620, NULL, '2022-05-16 20:04:21', '2022-05-16 20:04:21'),
(938, 1, 2, 10, 59, NULL, '2022-05-16 20:04:35', '2022-05-16 20:04:35'),
(939, 1, 2, 18, 177, NULL, '2022-05-16 20:04:52', '2022-05-16 20:04:52'),
(940, 1, 2, 20, 442, NULL, '2022-05-16 20:05:10', '2022-05-16 20:05:10'),
(941, 1, 2, 2, 129, NULL, '2022-05-16 20:05:33', '2022-05-16 20:05:33'),
(942, 1, 2, 18, 177, NULL, '2022-05-16 20:06:01', '2022-05-16 20:06:01'),
(943, 1, 2, 10, 355, NULL, '2022-05-16 20:06:38', '2022-05-16 20:06:38'),
(944, 1, 2, 20, 654, NULL, '2022-05-16 20:08:24', '2022-05-16 20:08:24'),
(945, 1, 2, 5, 423, NULL, '2022-05-16 20:08:42', '2022-05-16 20:08:42'),
(946, 1, 2, 10, 442, NULL, '2022-05-16 20:09:00', '2022-05-16 20:09:00'),
(947, 1, 2, 25, 479, NULL, '2022-05-16 20:09:26', '2022-05-16 20:09:26'),
(948, 1, 2, 8, 423, NULL, '2022-05-16 20:09:39', '2022-05-16 20:09:39'),
(949, 1, 2, 20, 354, NULL, '2022-05-16 20:09:56', '2022-05-16 20:09:56'),
(950, 1, 2, 15, 479, NULL, '2022-05-16 20:10:09', '2022-05-16 20:10:09'),
(951, 1, 2, 10, 413, NULL, '2022-05-16 20:10:26', '2022-05-16 20:10:26'),
(952, 1, 2, 25, 591, NULL, '2022-05-16 20:10:43', '2022-05-16 20:10:43'),
(953, 1, 2, 27, 273, NULL, '2022-05-16 20:10:59', '2022-05-16 20:10:59'),
(954, 1, 2, 10, 596, NULL, '2022-05-16 20:11:17', '2022-05-16 20:11:17'),
(955, 1, 14, 5, 617, NULL, '2022-05-16 20:12:22', '2022-05-16 20:12:22'),
(956, 1, 14, 9, 249, NULL, '2022-05-16 20:12:31', '2022-05-16 20:12:31'),
(957, 1, 14, 19, 637, NULL, '2022-05-16 20:12:51', '2022-05-16 20:12:51'),
(958, 1, 14, 10, 249, NULL, '2022-05-16 20:13:01', '2022-05-16 20:13:01'),
(959, 1, 14, 10, 317, NULL, '2022-05-16 20:13:21', '2022-05-16 20:13:21'),
(960, 1, 14, 5, 60, NULL, '2022-05-16 20:13:38', '2022-05-16 20:13:38'),
(961, 1, 14, 10, 588, NULL, '2022-05-16 20:13:52', '2022-05-16 20:13:52'),
(962, 1, 14, 10, 674, NULL, '2022-05-16 20:14:41', '2022-05-16 20:14:41'),
(963, 1, 14, 15, 588, NULL, '2022-05-16 20:15:36', '2022-05-16 20:15:36'),
(964, 1, 14, 5, 38, NULL, '2022-05-16 20:16:22', '2022-05-16 20:16:22'),
(965, 1, 14, 9, 317, NULL, '2022-05-16 20:16:39', '2022-05-16 20:16:39'),
(966, 1, 14, 5, 690, NULL, '2022-05-16 20:16:57', '2022-05-16 20:16:57'),
(967, 1, 14, 11, 60, NULL, '2022-05-16 20:17:07', '2022-05-16 20:17:07'),
(968, 1, 14, 8, 51, NULL, '2022-05-16 20:17:51', '2022-05-16 20:17:51'),
(969, 1, 14, 15, 588, NULL, '2022-05-16 20:18:07', '2022-05-16 20:18:07'),
(970, 1, 14, 6, 568, NULL, '2022-05-16 20:18:19', '2022-05-16 20:18:19'),
(971, 1, 14, 20, 637, NULL, '2022-05-16 20:18:31', '2022-05-16 20:18:31'),
(972, 1, 14, 10, 674, NULL, '2022-05-16 20:18:48', '2022-05-16 20:18:48'),
(973, 1, 14, 5, 5, NULL, '2022-05-16 20:19:02', '2022-05-16 20:19:02'),
(974, 1, 14, 10, 588, NULL, '2022-05-16 20:19:15', '2022-05-16 20:19:15'),
(975, 1, 14, 5, 5, NULL, '2022-05-16 20:19:27', '2022-05-16 20:19:27'),
(976, 1, 14, 5, 617, NULL, '2022-05-16 20:19:39', '2022-05-16 20:19:39'),
(977, 1, 14, 8, 450, NULL, '2022-05-16 20:20:19', '2022-05-16 20:20:19'),
(978, 1, 14, 8, 450, NULL, '2022-05-16 20:20:29', '2022-05-16 20:20:29'),
(979, 1, 14, 10, 568, NULL, '2022-05-16 20:20:40', '2022-05-16 20:20:40'),
(980, 1, 14, 6, 60, NULL, '2022-05-16 20:20:55', '2022-05-16 20:20:55'),
(981, 1, 14, 45, 637, NULL, '2022-05-16 20:23:13', '2022-05-16 20:23:13'),
(982, 1, 14, 13, 317, NULL, '2022-05-16 20:23:53', '2022-05-16 20:23:53'),
(983, 1, 14, 10, 453, NULL, '2022-05-16 20:24:09', '2022-05-16 20:24:09'),
(984, 1, 1, 10, 688, NULL, '2022-05-16 20:37:15', '2022-05-16 20:37:15'),
(985, 1, 1, 5, 450, NULL, '2022-05-16 20:37:31', '2022-05-16 20:37:31'),
(986, 1, 1, 15, 416, NULL, '2022-05-16 20:37:44', '2022-05-16 20:37:44'),
(987, 1, 1, 5, 416, NULL, '2022-05-16 20:41:22', '2022-05-16 20:41:22'),
(988, 1, 1, 10, 424, NULL, '2022-05-16 20:41:35', '2022-05-16 20:41:35'),
(989, 1, 1, 10, 545, NULL, '2022-05-16 20:41:54', '2022-05-16 20:41:54'),
(990, 1, 1, 26, 689, NULL, '2022-05-16 20:42:12', '2022-05-16 20:42:12'),
(991, 1, 1, 9, 520, NULL, '2022-05-16 20:42:44', '2022-05-16 20:42:44'),
(992, 1, 1, 20, 545, NULL, '2022-05-16 20:43:05', '2022-05-16 20:43:05'),
(993, 1, 1, 30, 520, NULL, '2022-05-16 20:43:19', '2022-05-16 20:43:19'),
(994, 1, 1, 20, 680, NULL, '2022-05-16 20:45:20', '2022-05-16 20:45:20'),
(995, 1, 1, 20, 273, NULL, '2022-05-16 20:46:03', '2022-05-16 20:46:03'),
(996, 1, 1, 10, 5, NULL, '2022-05-16 20:46:19', '2022-05-16 20:46:19'),
(997, 1, 1, 10, 67, NULL, '2022-05-16 20:46:36', '2022-05-16 20:46:36'),
(998, 1, 1, 25, 8, NULL, '2022-05-16 20:47:06', '2022-05-16 20:47:06'),
(999, 1, 1, 10, 5, NULL, '2022-05-16 20:47:43', '2022-05-16 20:47:43'),
(1000, 1, 1, 10, 67, NULL, '2022-05-16 20:48:02', '2022-05-16 20:48:02'),
(1001, 1, 1, 5, 430, NULL, '2022-05-16 20:48:38', '2022-05-16 20:48:38'),
(1002, 1, 1, 25, 687, NULL, '2022-05-16 20:48:54', '2022-05-16 20:48:54'),
(1003, 1, 1, 25, 687, NULL, '2022-05-16 20:49:38', '2022-05-16 20:49:38'),
(1004, 1, 1, 5, 361, NULL, '2022-05-16 20:50:00', '2022-05-16 20:50:00'),
(1005, 1, 1, 9, 687, NULL, '2022-05-16 20:50:41', '2022-05-16 20:50:41'),
(1006, 1, 1, 1, 687, NULL, '2022-05-16 20:51:17', '2022-05-16 20:51:17'),
(1007, 1, 1, 15, 67, NULL, '2022-05-16 20:51:46', '2022-05-16 20:51:46'),
(1008, 1, 1, 19, 545, NULL, '2022-05-16 20:52:01', '2022-05-16 20:52:01'),
(1009, 1, 1, 10, 430, NULL, '2022-05-16 20:52:19', '2022-05-16 20:52:19'),
(1010, 1, 1, 10, 5, NULL, '2022-05-16 20:52:34', '2022-05-16 20:52:34'),
(1011, 1, 1, 30, 269, NULL, '2022-05-16 20:52:51', '2022-05-16 20:52:51'),
(1012, 1, 1, 10, 545, NULL, '2022-05-16 20:53:38', '2022-05-16 20:53:38'),
(1013, 1, 1, 5, 126, NULL, '2022-05-16 20:53:50', '2022-05-16 20:53:50'),
(1014, 1, 1, 10, 520, NULL, '2022-05-16 20:54:03', '2022-05-16 20:54:03'),
(1015, 1, 1, 10, 5, NULL, '2022-05-16 20:54:31', '2022-05-16 20:54:31'),
(1016, 1, 1, 50, 589, NULL, '2022-05-16 20:55:23', '2022-05-16 20:55:23'),
(1017, 1, 1, 50, 492, NULL, '2022-05-16 20:55:39', '2022-05-16 20:55:39'),
(1018, 1, 1, 10, 273, NULL, '2022-05-16 20:55:55', '2022-05-16 20:55:55'),
(1019, 1, 1, 10, 67, NULL, '2022-05-16 20:56:11', '2022-05-16 20:56:11'),
(1020, 1, 1, 11, 343, NULL, '2022-05-16 20:56:25', '2022-05-16 20:56:25'),
(1021, 1, 1, 14, 358, NULL, '2022-05-16 20:57:03', '2022-05-16 20:57:03'),
(1022, 1, 1, 20, 567, NULL, '2022-05-16 20:57:21', '2022-05-16 20:57:21'),
(1023, 1, 1, 14, 67, NULL, '2022-05-16 20:57:35', '2022-05-16 20:57:35'),
(1024, 1, 1, 10, 69, NULL, '2022-05-16 20:57:52', '2022-05-16 20:57:52'),
(1025, 1, 2, 25, 591, NULL, '2022-05-16 21:02:12', '2022-05-16 21:02:12'),
(1026, 1, 2, 20, 473, NULL, '2022-05-16 21:02:51', '2022-05-16 21:02:51'),
(1027, 1, 2, 5, 226, NULL, '2022-05-16 21:03:05', '2022-05-16 21:03:05'),
(1028, 1, 2, 10, 582, NULL, '2022-05-16 21:03:48', '2022-05-16 21:03:48'),
(1029, 1, 2, 20, 473, NULL, '2022-05-16 21:03:59', '2022-05-16 21:03:59'),
(1030, 1, 2, 27, 321, NULL, '2022-05-16 21:04:55', '2022-05-16 21:04:55'),
(1031, 1, 2, 15, 479, NULL, '2022-05-16 21:05:12', '2022-05-16 21:05:12'),
(1032, 1, 2, 10, 596, NULL, '2022-05-16 21:05:37', '2022-05-16 21:05:37'),
(1033, 1, 2, 5, 226, NULL, '2022-05-16 21:05:48', '2022-05-16 21:05:48'),
(1034, 1, 2, 10, 512, NULL, '2022-05-16 21:08:30', '2022-05-16 21:08:30'),
(1035, 1, 2, 30, 577, NULL, '2022-05-16 21:08:47', '2022-05-16 21:08:47'),
(1036, 1, 2, 10, 363, NULL, '2022-05-16 21:09:37', '2022-05-16 21:09:37'),
(1037, 1, 2, 60, 591, NULL, '2022-05-16 21:09:59', '2022-05-16 21:09:59'),
(1038, 1, 2, 13, 413, NULL, '2022-05-16 21:10:22', '2022-05-16 21:10:22'),
(1039, 1, 2, 20, 462, NULL, '2022-05-16 21:10:38', '2022-05-16 21:10:38'),
(1040, 1, 2, 49, 605, NULL, '2022-05-16 21:12:12', '2022-05-16 21:12:12'),
(1041, 1, 2, 5, 450, NULL, '2022-05-16 21:12:25', '2022-05-16 21:12:25'),
(1042, 1, 2, 10, 690, NULL, '2022-05-16 21:13:54', '2022-05-16 21:13:54'),
(1043, 1, 2, 20, 193, NULL, '2022-05-16 21:14:48', '2022-05-16 21:14:48'),
(1044, 1, 14, 12, 317, NULL, '2022-05-16 21:49:41', '2022-05-16 21:49:41'),
(1045, 1, 14, 10, 5, NULL, '2022-05-16 21:50:04', '2022-05-16 21:50:04'),
(1046, 1, 2, 10, 354, NULL, '2022-05-16 21:54:27', '2022-05-16 21:54:27'),
(1047, 1, 2, 10, 690, NULL, '2022-05-16 21:54:44', '2022-05-16 21:54:44'),
(1048, 1, 2, 25, 591, NULL, '2022-05-16 21:55:03', '2022-05-16 21:55:03'),
(1049, 1, 2, 10, 665, NULL, '2022-05-16 21:55:26', '2022-05-16 21:55:26'),
(1050, 1, 2, 30, 519, NULL, '2022-05-16 21:55:41', '2022-05-16 21:55:41'),
(1051, 1, 1, 5, 5, NULL, '2022-05-16 21:59:32', '2022-05-16 21:59:32'),
(1052, 1, 1, 5, 5, NULL, '2022-05-16 21:59:45', '2022-05-16 21:59:45'),
(1053, 1, 1, 10, 430, NULL, '2022-05-16 22:00:02', '2022-05-16 22:00:02'),
(1054, 1, 1, 10, 545, NULL, '2022-05-16 22:01:00', '2022-05-16 22:01:00'),
(1055, 1, 1, 26, 37, NULL, '2022-05-16 22:01:14', '2022-05-16 22:01:14'),
(1056, 1, 1, 25, 179, NULL, '2022-05-16 22:01:42', '2022-05-16 22:01:42'),
(1057, 1, 1, 32, 273, NULL, '2022-05-16 22:01:57', '2022-05-16 22:01:57'),
(1058, 1, 1, 5, 182, NULL, '2022-05-16 22:02:17', '2022-05-16 22:02:17'),
(1059, 1, 1, 10, 545, NULL, '2022-05-16 22:02:38', '2022-05-16 22:02:38'),
(1060, 1, 1, 15, 459, NULL, '2022-05-16 22:02:57', '2022-05-16 22:02:57'),
(1061, 1, 1, 25, 589, NULL, '2022-05-16 22:03:28', '2022-05-16 22:03:28'),
(1062, 1, 11, 10, 568, NULL, '2022-05-16 22:06:13', '2022-05-16 22:06:13'),
(1063, 1, 11, 5, 361, NULL, '2022-05-16 22:06:54', '2022-05-16 22:06:54'),
(1064, 1, 11, 15, 419, NULL, '2022-05-16 22:07:06', '2022-05-16 22:07:06'),
(1065, 1, 11, 14, 358, NULL, '2022-05-16 22:07:24', '2022-05-16 22:07:24'),
(1066, 1, 11, 10, 419, NULL, '2022-05-16 22:08:23', '2022-05-16 22:08:23'),
(1067, 1, 11, 60, 346, NULL, '2022-05-16 22:09:05', '2022-05-16 22:09:05'),
(1068, 1, 11, 5, 361, NULL, '2022-05-16 22:09:21', '2022-05-16 22:09:21'),
(1069, 1, 11, 13, 187, NULL, '2022-05-16 22:09:33', '2022-05-16 22:09:33'),
(1070, 1, 11, 20, 393, NULL, '2022-05-16 22:10:11', '2022-05-16 22:10:11'),
(1071, 1, 11, 20, 393, NULL, '2022-05-16 22:11:18', '2022-05-16 22:11:18'),
(1072, 1, 11, 5, 249, NULL, '2022-05-16 22:11:44', '2022-05-16 22:11:44'),
(1073, 1, 11, 50, 469, NULL, '2022-05-16 22:11:56', '2022-05-16 22:11:56'),
(1074, 1, 1, 20, 447, NULL, '2022-05-16 22:17:38', '2022-05-16 22:17:38'),
(1075, 1, 2, 20, 620, NULL, '2022-05-16 22:19:20', '2022-05-16 22:19:20'),
(1076, 1, 2, 10, 508, NULL, '2022-05-16 22:19:34', '2022-05-16 22:19:34'),
(1077, 1, 2, 20, 442, NULL, '2022-05-16 23:21:28', '2022-05-16 23:21:28'),
(1078, 1, 2, 40, 193, NULL, '2022-05-16 23:21:43', '2022-05-16 23:21:43'),
(1079, 1, 2, 20, 620, NULL, '2022-05-16 23:22:18', '2022-05-16 23:22:18'),
(1080, 1, 2, 25, 355, NULL, '2022-05-16 23:22:43', '2022-05-16 23:22:43'),
(1081, 1, 2, 30, 193, NULL, '2022-05-16 23:23:32', '2022-05-16 23:23:32'),
(1082, 1, 2, 20, 465, NULL, '2022-05-16 23:23:58', '2022-05-16 23:23:58'),
(1083, 1, 2, 10, 119, NULL, '2022-05-16 23:24:25', '2022-05-16 23:24:25'),
(1084, 1, 2, 20, 363, NULL, '2022-05-16 23:26:03', '2022-05-16 23:26:03'),
(1085, 1, 2, 47, 222, NULL, '2022-05-16 23:27:03', '2022-05-16 23:27:03'),
(1086, 1, 2, 10, 568, NULL, '2022-05-16 23:27:17', '2022-05-16 23:27:17'),
(1087, 1, 2, 20, 334, NULL, '2022-05-16 23:27:29', '2022-05-16 23:27:29'),
(1088, 1, 2, 25, 193, NULL, '2022-05-16 23:28:10', '2022-05-16 23:28:10'),
(1089, 1, 2, 25, 367, NULL, '2022-05-16 23:28:53', '2022-05-16 23:28:53'),
(1090, 1, 1, 67, 8, NULL, '2022-05-16 23:31:53', '2022-05-16 23:31:53'),
(1091, 1, 1, 5, 374, NULL, '2022-05-16 23:32:47', '2022-05-16 23:32:47'),
(1092, 1, 1, 20, 669, NULL, '2022-05-16 23:33:05', '2022-05-16 23:33:05'),
(1093, 1, 1, 34, 644, NULL, '2022-05-16 23:33:21', '2022-05-16 23:33:21'),
(1094, 1, 1, 50, 492, NULL, '2022-05-16 23:33:49', '2022-05-16 23:33:49'),
(1095, 1, 1, 10, 126, NULL, '2022-05-16 23:34:05', '2022-05-16 23:34:05'),
(1096, 1, 1, 50, 589, NULL, '2022-05-16 23:34:25', '2022-05-16 23:34:25'),
(1097, 1, 1, 5, 327, NULL, '2022-05-16 23:34:49', '2022-05-16 23:34:49'),
(1098, 1, 1, 20, 689, NULL, '2022-05-16 23:35:04', '2022-05-16 23:35:04'),
(1099, 1, 1, 20, 567, NULL, '2022-05-16 23:35:24', '2022-05-16 23:35:24'),
(1100, 1, 1, 5, 430, NULL, '2022-05-16 23:35:47', '2022-05-16 23:35:47'),
(1101, 1, 1, 5, 325, NULL, '2022-05-16 23:36:17', '2022-05-16 23:36:17'),
(1102, 1, 1, 19, 234, NULL, '2022-05-16 23:36:28', '2022-05-16 23:36:28'),
(1103, 1, 1, 15, 115, NULL, '2022-05-16 23:36:45', '2022-05-16 23:36:45'),
(1104, 1, 1, 5, 361, NULL, '2022-05-16 23:37:19', '2022-05-16 23:37:19'),
(1105, 1, 1, 15, 119, NULL, '2022-05-16 23:37:34', '2022-05-16 23:37:34'),
(1106, 1, 1, 5, 361, NULL, '2022-05-16 23:38:22', '2022-05-16 23:38:22'),
(1107, 1, 1, 60, 589, NULL, '2022-05-16 23:39:11', '2022-05-16 23:39:11'),
(1108, 1, 14, 25, 432, NULL, '2022-05-16 23:52:38', '2022-05-16 23:52:38'),
(1109, 1, 14, 10, 249, NULL, '2022-05-16 23:52:59', '2022-05-16 23:52:59'),
(1110, 1, 14, 10, 568, NULL, '2022-05-16 23:53:11', '2022-05-16 23:53:11'),
(1111, 1, 14, 25, 566, NULL, '2022-05-16 23:54:05', '2022-05-16 23:54:05'),
(1112, 1, 14, 31, 432, NULL, '2022-05-16 23:54:19', '2022-05-16 23:54:19'),
(1113, 1, 1, 5, 361, NULL, '2022-05-16 23:57:25', '2022-05-16 23:57:25'),
(1114, 1, 1, 10, 5, NULL, '2022-05-16 23:57:43', '2022-05-16 23:57:43'),
(1115, 1, 1, 32, 387, NULL, '2022-05-17 06:03:44', '2022-05-17 06:03:44'),
(1116, 1, 1, 5, 67, NULL, '2022-05-17 06:04:02', '2022-05-17 06:04:02'),
(1117, 1, 1, 12, 119, NULL, '2022-05-17 06:04:19', '2022-05-17 06:04:19'),
(1118, 1, 1, 50, 492, NULL, '2022-05-17 06:04:36', '2022-05-17 06:04:36'),
(1119, 1, 1, 25, 269, NULL, '2022-05-17 06:04:52', '2022-05-17 06:04:52'),
(1120, 1, 1, 10, 583, NULL, '2022-05-17 06:05:08', '2022-05-17 06:05:08'),
(1121, 1, 1, 9, 119, NULL, '2022-05-17 06:05:31', '2022-05-17 06:05:31'),
(1122, 1, 1, 20, 387, NULL, '2022-05-17 06:05:49', '2022-05-17 06:05:49'),
(1123, 1, 1, 20, 202, NULL, '2022-05-17 06:06:02', '2022-05-17 06:06:02'),
(1124, 1, 1, 6, 450, NULL, '2022-05-17 06:06:16', '2022-05-17 06:06:16'),
(1125, 1, 1, 9, 406, NULL, '2022-05-17 06:06:34', '2022-05-17 06:06:34'),
(1126, 1, 1, 10, 5, NULL, '2022-05-17 06:06:50', '2022-05-17 06:06:50'),
(1127, 1, 1, 20, 67, NULL, '2022-05-17 06:07:08', '2022-05-17 06:07:08'),
(1128, 1, 1, 30, 397, NULL, '2022-05-17 06:08:20', '2022-05-17 06:08:20'),
(1129, 1, 1, 10, 457, NULL, '2022-05-17 06:08:38', '2022-05-17 06:08:38'),
(1130, 1, 1, 50, 589, NULL, '2022-05-17 06:10:40', '2022-05-17 06:10:40'),
(1131, 1, 1, 6, 126, NULL, '2022-05-17 06:11:04', '2022-05-17 06:11:04'),
(1132, 1, 1, 10, 142, NULL, '2022-05-17 06:11:21', '2022-05-17 06:11:21'),
(1133, 1, 1, 10, 67, NULL, '2022-05-17 06:11:41', '2022-05-17 06:11:41'),
(1134, 1, 1, 10, 5, NULL, '2022-05-17 06:12:16', '2022-05-17 06:12:16'),
(1135, 1, 1, 10, 374, NULL, '2022-05-17 06:13:25', '2022-05-17 06:13:25'),
(1136, 1, 1, 24, 5, NULL, '2022-05-17 06:13:42', '2022-05-17 06:13:42'),
(1137, 1, 1, 20, 692, NULL, '2022-05-17 06:16:51', '2022-05-17 06:16:51'),
(1138, 1, 1, 15, 5, NULL, '2022-05-17 06:17:05', '2022-05-17 06:17:05'),
(1139, 1, 1, 20, 520, NULL, '2022-05-17 06:17:21', '2022-05-17 06:17:21'),
(1140, 1, 1, 10, 374, NULL, '2022-05-17 06:17:35', '2022-05-17 06:17:35'),
(1141, 1, 1, 20, 520, NULL, '2022-05-17 06:18:25', '2022-05-17 06:18:25'),
(1142, 1, 1, 19, 142, NULL, '2022-05-17 06:18:57', '2022-05-17 06:18:57'),
(1143, 1, 1, 20, 424, NULL, '2022-05-17 06:19:31', '2022-05-17 06:19:31'),
(1144, 1, 1, 10, 375, NULL, '2022-05-17 06:20:51', '2022-05-17 06:20:51'),
(1145, 1, 1, 19, 692, NULL, '2022-05-17 06:21:11', '2022-05-17 06:21:11'),
(1146, 1, 1, 30, 533, NULL, '2022-05-17 06:21:32', '2022-05-17 06:21:32'),
(1147, 1, 1, 25, 193, NULL, '2022-05-17 06:21:50', '2022-05-17 06:21:50'),
(1148, 1, 1, 10, 5, NULL, '2022-05-17 06:22:11', '2022-05-17 06:22:11'),
(1149, 1, 1, 10, 692, NULL, '2022-05-17 06:22:26', '2022-05-17 06:22:26'),
(1150, 1, 1, 29, 262, NULL, '2022-05-17 06:23:43', '2022-05-17 06:23:43'),
(1151, 1, 1, 19, 687, NULL, '2022-05-17 06:24:01', '2022-05-17 06:24:01'),
(1152, 1, 1, 22, 202, NULL, '2022-05-17 06:24:12', '2022-05-17 06:24:12'),
(1153, 1, 1, 5, 69, NULL, '2022-05-17 06:24:31', '2022-05-17 06:24:31'),
(1154, 1, 1, 15, 8, NULL, '2022-05-17 06:24:48', '2022-05-17 06:24:48'),
(1155, 1, 11, 10, 361, NULL, '2022-05-17 06:25:50', '2022-05-17 06:25:50'),
(1156, 1, 11, 45, 415, NULL, '2022-05-17 06:26:26', '2022-05-17 06:26:26'),
(1157, 1, 11, 15, 415, NULL, '2022-05-17 06:26:43', '2022-05-17 06:26:43'),
(1158, 1, 11, 5, 361, NULL, '2022-05-17 06:26:53', '2022-05-17 06:26:53'),
(1159, 1, 11, 5, 415, NULL, '2022-05-17 06:27:03', '2022-05-17 06:27:03'),
(1160, 1, 11, 10, 387, NULL, '2022-05-17 06:27:28', '2022-05-17 06:27:28'),
(1161, 1, 11, 27, 419, NULL, '2022-05-17 06:29:08', '2022-05-17 06:29:08'),
(1162, 1, 11, 30, 173, NULL, '2022-05-17 06:29:25', '2022-05-17 06:29:25'),
(1163, 1, 11, 15, 419, NULL, '2022-05-17 06:29:55', '2022-05-17 06:29:55'),
(1164, 1, 11, 15, 419, NULL, '2022-05-17 06:31:06', '2022-05-17 06:31:06'),
(1165, 1, 11, 15, 419, NULL, '2022-05-17 06:31:44', '2022-05-17 06:31:44'),
(1166, 1, 11, 10, 419, NULL, '2022-05-17 06:31:57', '2022-05-17 06:31:57'),
(1167, 1, 11, 10, 219, NULL, '2022-05-17 06:32:43', '2022-05-17 06:32:43'),
(1168, 1, 11, 20, 373, NULL, '2022-05-17 06:33:09', '2022-05-17 06:33:09'),
(1169, 1, 11, 15, 198, NULL, '2022-05-17 06:33:22', '2022-05-17 06:33:22'),
(1170, 1, 11, 15, 363, NULL, '2022-05-17 06:34:50', '2022-05-17 06:34:50'),
(1171, 1, 11, 20, 649, NULL, '2022-05-17 06:35:22', '2022-05-17 06:35:22'),
(1172, 1, 11, 15, 479, NULL, '2022-05-17 06:36:04', '2022-05-17 06:36:04'),
(1173, 1, 11, 15, 363, NULL, '2022-05-17 06:36:15', '2022-05-17 06:36:15'),
(1174, 1, 11, 5, 665, NULL, '2022-05-17 06:36:52', '2022-05-17 06:36:52'),
(1175, 1, 11, 5, 654, NULL, '2022-05-17 06:38:16', '2022-05-17 06:38:16'),
(1176, 1, 2, 15, 363, NULL, '2022-05-17 06:47:33', '2022-05-17 06:47:33'),
(1177, 1, 2, 20, 649, NULL, '2022-05-17 06:47:44', '2022-05-17 06:47:44'),
(1178, 1, 2, 15, 479, NULL, '2022-05-17 06:47:57', '2022-05-17 06:47:57'),
(1179, 1, 2, 15, 363, NULL, '2022-05-17 06:48:09', '2022-05-17 06:48:09'),
(1180, 1, 2, 5, 665, NULL, '2022-05-17 06:48:25', '2022-05-17 06:48:25'),
(1181, 1, 2, 5, 654, NULL, '2022-05-17 06:48:43', '2022-05-17 06:48:43'),
(1182, 1, 2, 25, 355, NULL, '2022-05-17 06:49:03', '2022-05-17 06:49:03'),
(1183, 1, 2, 10, 620, NULL, '2022-05-17 06:49:23', '2022-05-17 06:49:23'),
(1184, 1, 2, 23, 193, NULL, '2022-05-17 06:49:38', '2022-05-17 06:49:38'),
(1185, 1, 2, 5, 354, NULL, '2022-05-17 06:50:47', '2022-05-17 06:50:47'),
(1186, 1, 2, 6, 119, NULL, '2022-05-17 06:51:24', '2022-05-17 06:51:24'),
(1187, 1, 2, 10, 512, NULL, '2022-05-17 06:51:57', '2022-05-17 06:51:57'),
(1188, 1, 2, 20, 620, NULL, '2022-05-17 06:52:13', '2022-05-17 06:52:13'),
(1189, 1, 2, 20, 443, NULL, '2022-05-17 06:52:28', '2022-05-17 06:52:28'),
(1190, 1, 2, 50, 330, NULL, '2022-05-17 06:52:43', '2022-05-17 06:52:43'),
(1191, 1, 2, 15, 479, NULL, '2022-05-17 06:53:15', '2022-05-17 06:53:15'),
(1192, 1, 2, 40, 330, NULL, '2022-05-17 06:53:28', '2022-05-17 06:53:28'),
(1193, 1, 2, 20, 443, NULL, '2022-05-17 06:53:46', '2022-05-17 06:53:46'),
(1194, 1, 2, 10, 479, NULL, '2022-05-17 06:53:59', '2022-05-17 06:53:59'),
(1195, 1, 2, 5, 690, NULL, '2022-05-17 06:54:14', '2022-05-17 06:54:14'),
(1196, 1, 2, 15, 620, NULL, '2022-05-17 06:55:22', '2022-05-17 06:55:22'),
(1197, 1, 2, 14, 119, NULL, '2022-05-17 06:55:53', '2022-05-17 06:55:53'),
(1198, 1, 2, 20, 591, NULL, '2022-05-17 06:56:07', '2022-05-17 06:56:07'),
(1199, 1, 2, 5, 591, NULL, '2022-05-17 06:56:36', '2022-05-17 06:56:36'),
(1200, 1, 2, 10, 577, NULL, '2022-05-17 06:57:24', '2022-05-17 06:57:24'),
(1201, 1, 2, 50, 591, NULL, '2022-05-17 06:57:38', '2022-05-17 06:57:38'),
(1202, 1, 2, 60, 193, NULL, '2022-05-17 06:58:58', '2022-05-17 06:58:58'),
(1203, 1, 2, 10, 479, NULL, '2022-05-17 06:59:56', '2022-05-17 06:59:56'),
(1204, 1, 14, 25, 432, NULL, '2022-05-17 07:07:21', '2022-05-17 07:07:21'),
(1205, 1, 14, 14, 432, NULL, '2022-05-17 07:07:59', '2022-05-17 07:07:59'),
(1206, 1, 14, 5, 453, NULL, '2022-05-17 07:09:39', '2022-05-17 07:09:39'),
(1207, 1, 14, 5, 69, NULL, '2022-05-17 07:10:12', '2022-05-17 07:10:12'),
(1208, 1, 14, 10, 317, NULL, '2022-05-17 07:11:34', '2022-05-17 07:11:34'),
(1209, 1, 14, 5, 617, NULL, '2022-05-17 07:11:55', '2022-05-17 07:11:55'),
(1210, 1, 1, 20, 262, NULL, '2022-05-17 10:59:13', '2022-05-17 10:59:13'),
(1211, 1, 1, 10, 37, NULL, '2022-05-17 11:00:31', '2022-05-17 11:00:31'),
(1212, 1, 1, 13, 285, NULL, '2022-05-17 11:00:54', '2022-05-17 11:00:54'),
(1213, 1, 1, 5, 430, NULL, '2022-05-17 11:01:11', '2022-05-17 11:01:11'),
(1214, 1, 1, 10, 119, NULL, '2022-05-17 11:01:29', '2022-05-17 11:01:29'),
(1215, 1, 1, 20, 142, NULL, '2022-05-17 11:01:51', '2022-05-17 11:01:51'),
(1216, 1, 1, 15, 201, NULL, '2022-05-17 11:02:59', '2022-05-17 11:02:59'),
(1217, 1, 1, 40, 405, NULL, '2022-05-17 11:03:14', '2022-05-17 11:03:14'),
(1218, 1, 1, 20, 198, NULL, '2022-05-17 11:03:56', '2022-05-17 11:03:56'),
(1219, 1, 1, 5, 119, NULL, '2022-05-17 11:04:38', '2022-05-17 11:04:38'),
(1220, 1, 1, 10, 307, NULL, '2022-05-17 11:05:06', '2022-05-17 11:05:06'),
(1221, 1, 1, 7, 343, NULL, '2022-05-17 11:05:25', '2022-05-17 11:05:25'),
(1222, 1, 1, 50, 589, NULL, '2022-05-17 11:11:35', '2022-05-17 11:11:35'),
(1223, 1, 1, 10, 679, NULL, '2022-05-17 11:11:56', '2022-05-17 11:11:56'),
(1224, 1, 1, 7, 327, NULL, '2022-05-17 11:12:14', '2022-05-17 11:12:14'),
(1225, 1, 1, 15, 430, NULL, '2022-05-17 11:12:38', '2022-05-17 11:12:38'),
(1226, 1, 1, 21, 689, NULL, '2022-05-17 11:13:01', '2022-05-17 11:13:01'),
(1227, 1, 1, 25, 307, NULL, '2022-05-17 11:13:20', '2022-05-17 11:13:20'),
(1228, 1, 1, 10, 265, NULL, '2022-05-17 11:13:36', '2022-05-17 11:13:36'),
(1229, 1, 1, 5, 430, NULL, '2022-05-17 11:13:54', '2022-05-17 11:13:54'),
(1230, 1, 2, 20, 193, NULL, '2022-05-17 11:21:39', '2022-05-17 11:21:39'),
(1231, 1, 2, 10, 119, NULL, '2022-05-17 11:21:54', '2022-05-17 11:21:54'),
(1232, 1, 2, 5, 119, NULL, '2022-05-17 11:23:24', '2022-05-17 11:23:24'),
(1233, 1, 2, 18, 512, NULL, '2022-05-17 11:23:39', '2022-05-17 11:23:39'),
(1234, 1, 2, 20, 620, NULL, '2022-05-17 11:24:31', '2022-05-17 11:24:31'),
(1235, 1, 2, 5, 265, NULL, '2022-05-17 11:26:18', '2022-05-17 11:26:18'),
(1236, 1, 2, 5, 119, NULL, '2022-05-17 11:26:34', '2022-05-17 11:26:34'),
(1237, 1, 2, 20, 442, NULL, '2022-05-17 11:26:50', '2022-05-17 11:26:50'),
(1238, 1, 2, 20, 512, NULL, '2022-05-17 11:27:10', '2022-05-17 11:27:10'),
(1239, 1, 2, 5, 119, NULL, '2022-05-17 11:28:19', '2022-05-17 11:28:19'),
(1240, 1, 2, 20, 443, NULL, '2022-05-17 11:29:01', '2022-05-17 11:29:01'),
(1241, 1, 2, 8, 343, NULL, '2022-05-17 11:29:21', '2022-05-17 11:29:21'),
(1242, 1, 2, 20, 620, NULL, '2022-05-17 11:29:33', '2022-05-17 11:29:33'),
(1243, 1, 1, 20, 269, NULL, '2022-05-18 07:44:47', '2022-05-18 07:44:47'),
(1244, 1, 1, 5, 430, NULL, '2022-05-18 07:44:58', '2022-05-18 07:44:58'),
(1245, 1, 1, 20, 262, NULL, '2022-05-18 07:45:19', '2022-05-18 07:45:19'),
(1246, 1, 1, 5, 116, NULL, '2022-05-18 07:47:23', '2022-05-18 07:47:23'),
(1247, 1, 1, 5, 69, NULL, '2022-05-18 07:47:45', '2022-05-18 07:47:45'),
(1248, 1, 1, 11, 228, NULL, '2022-05-18 07:47:57', '2022-05-18 07:47:57'),
(1249, 1, 1, 50, 8, NULL, '2022-05-18 07:48:11', '2022-05-18 07:48:11'),
(1250, 1, 1, 30, 387, NULL, '2022-05-18 07:49:04', '2022-05-18 07:49:04'),
(1251, 1, 1, 8, 327, NULL, '2022-05-18 07:49:14', '2022-05-18 07:49:14'),
(1252, 1, 1, 15, 454, NULL, '2022-05-18 07:49:30', '2022-05-18 07:49:30'),
(1253, 1, 1, 15, 454, NULL, '2022-05-18 07:49:51', '2022-05-18 07:49:51'),
(1254, 1, 1, 14, 692, NULL, '2022-05-18 07:50:04', '2022-05-18 07:50:04'),
(1255, 1, 1, 20, 495, NULL, '2022-05-18 07:50:14', '2022-05-18 07:50:14'),
(1256, 1, 1, 5, 454, NULL, '2022-05-18 07:50:25', '2022-05-18 07:50:25'),
(1257, 1, 1, 12, 588, NULL, '2022-05-18 07:50:43', '2022-05-18 07:50:43'),
(1258, 1, 1, 27, 102, NULL, '2022-05-18 07:51:04', '2022-05-18 07:51:04'),
(1259, 1, 1, 10, 60, NULL, '2022-05-18 07:51:20', '2022-05-18 07:51:20'),
(1260, 1, 1, 18, 692, NULL, '2022-05-18 07:51:54', '2022-05-18 07:51:54'),
(1261, 1, 1, 10, 374, NULL, '2022-05-18 07:52:03', '2022-05-18 07:52:03'),
(1262, 1, 1, 5, 361, NULL, '2022-05-18 07:52:17', '2022-05-18 07:52:17'),
(1263, 1, 1, 11, 169, NULL, '2022-05-18 07:52:28', '2022-05-18 07:52:28'),
(1264, 1, 1, 40, 406, NULL, '2022-05-18 07:54:16', '2022-05-18 07:54:16'),
(1265, 1, 1, 5, 690, NULL, '2022-05-18 07:54:29', '2022-05-18 07:54:29'),
(1266, 1, 1, 5, 374, NULL, '2022-05-18 07:54:44', '2022-05-18 07:54:44'),
(1267, 1, 1, 5, 690, NULL, '2022-05-18 07:54:59', '2022-05-18 07:54:59'),
(1268, 1, 1, 25, 115, NULL, '2022-05-18 07:56:58', '2022-05-18 07:56:58'),
(1269, 1, 1, 10, 454, NULL, '2022-05-18 07:57:33', '2022-05-18 07:57:33'),
(1270, 1, 1, 5, 325, NULL, '2022-05-18 07:57:45', '2022-05-18 07:57:45'),
(1271, 1, 1, 10, 495, NULL, '2022-05-18 07:58:11', '2022-05-18 07:58:11'),
(1272, 1, 1, 5, 558, NULL, '2022-05-18 07:59:31', '2022-05-18 07:59:31'),
(1273, 1, 1, 5, 496, NULL, '2022-05-18 07:59:45', '2022-05-18 07:59:45'),
(1274, 1, 1, 23, 692, NULL, '2022-05-18 07:59:57', '2022-05-18 07:59:57'),
(1275, 1, 1, 10, 558, NULL, '2022-05-18 08:00:09', '2022-05-18 08:00:09'),
(1276, 1, 11, 20, 509, NULL, '2022-05-18 08:01:27', '2022-05-18 08:01:27'),
(1277, 1, 11, 8, 249, NULL, '2022-05-18 08:03:31', '2022-05-18 08:03:31'),
(1278, 1, 11, 20, 387, NULL, '2022-05-18 08:03:49', '2022-05-18 08:03:49'),
(1279, 1, 11, 10, 419, NULL, '2022-05-18 08:03:59', '2022-05-18 08:03:59'),
(1280, 1, 11, 10, 509, NULL, '2022-05-18 08:05:07', '2022-05-18 08:05:07'),
(1281, 1, 11, 10, 316, NULL, '2022-05-18 08:06:52', '2022-05-18 08:06:52'),
(1282, 1, 11, 5, 249, NULL, '2022-05-18 08:07:02', '2022-05-18 08:07:02'),
(1283, 1, 11, 5, 265, NULL, '2022-05-18 08:09:11', '2022-05-18 08:09:11'),
(1284, 1, 11, 10, 361, NULL, '2022-05-18 08:09:26', '2022-05-18 08:09:26'),
(1285, 1, 11, 10, 249, NULL, '2022-05-18 08:10:30', '2022-05-18 08:10:30'),
(1286, 1, 11, 10, 173, NULL, '2022-05-18 08:12:27', '2022-05-18 08:12:27'),
(1287, 1, 11, 5, 690, NULL, '2022-05-18 08:13:52', '2022-05-18 08:13:52'),
(1288, 1, 11, 10, 676, NULL, '2022-05-18 08:15:39', '2022-05-18 08:15:39'),
(1289, 1, 2, 32, 257, NULL, '2022-05-18 08:17:47', '2022-05-18 08:17:47'),
(1290, 1, 2, 9, 228, NULL, '2022-05-18 08:18:42', '2022-05-18 08:18:42'),
(1291, 1, 2, 50, 462, NULL, '2022-05-18 08:18:54', '2022-05-18 08:18:54'),
(1292, 1, 2, 30, 502, NULL, '2022-05-18 08:20:38', '2022-05-18 08:20:38'),
(1293, 1, 2, 20, 442, NULL, '2022-05-18 08:22:28', '2022-05-18 08:22:28'),
(1294, 1, 2, 10, 489, NULL, '2022-05-18 08:23:21', '2022-05-18 08:23:21'),
(1295, 1, 2, 9, 423, NULL, '2022-05-18 08:23:35', '2022-05-18 08:23:35'),
(1296, 1, 2, 20, 485, NULL, '2022-05-18 08:23:56', '2022-05-18 08:23:56'),
(1297, 1, 2, 12, 588, NULL, '2022-05-18 08:24:10', '2022-05-18 08:24:10'),
(1298, 1, 2, 10, 665, NULL, '2022-05-18 08:24:24', '2022-05-18 08:24:24'),
(1299, 1, 2, 20, 443, NULL, '2022-05-18 08:24:50', '2022-05-18 08:24:50'),
(1300, 1, 2, 20, 588, NULL, '2022-05-18 08:25:10', '2022-05-18 08:25:10'),
(1301, 1, 2, 50, 330, NULL, '2022-05-18 08:25:23', '2022-05-18 08:25:23'),
(1302, 1, 2, 10, 489, NULL, '2022-05-18 08:25:36', '2022-05-18 08:25:36'),
(1303, 1, 2, 9, 423, NULL, '2022-05-18 08:25:51', '2022-05-18 08:25:51'),
(1304, 1, 2, 47, 485, NULL, '2022-05-18 08:26:28', '2022-05-18 08:26:28'),
(1305, 1, 2, 10, 489, NULL, '2022-05-18 08:26:50', '2022-05-18 08:26:50'),
(1306, 1, 2, 5, 665, NULL, '2022-05-18 08:27:05', '2022-05-18 08:27:05'),
(1307, 1, 2, 6, 423, NULL, '2022-05-18 08:27:19', '2022-05-18 08:27:19'),
(1308, 1, 2, 8, 654, NULL, '2022-05-18 08:27:33', '2022-05-18 08:27:33'),
(1309, 1, 2, 5, 265, NULL, '2022-05-18 08:27:47', '2022-05-18 08:27:47'),
(1310, 1, 2, 3, 489, NULL, '2022-05-18 08:28:24', '2022-05-18 08:28:24'),
(1311, 1, 2, 25, 605, NULL, '2022-05-18 08:28:37', '2022-05-18 08:28:37'),
(1312, 1, 2, 5, 423, NULL, '2022-05-18 08:28:57', '2022-05-18 08:28:57'),
(1313, 1, 2, 5, 654, NULL, '2022-05-18 08:29:52', '2022-05-18 08:29:52'),
(1314, 1, 2, 8, 649, NULL, '2022-05-18 08:30:10', '2022-05-18 08:30:10'),
(1315, 1, 2, 20, 443, NULL, '2022-05-18 08:35:05', '2022-05-18 08:35:05'),
(1316, 1, 2, 5, 249, NULL, '2022-05-18 08:35:37', '2022-05-18 08:35:37'),
(1317, 1, 2, 5, 129, NULL, '2022-05-18 08:35:52', '2022-05-18 08:35:52'),
(1318, 1, 2, 10, 662, NULL, '2022-05-18 08:37:00', '2022-05-18 08:37:00'),
(1319, 1, 2, 10, 423, NULL, '2022-05-18 08:39:17', '2022-05-18 08:39:17'),
(1320, 1, 2, 15, 479, NULL, '2022-05-18 08:39:41', '2022-05-18 08:39:41'),
(1321, 1, 2, 5, 646, NULL, '2022-05-18 08:41:43', '2022-05-18 08:41:43'),
(1322, 1, 2, 20, 443, NULL, '2022-05-18 08:41:55', '2022-05-18 08:41:55'),
(1323, 1, 2, 24, 605, NULL, '2022-05-18 08:42:18', '2022-05-18 08:42:18'),
(1324, 1, 2, 7, 423, NULL, '2022-05-18 08:42:51', '2022-05-18 08:42:51'),
(1325, 1, 14, 39, 637, NULL, '2022-05-18 08:44:11', '2022-05-18 08:44:11'),
(1326, 1, 14, 5, 69, NULL, '2022-05-18 08:44:22', '2022-05-18 08:44:22'),
(1327, 1, 14, 5, 690, NULL, '2022-05-18 08:46:14', '2022-05-18 08:46:14'),
(1328, 1, 14, 10, 683, NULL, '2022-05-18 08:46:25', '2022-05-18 08:46:25'),
(1329, 1, 14, 20, 249, NULL, '2022-05-18 08:46:36', '2022-05-18 08:46:36'),
(1330, 1, 14, 10, 60, NULL, '2022-05-18 08:46:50', '2022-05-18 08:46:50'),
(1331, 1, 14, 12, 588, NULL, '2022-05-18 08:47:44', '2022-05-18 08:47:44'),
(1332, 1, 14, 10, 690, NULL, '2022-05-18 08:49:00', '2022-05-18 08:49:00'),
(1333, 1, 14, 25, 683, NULL, '2022-05-18 08:49:24', '2022-05-18 08:49:24'),
(1334, 1, 14, 20, 317, NULL, '2022-05-18 08:49:45', '2022-05-18 08:49:45'),
(1335, 1, 14, 10, 367, NULL, '2022-05-18 08:51:13', '2022-05-18 08:51:13'),
(1336, 1, 14, 15, 588, NULL, '2022-05-18 08:51:25', '2022-05-18 08:51:25'),
(1337, 1, 1, 15, 416, NULL, '2022-05-18 10:37:49', '2022-05-18 10:37:49'),
(1338, 1, 1, 20, 692, NULL, '2022-05-18 10:37:59', '2022-05-18 10:37:59'),
(1339, 1, 1, 5, 285, NULL, '2022-05-18 10:39:56', '2022-05-18 10:39:56'),
(1340, 1, 1, 20, 285, NULL, '2022-05-18 10:40:56', '2022-05-18 10:40:56'),
(1341, 1, 1, 10, 588, NULL, '2022-05-18 10:41:10', '2022-05-18 10:41:10'),
(1342, 1, 1, 5, 126, NULL, '2022-05-18 10:41:22', '2022-05-18 10:41:22'),
(1343, 1, 1, 69, 8, NULL, '2022-05-18 10:41:38', '2022-05-18 10:41:38'),
(1344, 1, 1, 5, 430, NULL, '2022-05-18 10:42:05', '2022-05-18 10:42:05'),
(1345, 1, 11, 20, 676, NULL, '2022-05-18 10:44:23', '2022-05-18 10:44:23'),
(1346, 1, 11, 10, 367, NULL, '2022-05-18 10:45:12', '2022-05-18 10:45:12'),
(1347, 1, 2, 5, 372, NULL, '2022-05-18 10:45:47', '2022-05-18 10:45:47'),
(1348, 1, 2, 13, 177, NULL, '2022-05-18 10:46:02', '2022-05-18 10:46:02'),
(1349, 1, 2, 20, 363, NULL, '2022-05-18 10:46:20', '2022-05-18 10:46:20'),
(1350, 1, 2, 6, 309, NULL, '2022-05-18 10:46:33', '2022-05-18 10:46:33'),
(1351, 1, 2, 10, 363, NULL, '2022-05-18 10:47:15', '2022-05-18 10:47:15'),
(1352, 1, 2, 10, 309, NULL, '2022-05-18 10:47:31', '2022-05-18 10:47:31'),
(1353, 1, 2, 5, 423, NULL, '2022-05-18 10:48:55', '2022-05-18 10:48:55'),
(1354, 1, 2, 15, 479, NULL, '2022-05-18 10:49:49', '2022-05-18 10:49:49'),
(1355, 1, 2, 10, 489, NULL, '2022-05-18 10:50:00', '2022-05-18 10:50:00'),
(1356, 1, 2, 5, 479, NULL, '2022-05-18 10:50:29', '2022-05-18 10:50:29'),
(1357, 1, 2, 10, 423, NULL, '2022-05-18 10:50:45', '2022-05-18 10:50:45'),
(1358, 1, 2, 10, 119, NULL, '2022-05-18 10:51:26', '2022-05-18 10:51:26'),
(1359, 1, 2, 8, 168, NULL, '2022-05-18 10:51:49', '2022-05-18 10:51:49'),
(1360, 1, 2, 10, 367, NULL, '2022-05-18 10:52:06', '2022-05-18 10:52:06'),
(1361, 1, 1, 15, 416, NULL, '2022-05-18 18:59:22', '2022-05-18 18:59:22'),
(1362, 1, 1, 50, 8, NULL, '2022-05-18 18:59:35', '2022-05-18 18:59:35'),
(1363, 1, 1, 23, 8, NULL, '2022-05-18 18:59:53', '2022-05-18 18:59:53'),
(1364, 1, 1, 5, 588, NULL, '2022-05-18 19:00:17', '2022-05-18 19:00:17'),
(1365, 1, 1, 21, 387, NULL, '2022-05-18 19:00:53', '2022-05-18 19:00:53'),
(1366, 1, 1, 10, 430, NULL, '2022-05-18 19:01:06', '2022-05-18 19:01:06'),
(1367, 1, 1, 20, 102, NULL, '2022-05-18 19:01:25', '2022-05-18 19:01:25'),
(1368, 1, 1, 10, 102, NULL, '2022-05-18 19:01:50', '2022-05-18 19:01:50'),
(1369, 1, 1, 59, 8, NULL, '2022-05-18 19:02:25', '2022-05-18 19:02:25'),
(1370, 1, 1, 10, 692, NULL, '2022-05-18 19:02:42', '2022-05-18 19:02:42'),
(1371, 1, 1, 10, 430, NULL, '2022-05-18 19:02:53', '2022-05-18 19:02:53'),
(1372, 1, 1, 19, 692, NULL, '2022-05-18 19:04:10', '2022-05-18 19:04:10'),
(1373, 1, 1, 12, 102, NULL, '2022-05-18 19:04:44', '2022-05-18 19:04:44'),
(1374, 1, 1, 5, 430, NULL, '2022-05-18 19:04:52', '2022-05-18 19:04:52'),
(1375, 1, 1, 10, 228, NULL, '2022-05-18 19:05:04', '2022-05-18 19:05:04'),
(1376, 1, 1, 10, 361, NULL, '2022-05-18 19:05:15', '2022-05-18 19:05:15'),
(1377, 1, 1, 35, 8, NULL, '2022-05-18 19:05:30', '2022-05-18 19:05:30'),
(1378, 1, 1, 10, 574, NULL, '2022-05-18 19:05:57', '2022-05-18 19:05:57'),
(1379, 1, 1, 10, 431, NULL, '2022-05-18 19:06:19', '2022-05-18 19:06:19'),
(1380, 1, 1, 60, 574, NULL, '2022-05-18 19:07:46', '2022-05-18 19:07:46'),
(1381, 1, 1, 20, 387, NULL, '2022-05-18 19:08:00', '2022-05-18 19:08:00'),
(1382, 1, 1, 15, 227, NULL, '2022-05-18 19:08:31', '2022-05-18 19:08:31');
INSERT INTO `cash_app_forms` (`id`, `cash_app_id`, `account_id`, `amount`, `form_id`, `deleted_at`, `created_at`, `updated_at`) VALUES
(1383, 1, 1, 5, 574, NULL, '2022-05-18 19:08:44', '2022-05-18 19:08:44'),
(1384, 1, 1, 35, 8, NULL, '2022-05-18 19:09:17', '2022-05-18 19:09:17'),
(1385, 1, 1, 30, 679, NULL, '2022-05-18 19:09:29', '2022-05-18 19:09:29'),
(1386, 1, 1, 10, 227, NULL, '2022-05-18 19:10:31', '2022-05-18 19:10:31'),
(1387, 1, 1, 20, 262, NULL, '2022-05-18 19:10:51', '2022-05-18 19:10:51'),
(1388, 1, 1, 5, 574, NULL, '2022-05-18 19:12:42', '2022-05-18 19:12:42'),
(1389, 1, 1, 20, 430, NULL, '2022-05-18 19:12:54', '2022-05-18 19:12:54'),
(1390, 1, 1, 39, 406, NULL, '2022-05-18 19:13:06', '2022-05-18 19:13:06'),
(1391, 1, 1, 10, 574, NULL, '2022-05-18 19:13:20', '2022-05-18 19:13:20'),
(1392, 1, 1, 5, 5, NULL, '2022-05-18 19:13:33', '2022-05-18 19:13:33'),
(1393, 1, 1, 20, 689, NULL, '2022-05-18 19:13:45', '2022-05-18 19:13:45'),
(1394, 1, 1, 15, 574, NULL, '2022-05-18 19:13:56', '2022-05-18 19:13:56'),
(1395, 1, 1, 30, 115, NULL, '2022-05-18 19:15:19', '2022-05-18 19:15:19'),
(1396, 1, 1, 39, 406, NULL, '2022-05-18 19:15:51', '2022-05-18 19:15:51'),
(1397, 1, 1, 40, 669, NULL, '2022-05-18 19:16:04', '2022-05-18 19:16:04'),
(1398, 1, 1, 5, 574, NULL, '2022-05-18 19:16:30', '2022-05-18 19:16:30'),
(1399, 1, 1, 20, 102, NULL, '2022-05-18 19:16:40', '2022-05-18 19:16:40'),
(1400, 1, 1, 5, 574, NULL, '2022-05-18 19:16:53', '2022-05-18 19:16:53'),
(1401, 1, 1, 5, 182, NULL, '2022-05-18 19:17:06', '2022-05-18 19:17:06'),
(1402, 1, 1, 5, 574, NULL, '2022-05-18 19:17:19', '2022-05-18 19:17:19'),
(1403, 1, 1, 20, 5, NULL, '2022-05-18 19:17:32', '2022-05-18 19:17:32'),
(1404, 1, 1, 5, 454, NULL, '2022-05-18 19:17:42', '2022-05-18 19:17:42'),
(1405, 1, 1, 26, 545, NULL, '2022-05-18 19:17:59', '2022-05-18 19:17:59'),
(1406, 1, 1, 45, 8, NULL, '2022-05-18 19:18:19', '2022-05-18 19:18:19'),
(1407, 1, 1, 15, 680, NULL, '2022-05-18 19:18:32', '2022-05-18 19:18:32'),
(1408, 1, 1, 9, 588, NULL, '2022-05-18 19:18:46', '2022-05-18 19:18:46'),
(1409, 1, 1, 10, 430, NULL, '2022-05-18 19:19:00', '2022-05-18 19:19:00'),
(1410, 1, 1, 10, 430, NULL, '2022-05-18 19:19:00', '2022-05-18 19:19:00'),
(1411, 1, 1, 20, 692, NULL, '2022-05-18 19:19:30', '2022-05-18 19:19:30'),
(1412, 1, 1, 10, 545, NULL, '2022-05-18 19:21:00', '2022-05-18 19:21:00'),
(1413, 1, 11, 8, 630, NULL, '2022-05-18 19:22:24', '2022-05-18 19:22:24'),
(1414, 1, 11, 20, 510, NULL, '2022-05-18 19:22:40', '2022-05-18 19:22:40'),
(1415, 1, 11, 10, 361, NULL, '2022-05-18 19:24:42', '2022-05-18 19:24:42'),
(1416, 1, 11, 25, 361, NULL, '2022-05-18 19:25:49', '2022-05-18 19:25:49'),
(1417, 1, 11, 15, 361, NULL, '2022-05-18 19:26:02', '2022-05-18 19:26:02'),
(1418, 1, 11, 13, 466, NULL, '2022-05-18 19:26:14', '2022-05-18 19:26:14'),
(1419, 1, 11, 15, 361, NULL, '2022-05-18 19:27:05', '2022-05-18 19:27:05'),
(1420, 1, 11, 26, 257, NULL, '2022-05-18 19:27:17', '2022-05-18 19:27:17'),
(1421, 1, 11, 13, 466, NULL, '2022-05-18 19:30:03', '2022-05-18 19:30:03'),
(1422, 1, 11, 20, 509, NULL, '2022-05-18 19:30:17', '2022-05-18 19:30:17'),
(1423, 1, 11, 5, 509, NULL, '2022-05-18 19:30:33', '2022-05-18 19:30:33'),
(1424, 1, 11, 7, 466, NULL, '2022-05-18 19:31:02', '2022-05-18 19:31:02'),
(1425, 1, 11, 10, 391, NULL, '2022-05-18 19:31:44', '2022-05-18 19:31:44'),
(1426, 1, 11, 2, 509, NULL, '2022-05-18 19:31:54', '2022-05-18 19:31:54'),
(1427, 1, 11, 10, 509, NULL, '2022-05-18 19:32:22', '2022-05-18 19:32:22'),
(1428, 1, 11, 10, 419, NULL, '2022-05-18 19:32:43', '2022-05-18 19:32:43'),
(1429, 1, 11, 10, 620, NULL, '2022-05-18 19:32:53', '2022-05-18 19:32:53'),
(1430, 1, 11, 10, 391, NULL, '2022-05-18 19:33:03', '2022-05-18 19:33:03'),
(1431, 1, 11, 19, 512, NULL, '2022-05-18 19:34:00', '2022-05-18 19:34:00'),
(1432, 1, 11, 15, 219, NULL, '2022-05-18 19:35:10', '2022-05-18 19:35:10'),
(1433, 1, 2, 8, 423, NULL, '2022-05-18 19:36:05', '2022-05-18 19:36:05'),
(1434, 1, 2, 7, 489, NULL, '2022-05-18 19:37:06', '2022-05-18 19:37:06'),
(1435, 1, 2, 10, 662, NULL, '2022-05-18 19:39:28', '2022-05-18 19:39:28'),
(1436, 1, 2, 5, 423, NULL, '2022-05-18 19:39:38', '2022-05-18 19:39:38'),
(1437, 1, 2, 50, 355, NULL, '2022-05-18 19:40:04', '2022-05-18 19:40:04'),
(1438, 1, 2, 10, 649, NULL, '2022-05-18 19:40:18', '2022-05-18 19:40:18'),
(1439, 1, 2, 10, 193, NULL, '2022-05-18 19:40:32', '2022-05-18 19:40:32'),
(1440, 1, 2, 20, 620, NULL, '2022-05-18 19:40:43', '2022-05-18 19:40:43'),
(1441, 1, 2, 5, 654, NULL, '2022-05-18 19:41:26', '2022-05-18 19:41:26'),
(1442, 1, 2, 8, 423, NULL, '2022-05-18 19:41:41', '2022-05-18 19:41:41'),
(1443, 1, 2, 50, 355, NULL, '2022-05-18 19:41:53', '2022-05-18 19:41:53'),
(1444, 1, 2, 10, 228, NULL, '2022-05-18 19:42:03', '2022-05-18 19:42:03'),
(1445, 1, 2, 19, 442, NULL, '2022-05-18 19:42:45', '2022-05-18 19:42:45'),
(1446, 1, 2, 50, 355, NULL, '2022-05-18 19:43:02', '2022-05-18 19:43:02'),
(1447, 1, 2, 13, 662, NULL, '2022-05-18 19:43:45', '2022-05-18 19:43:45'),
(1448, 1, 2, 10, 674, NULL, '2022-05-18 19:43:56', '2022-05-18 19:43:56'),
(1449, 1, 2, 28, 355, NULL, '2022-05-18 19:44:11', '2022-05-18 19:44:11'),
(1450, 1, 2, 20, 443, NULL, '2022-05-18 19:44:23', '2022-05-18 19:44:23'),
(1451, 1, 2, 5, 512, NULL, '2022-05-18 19:44:35', '2022-05-18 19:44:35'),
(1452, 1, 2, 10, 662, NULL, '2022-05-18 19:44:48', '2022-05-18 19:44:48'),
(1453, 1, 2, 10, 107, NULL, '2022-05-18 19:45:06', '2022-05-18 19:45:06'),
(1454, 1, 2, 20, 620, NULL, '2022-05-18 19:45:51', '2022-05-18 19:45:51'),
(1455, 1, 2, 8, 423, NULL, '2022-05-18 19:46:25', '2022-05-18 19:46:25'),
(1456, 1, 2, 5, 654, NULL, '2022-05-18 19:46:38', '2022-05-18 19:46:38'),
(1457, 1, 2, 17, 262, NULL, '2022-05-18 19:47:38', '2022-05-18 19:47:38'),
(1458, 1, 2, 5, 119, NULL, '2022-05-18 19:48:34', '2022-05-18 19:48:34'),
(1459, 1, 2, 105, 649, NULL, '2022-05-18 19:48:54', '2022-05-18 19:48:54'),
(1460, 1, 2, 30, 354, NULL, '2022-05-18 19:49:16', '2022-05-18 19:49:16'),
(1461, 1, 2, 20, 177, NULL, '2022-05-18 19:49:49', '2022-05-18 19:49:49'),
(1462, 1, 2, 5, 690, NULL, '2022-05-18 19:50:02', '2022-05-18 19:50:02'),
(1463, 1, 2, 7, 177, NULL, '2022-05-18 19:51:28', '2022-05-18 19:51:28'),
(1464, 1, 2, 20, 334, NULL, '2022-05-18 19:51:49', '2022-05-18 19:51:49'),
(1465, 1, 2, 10, 423, NULL, '2022-05-18 19:52:56', '2022-05-18 19:52:56'),
(1466, 1, 2, 50, 649, NULL, '2022-05-18 19:53:12', '2022-05-18 19:53:12'),
(1467, 1, 2, 10, 354, NULL, '2022-05-18 19:53:26', '2022-05-18 19:53:26'),
(1468, 1, 2, 5, 423, NULL, '2022-05-18 19:53:44', '2022-05-18 19:53:44'),
(1469, 1, 2, 20, 665, NULL, '2022-05-18 19:53:56', '2022-05-18 19:53:56'),
(1470, 1, 2, 25, 334, NULL, '2022-05-18 19:54:08', '2022-05-18 19:54:08'),
(1471, 1, 2, 5, 265, NULL, '2022-05-18 19:54:24', '2022-05-18 19:54:24'),
(1472, 1, 2, 10, 489, NULL, '2022-05-18 19:54:37', '2022-05-18 19:54:37'),
(1473, 1, 2, 15, 620, NULL, '2022-05-18 19:54:50', '2022-05-18 19:54:50'),
(1474, 1, 2, 16, 512, NULL, '2022-05-18 19:55:14', '2022-05-18 19:55:14'),
(1475, 1, 14, 10, 617, NULL, '2022-05-18 19:56:35', '2022-05-18 19:56:35'),
(1476, 1, 14, 16, 309, NULL, '2022-05-18 19:56:50', '2022-05-18 19:56:50'),
(1477, 1, 14, 10, 588, NULL, '2022-05-18 19:57:03', '2022-05-18 19:57:03'),
(1478, 1, 14, 5, 60, NULL, '2022-05-18 19:58:00', '2022-05-18 19:58:00'),
(1479, 1, 14, 10, 309, NULL, '2022-05-18 19:58:13', '2022-05-18 19:58:13'),
(1480, 1, 14, 18, 119, NULL, '2022-05-18 20:00:24', '2022-05-18 20:00:24'),
(1481, 1, 14, 10, 690, NULL, '2022-05-18 20:00:53', '2022-05-18 20:00:53'),
(1482, 1, 14, 10, 661, NULL, '2022-05-18 20:02:03', '2022-05-18 20:02:03'),
(1483, 1, 14, 13, 317, NULL, '2022-05-18 20:03:15', '2022-05-18 20:03:15'),
(1484, 1, 14, 10, 5, NULL, '2022-05-18 20:03:28', '2022-05-18 20:03:28'),
(1485, 1, 14, 15, 5, NULL, '2022-05-18 20:03:39', '2022-05-18 20:03:39'),
(1486, 1, 14, 21, 679, NULL, '2022-05-18 20:04:20', '2022-05-18 20:04:20'),
(1487, 1, 14, 9, 588, NULL, '2022-05-18 20:04:38', '2022-05-18 20:04:38'),
(1488, 1, 1, 29, 43, NULL, '2022-05-18 20:40:33', '2022-05-18 20:40:33'),
(1489, 1, 1, 10, 363, NULL, '2022-05-18 20:40:47', '2022-05-18 20:40:47'),
(1490, 1, 1, 5, 182, NULL, '2022-05-18 20:41:00', '2022-05-18 20:41:00'),
(1491, 1, 1, 31, 273, NULL, '2022-05-18 20:41:13', '2022-05-18 20:41:13'),
(1492, 1, 1, 5, 182, NULL, '2022-05-18 20:41:25', '2022-05-18 20:41:25'),
(1493, 1, 1, 20, 692, NULL, '2022-05-18 20:41:37', '2022-05-18 20:41:37'),
(1494, 1, 1, 8, 67, NULL, '2022-05-18 20:41:56', '2022-05-18 20:41:56'),
(1495, 1, 1, 15, 471, NULL, '2022-05-18 20:42:22', '2022-05-18 20:42:22'),
(1496, 1, 1, 5, 5, NULL, '2022-05-18 20:43:19', '2022-05-18 20:43:19'),
(1497, 1, 1, 5, 430, NULL, '2022-05-18 20:43:47', '2022-05-18 20:43:47'),
(1498, 1, 1, 26, 273, NULL, '2022-05-18 20:43:59', '2022-05-18 20:43:59'),
(1499, 1, 1, 35, 8, NULL, '2022-05-18 20:44:11', '2022-05-18 20:44:11'),
(1500, 1, 1, 25, 459, NULL, '2022-05-18 20:44:23', '2022-05-18 20:44:23'),
(1501, 1, 1, 10, 687, NULL, '2022-05-18 20:44:42', '2022-05-18 20:44:42'),
(1502, 1, 1, 10, 5, NULL, '2022-05-18 20:44:54', '2022-05-18 20:44:54'),
(1503, 1, 1, 50, 8, NULL, '2022-05-18 20:45:29', '2022-05-18 20:45:29'),
(1504, 1, 1, 17, 692, NULL, '2022-05-18 20:45:45', '2022-05-18 20:45:45'),
(1505, 1, 1, 15, 273, NULL, '2022-05-18 20:45:54', '2022-05-18 20:45:54'),
(1506, 1, 1, 10, 182, NULL, '2022-05-18 20:46:13', '2022-05-18 20:46:13'),
(1507, 1, 1, 30, 8, NULL, '2022-05-18 20:46:24', '2022-05-18 20:46:24'),
(1508, 1, 1, 23, 692, NULL, '2022-05-18 20:46:35', '2022-05-18 20:46:35'),
(1509, 1, 1, 15, 459, NULL, '2022-05-18 20:46:45', '2022-05-18 20:46:45'),
(1510, 1, 1, 10, 450, NULL, '2022-05-18 20:46:56', '2022-05-18 20:46:56'),
(1511, 1, 1, 9, 198, NULL, '2022-05-18 20:47:19', '2022-05-18 20:47:19'),
(1512, 1, 1, 7, 228, NULL, '2022-05-18 20:47:35', '2022-05-18 20:47:35'),
(1513, 1, 2, 20, 620, NULL, '2022-05-18 20:50:20', '2022-05-18 20:50:20'),
(1514, 1, 2, 5, 489, NULL, '2022-05-18 20:50:30', '2022-05-18 20:50:30'),
(1515, 1, 2, 10, 646, NULL, '2022-05-18 20:50:48', '2022-05-18 20:50:48'),
(1516, 1, 2, 20, 222, NULL, '2022-05-18 20:51:05', '2022-05-18 20:51:05'),
(1517, 1, 2, 7, 226, NULL, '2022-05-18 20:51:18', '2022-05-18 20:51:18'),
(1518, 1, 2, 10, 582, NULL, '2022-05-18 20:51:30', '2022-05-18 20:51:30'),
(1519, 1, 2, 15, 646, NULL, '2022-05-18 20:51:44', '2022-05-18 20:51:44'),
(1520, 1, 2, 20, 473, NULL, '2022-05-18 20:52:44', '2022-05-18 20:52:44'),
(1521, 1, 2, 5, 489, NULL, '2022-05-18 20:53:15', '2022-05-18 20:53:15'),
(1522, 1, 2, 20, 473, NULL, '2022-05-18 20:53:27', '2022-05-18 20:53:27'),
(1523, 1, 2, 20, 181, NULL, '2022-05-18 20:54:45', '2022-05-18 20:54:45'),
(1524, 1, 2, 5, 582, NULL, '2022-05-18 20:54:56', '2022-05-18 20:54:56'),
(1525, 1, 2, 20, 102, NULL, '2022-05-18 20:55:06', '2022-05-18 20:55:06'),
(1526, 1, 2, 10, 222, NULL, '2022-05-18 20:56:24', '2022-05-18 20:56:24'),
(1527, 1, 2, 49, 601, NULL, '2022-05-18 20:57:05', '2022-05-18 20:57:05'),
(1528, 1, 2, 10, 489, NULL, '2022-05-18 20:57:19', '2022-05-18 20:57:19'),
(1529, 1, 2, 10, 489, NULL, '2022-05-18 20:57:41', '2022-05-18 20:57:41'),
(1530, 1, 2, 20, 685, NULL, '2022-05-18 20:58:24', '2022-05-18 20:58:24'),
(1531, 1, 2, 15, 226, NULL, '2022-05-18 20:58:36', '2022-05-18 20:58:36'),
(1532, 1, 2, 5, 489, NULL, '2022-05-18 20:58:49', '2022-05-18 20:58:49'),
(1533, 1, 2, 5, 646, NULL, '2022-05-18 20:59:02', '2022-05-18 20:59:02'),
(1534, 1, 2, 10, 646, NULL, '2022-05-18 20:59:20', '2022-05-18 20:59:20'),
(1535, 1, 2, 5, 372, NULL, '2022-05-18 20:59:42', '2022-05-18 20:59:42'),
(1536, 1, 2, 5, 226, NULL, '2022-05-18 20:59:53', '2022-05-18 20:59:53'),
(1537, 1, 2, 27, 470, NULL, '2022-05-18 21:00:15', '2022-05-18 21:00:15'),
(1538, 1, 2, 15, 489, NULL, '2022-05-18 21:00:34', '2022-05-18 21:00:34'),
(1539, 1, 2, 5, 423, NULL, '2022-05-18 21:00:49', '2022-05-18 21:00:49'),
(1540, 1, 2, 20, 646, NULL, '2022-05-18 21:01:09', '2022-05-18 21:01:09'),
(1541, 1, 2, 15, 620, NULL, '2022-05-18 21:01:19', '2022-05-18 21:01:19'),
(1542, 1, 14, 11, 432, NULL, '2022-05-18 21:54:46', '2022-05-18 21:54:46'),
(1543, 1, 14, 20, 683, NULL, '2022-05-18 21:55:58', '2022-05-18 21:55:58'),
(1544, 1, 14, 10, 317, NULL, '2022-05-18 21:56:12', '2022-05-18 21:56:12'),
(1545, 1, 2, 11, 591, NULL, '2022-05-18 22:01:22', '2022-05-18 22:01:22'),
(1546, 1, 2, 5, 423, NULL, '2022-05-18 22:02:22', '2022-05-18 22:02:22'),
(1547, 1, 2, 10, 489, NULL, '2022-05-18 22:02:33', '2022-05-18 22:02:33'),
(1548, 1, 2, 5, 228, NULL, '2022-05-18 22:02:43', '2022-05-18 22:02:43'),
(1549, 1, 2, 15, 489, NULL, '2022-05-18 22:02:55', '2022-05-18 22:02:55'),
(1550, 1, 2, 10, 619, NULL, '2022-05-18 22:03:07', '2022-05-18 22:03:07'),
(1551, 1, 2, 10, 620, NULL, '2022-05-18 22:03:34', '2022-05-18 22:03:34'),
(1552, 1, 2, 7, 591, NULL, '2022-05-18 22:03:44', '2022-05-18 22:03:44'),
(1553, 1, 2, 30, 519, NULL, '2022-05-18 22:04:48', '2022-05-18 22:04:48'),
(1554, 1, 1, 7, 454, NULL, '2022-05-18 22:08:10', '2022-05-18 22:08:10'),
(1555, 1, 1, 37, 545, NULL, '2022-05-18 22:08:38', '2022-05-18 22:08:38'),
(1556, 1, 1, 10, 424, NULL, '2022-05-18 22:08:51', '2022-05-18 22:08:51'),
(1557, 1, 1, 5, 495, NULL, '2022-05-18 22:09:03', '2022-05-18 22:09:03'),
(1558, 1, 1, 5, 226, NULL, '2022-05-18 22:09:12', '2022-05-18 22:09:12'),
(1559, 1, 1, 20, 692, NULL, '2022-05-18 22:09:41', '2022-05-18 22:09:41'),
(1560, 1, 1, 27, 234, NULL, '2022-05-18 22:10:07', '2022-05-18 22:10:07'),
(1561, 1, 1, 20, 273, NULL, '2022-05-18 22:10:20', '2022-05-18 22:10:20'),
(1562, 1, 1, 5, 5, NULL, '2022-05-18 22:10:29', '2022-05-18 22:10:29'),
(1563, 1, 1, 4, 343, NULL, '2022-05-18 22:10:42', '2022-05-18 22:10:42'),
(1564, 1, 1, 15, 680, NULL, '2022-05-18 23:32:47', '2022-05-18 23:32:47'),
(1565, 1, 1, 43, 589, NULL, '2022-05-18 23:33:02', '2022-05-18 23:33:02'),
(1566, 1, 1, 70, 8, NULL, '2022-05-18 23:33:54', '2022-05-18 23:33:54'),
(1567, 1, 1, 10, 12, NULL, '2022-05-18 23:34:07', '2022-05-18 23:34:07'),
(1568, 1, 1, 5, 690, NULL, '2022-05-18 23:34:34', '2022-05-18 23:34:34'),
(1569, 1, 1, 25, 168, NULL, '2022-05-18 23:34:48', '2022-05-18 23:34:48'),
(1570, 1, 1, 10, 690, NULL, '2022-05-18 23:35:16', '2022-05-18 23:35:16'),
(1571, 1, 1, 20, 459, NULL, '2022-05-18 23:35:27', '2022-05-18 23:35:27'),
(1572, 1, 1, 20, 545, NULL, '2022-05-18 23:35:43', '2022-05-18 23:35:43'),
(1573, 1, 1, 15, 335, NULL, '2022-05-18 23:35:57', '2022-05-18 23:35:57'),
(1574, 1, 1, 10, 361, NULL, '2022-05-18 23:36:12', '2022-05-18 23:36:12'),
(1575, 1, 1, 19, 142, NULL, '2022-05-18 23:36:24', '2022-05-18 23:36:24'),
(1576, 1, 1, 10, 374, NULL, '2022-05-18 23:36:54', '2022-05-18 23:36:54'),
(1577, 1, 1, 50, 492, NULL, '2022-05-18 23:37:32', '2022-05-18 23:37:32'),
(1578, 1, 2, 5, 343, NULL, '2022-05-18 23:39:21', '2022-05-18 23:39:21'),
(1579, 1, 2, 30, 654, NULL, '2022-05-18 23:40:47', '2022-05-18 23:40:47'),
(1580, 1, 2, 10, 620, NULL, '2022-05-18 23:41:02', '2022-05-18 23:41:02'),
(1581, 1, 2, 10, 489, NULL, '2022-05-18 23:43:12', '2022-05-18 23:43:12'),
(1582, 1, 2, 30, 665, NULL, '2022-05-18 23:43:28', '2022-05-18 23:43:28'),
(1583, 1, 2, 20, 168, NULL, '2022-05-18 23:44:18', '2022-05-18 23:44:18'),
(1584, 1, 2, 29, 649, NULL, '2022-05-18 23:44:38', '2022-05-18 23:44:38'),
(1585, 1, 2, 20, 334, NULL, '2022-05-18 23:45:56', '2022-05-18 23:45:56'),
(1586, 1, 2, 15, 479, NULL, '2022-05-18 23:47:39', '2022-05-18 23:47:39'),
(1587, 1, 1, 106, 704, NULL, '2022-05-19 02:40:34', '2022-05-19 02:40:34'),
(1588, 1, 1, 10, 5, NULL, '2022-05-19 06:51:20', '2022-05-19 06:51:20'),
(1589, 1, 1, 5, 126, NULL, '2022-05-19 06:51:30', '2022-05-19 06:51:30'),
(1590, 1, 1, 19, 102, NULL, '2022-05-19 09:52:26', '2022-05-19 09:52:26'),
(1591, 1, 1, 5, 430, NULL, '2022-05-19 09:52:44', '2022-05-19 09:52:44'),
(1592, 1, 1, 18, 704, NULL, '2022-05-19 09:53:01', '2022-05-19 09:53:01'),
(1593, 1, 1, 50, 492, NULL, '2022-05-19 09:53:14', '2022-05-19 09:53:14'),
(1594, 1, 1, 7, 574, NULL, '2022-05-19 09:55:16', '2022-05-19 09:55:16'),
(1595, 1, 1, 20, 692, NULL, '2022-05-19 09:55:29', '2022-05-19 09:55:29'),
(1596, 1, 1, 20, 459, NULL, '2022-05-19 09:55:56', '2022-05-19 09:55:56'),
(1597, 1, 1, 40, 102, NULL, '2022-05-19 09:56:07', '2022-05-19 09:56:07'),
(1598, 1, 1, 20, 692, NULL, '2022-05-19 09:56:17', '2022-05-19 09:56:17'),
(1599, 1, 1, 20, 327, NULL, '2022-05-19 09:56:29', '2022-05-19 09:56:29'),
(1600, 1, 1, 50, 397, NULL, '2022-05-19 09:56:52', '2022-05-19 09:56:52'),
(1601, 1, 1, 50, 492, NULL, '2022-05-19 09:57:05', '2022-05-19 09:57:05'),
(1602, 1, 1, 10, 367, NULL, '2022-05-19 09:57:21', '2022-05-19 09:57:21'),
(1603, 1, 1, 20, 704, NULL, '2022-05-19 09:57:33', '2022-05-19 09:57:33'),
(1604, 1, 1, 10, 367, NULL, '2022-05-19 09:58:00', '2022-05-19 09:58:00'),
(1605, 1, 1, 6, 498, NULL, '2022-05-19 09:58:14', '2022-05-19 09:58:14'),
(1606, 1, 1, 30, 704, NULL, '2022-05-19 09:58:30', '2022-05-19 09:58:30'),
(1607, 1, 1, 20, 102, NULL, '2022-05-19 09:58:57', '2022-05-19 09:58:57'),
(1608, 1, 1, 5, 343, NULL, '2022-05-19 09:59:07', '2022-05-19 09:59:07'),
(1609, 1, 1, 10, 374, NULL, '2022-05-19 09:59:17', '2022-05-19 09:59:17'),
(1610, 1, 1, 5, 69, NULL, '2022-05-19 09:59:31', '2022-05-19 09:59:31'),
(1611, 1, 1, 20, 704, NULL, '2022-05-19 10:00:00', '2022-05-19 10:00:00'),
(1612, 1, 1, 43, 8, NULL, '2022-05-19 10:00:17', '2022-05-19 10:00:17'),
(1613, 1, 1, 7, 374, NULL, '2022-05-19 10:00:36', '2022-05-19 10:00:36'),
(1614, 1, 1, 16, 487, NULL, '2022-05-19 10:00:48', '2022-05-19 10:00:48'),
(1615, 1, 1, 10, 520, NULL, '2022-05-19 10:01:50', '2022-05-19 10:01:50'),
(1616, 1, 1, 5, 182, NULL, '2022-05-19 10:02:08', '2022-05-19 10:02:08'),
(1617, 1, 1, 8, 459, NULL, '2022-05-19 10:02:18', '2022-05-19 10:02:18'),
(1618, 1, 1, 5, 494, NULL, '2022-05-19 10:03:02', '2022-05-19 10:03:02'),
(1619, 1, 1, 12, 471, NULL, '2022-05-19 10:03:15', '2022-05-19 10:03:15'),
(1620, 1, 1, 20, 37, NULL, '2022-05-19 10:03:31', '2022-05-19 10:03:31'),
(1621, 1, 1, 5, 182, NULL, '2022-05-19 10:03:42', '2022-05-19 10:03:42'),
(1622, 1, 1, 15, 459, NULL, '2022-05-19 10:03:55', '2022-05-19 10:03:55'),
(1623, 1, 1, 15, 704, NULL, '2022-05-19 10:05:46', '2022-05-19 10:05:46'),
(1624, 1, 1, 10, 575, NULL, '2022-05-19 10:06:01', '2022-05-19 10:06:01'),
(1625, 1, 1, 40, 406, NULL, '2022-05-19 10:06:15', '2022-05-19 10:06:15'),
(1626, 1, 1, 20, 168, NULL, '2022-05-19 10:06:29', '2022-05-19 10:06:29'),
(1627, 1, 1, 50, 384, NULL, '2022-05-19 10:09:28', '2022-05-19 10:09:28'),
(1628, 1, 1, 5, 202, NULL, '2022-05-19 10:10:48', '2022-05-19 10:10:48'),
(1629, 1, 1, 40, 707, NULL, '2022-05-19 10:11:12', '2022-05-19 10:11:12'),
(1630, 1, 1, 5, 361, NULL, '2022-05-19 10:11:26', '2022-05-19 10:11:26'),
(1631, 1, 1, 10, 126, NULL, '2022-05-19 10:11:42', '2022-05-19 10:11:42'),
(1632, 1, 1, 5, 361, NULL, '2022-05-19 10:15:22', '2022-05-19 10:15:22'),
(1633, 1, 1, 5, 37, NULL, '2022-05-19 10:15:38', '2022-05-19 10:15:38'),
(1634, 1, 1, 8, 374, NULL, '2022-05-19 10:15:49', '2022-05-19 10:15:49'),
(1635, 1, 1, 15, 680, NULL, '2022-05-19 10:16:01', '2022-05-19 10:16:01'),
(1636, 1, 1, 7, 374, NULL, '2022-05-19 10:16:11', '2022-05-19 10:16:11'),
(1637, 1, 1, 20, 459, NULL, '2022-05-19 10:16:21', '2022-05-19 10:16:21'),
(1638, 1, 1, 10, 575, NULL, '2022-05-19 10:16:33', '2022-05-19 10:16:33'),
(1639, 1, 1, 13, 416, NULL, '2022-05-19 10:16:46', '2022-05-19 10:16:46'),
(1640, 1, 1, 75, 8, NULL, '2022-05-19 10:16:59', '2022-05-19 10:16:59'),
(1641, 1, 1, 50, 384, NULL, '2022-05-19 10:17:37', '2022-05-19 10:17:37'),
(1642, 1, 1, 5, 361, NULL, '2022-05-19 10:17:50', '2022-05-19 10:17:50'),
(1643, 1, 11, 25, 411, NULL, '2022-05-19 10:19:12', '2022-05-19 10:19:12'),
(1644, 1, 11, 15, 419, NULL, '2022-05-19 10:19:51', '2022-05-19 10:19:51'),
(1645, 1, 11, 10, 249, NULL, '2022-05-19 10:20:04', '2022-05-19 10:20:04'),
(1646, 1, 11, 13, 419, NULL, '2022-05-19 10:22:26', '2022-05-19 10:22:26'),
(1647, 1, 11, 10, 257, NULL, '2022-05-19 10:25:12', '2022-05-19 10:25:12'),
(1648, 1, 11, 75, 421, NULL, '2022-05-19 10:25:39', '2022-05-19 10:25:39'),
(1649, 1, 11, 10, 512, NULL, '2022-05-19 10:26:11', '2022-05-19 10:26:11'),
(1650, 1, 11, 29, 421, NULL, '2022-05-19 10:26:22', '2022-05-19 10:26:22'),
(1651, 1, 11, 15, 419, NULL, '2022-05-19 10:26:33', '2022-05-19 10:26:33'),
(1652, 1, 11, 10, 339, NULL, '2022-05-19 10:26:45', '2022-05-19 10:26:45'),
(1653, 1, 11, 15, 419, NULL, '2022-05-19 10:26:59', '2022-05-19 10:26:59'),
(1654, 1, 11, 10, 339, NULL, '2022-05-19 10:27:12', '2022-05-19 10:27:12'),
(1655, 1, 11, 50, 415, NULL, '2022-05-19 10:27:57', '2022-05-19 10:27:57'),
(1656, 1, 11, 50, 415, NULL, '2022-05-19 10:28:22', '2022-05-19 10:28:22'),
(1657, 1, 11, 10, 419, NULL, '2022-05-19 10:28:33', '2022-05-19 10:28:33'),
(1658, 1, 11, 60, 415, NULL, '2022-05-19 10:29:10', '2022-05-19 10:29:10'),
(1659, 1, 11, 45, 415, NULL, '2022-05-19 10:29:18', '2022-05-19 10:29:18'),
(1660, 1, 11, 6, 522, NULL, '2022-05-19 10:30:21', '2022-05-19 10:30:21'),
(1661, 1, 11, 15, 522, NULL, '2022-05-19 10:30:38', '2022-05-19 10:30:38'),
(1662, 1, 11, 20, 545, NULL, '2022-05-19 10:30:50', '2022-05-19 10:30:50'),
(1663, 1, 11, 30, 249, NULL, '2022-05-19 10:31:01', '2022-05-19 10:31:01'),
(1664, 1, 11, 45, 249, NULL, '2022-05-19 10:32:09', '2022-05-19 10:32:09'),
(1665, 1, 11, 50, 415, NULL, '2022-05-19 10:32:29', '2022-05-19 10:32:29'),
(1666, 1, 11, 40, 391, NULL, '2022-05-19 10:32:40', '2022-05-19 10:32:40'),
(1667, 1, 11, 20, 620, NULL, '2022-05-19 10:32:51', '2022-05-19 10:32:51'),
(1668, 1, 11, 50, 391, NULL, '2022-05-19 10:33:41', '2022-05-19 10:33:41'),
(1669, 1, 11, 10, 249, NULL, '2022-05-19 10:34:05', '2022-05-19 10:34:05'),
(1670, 1, 11, 20, 522, NULL, '2022-05-19 10:34:18', '2022-05-19 10:34:18'),
(1671, 1, 11, 20, 249, NULL, '2022-05-19 10:34:30', '2022-05-19 10:34:30'),
(1672, 1, 11, 20, 522, NULL, '2022-05-19 10:34:41', '2022-05-19 10:34:41'),
(1673, 1, 11, 5, 361, NULL, '2022-05-19 10:34:54', '2022-05-19 10:34:54'),
(1674, 1, 11, 20, 522, NULL, '2022-05-19 10:35:12', '2022-05-19 10:35:12'),
(1675, 1, 11, 5, 361, NULL, '2022-05-19 10:36:03', '2022-05-19 10:36:03'),
(1676, 1, 11, 5, 361, NULL, '2022-05-19 10:36:56', '2022-05-19 10:36:56'),
(1677, 1, 11, 3, 676, NULL, '2022-05-19 10:37:59', '2022-05-19 10:37:59'),
(1678, 1, 11, 20, 361, NULL, '2022-05-19 10:38:21', '2022-05-19 10:38:21'),
(1679, 1, 2, 15, 411, NULL, '2022-05-19 10:40:03', '2022-05-19 10:40:03'),
(1680, 1, 2, 20, 474, NULL, '2022-05-19 10:42:12', '2022-05-19 10:42:12'),
(1681, 1, 2, 43, 605, NULL, '2022-05-19 10:42:25', '2022-05-19 10:42:25'),
(1682, 1, 2, 20, 620, NULL, '2022-05-19 10:42:37', '2022-05-19 10:42:37'),
(1683, 1, 2, 15, 479, NULL, '2022-05-19 10:42:47', '2022-05-19 10:42:47'),
(1684, 1, 2, 5, 333, NULL, '2022-05-19 10:42:58', '2022-05-19 10:42:58'),
(1685, 1, 2, 10, 596, NULL, '2022-05-19 10:43:13', '2022-05-19 10:43:13'),
(1686, 1, 2, 10, 479, NULL, '2022-05-19 10:43:25', '2022-05-19 10:43:25'),
(1687, 1, 2, 5, 226, NULL, '2022-05-19 10:43:36', '2022-05-19 10:43:36'),
(1688, 1, 2, 10, 646, NULL, '2022-05-19 10:43:50', '2022-05-19 10:43:50'),
(1689, 1, 2, 10, 662, NULL, '2022-05-19 10:44:03', '2022-05-19 10:44:03'),
(1690, 1, 2, 25, 649, NULL, '2022-05-19 10:44:41', '2022-05-19 10:44:41'),
(1691, 1, 2, 50, 330, NULL, '2022-05-19 10:44:52', '2022-05-19 10:44:52'),
(1692, 1, 2, 5, 226, NULL, '2022-05-19 10:46:29', '2022-05-19 10:46:29'),
(1693, 1, 2, 5, 292, NULL, '2022-05-19 10:46:53', '2022-05-19 10:46:53'),
(1694, 1, 2, 25, 620, NULL, '2022-05-19 10:47:23', '2022-05-19 10:47:23'),
(1695, 1, 2, 10, 568, NULL, '2022-05-19 10:47:49', '2022-05-19 10:47:49'),
(1696, 1, 2, 26, 654, NULL, '2022-05-19 10:48:20', '2022-05-19 10:48:20'),
(1697, 1, 2, 5, 441, NULL, '2022-05-19 10:49:33', '2022-05-19 10:49:33'),
(1698, 1, 2, 8, 249, NULL, '2022-05-19 10:49:43', '2022-05-19 10:49:43'),
(1699, 1, 2, 10, 479, NULL, '2022-05-19 10:49:52', '2022-05-19 10:49:52'),
(1700, 1, 2, 20, 334, NULL, '2022-05-19 10:50:43', '2022-05-19 10:50:43'),
(1701, 1, 2, 0, 462, NULL, '2022-05-19 10:51:07', '2022-05-19 10:51:07'),
(1702, 1, 2, 50, 462, NULL, '2022-05-19 10:51:10', '2022-05-19 10:51:10'),
(1703, 1, 2, 10, 494, NULL, '2022-05-19 10:51:53', '2022-05-19 10:51:53'),
(1704, 1, 2, 10, 662, NULL, '2022-05-19 10:52:03', '2022-05-19 10:52:03'),
(1705, 1, 2, 10, 620, NULL, '2022-05-19 10:52:26', '2022-05-19 10:52:26'),
(1706, 1, 2, 20, 494, NULL, '2022-05-19 10:53:03', '2022-05-19 10:53:03'),
(1707, 1, 2, 50, 591, NULL, '2022-05-19 10:53:15', '2022-05-19 10:53:15'),
(1708, 1, 2, 20, 168, NULL, '2022-05-19 10:53:31', '2022-05-19 10:53:31'),
(1709, 1, 2, 20, 620, NULL, '2022-05-19 10:53:40', '2022-05-19 10:53:40'),
(1710, 1, 2, 195, 591, NULL, '2022-05-19 10:53:59', '2022-05-19 10:53:59'),
(1711, 1, 2, 20, 168, NULL, '2022-05-19 10:54:24', '2022-05-19 10:54:24'),
(1712, 1, 1, 10, 624, NULL, '2022-05-19 11:04:00', '2022-05-19 11:04:00'),
(1713, 1, 1, 106, 704, NULL, '2022-05-19 11:04:35', '2022-05-19 11:04:35'),
(1714, 1, 1, 5, 704, NULL, '2022-05-19 11:04:40', '2022-05-19 11:04:40'),
(1715, 1, 1, 30, 707, NULL, '2022-05-19 11:05:56', '2022-05-19 11:05:56'),
(1716, 1, 1, 15, 668, NULL, '2022-05-19 11:06:20', '2022-05-19 11:06:20'),
(1717, 1, 1, 20, 567, NULL, '2022-05-19 11:07:24', '2022-05-19 11:07:24'),
(1718, 1, 1, 5, 710, NULL, '2022-05-19 11:07:36', '2022-05-19 11:07:36'),
(1719, 1, 1, 20, 624, NULL, '2022-05-19 11:08:20', '2022-05-19 11:08:20'),
(1720, 1, 1, 29, 390, NULL, '2022-05-19 11:08:42', '2022-05-19 11:08:42'),
(1721, 1, 11, 295, 421, NULL, '2022-05-19 11:09:16', '2022-05-19 11:09:16'),
(1722, 1, 11, 90, 707, NULL, '2022-05-19 11:09:27', '2022-05-19 11:09:27'),
(1723, 1, 11, 10, 480, NULL, '2022-05-19 11:09:38', '2022-05-19 11:09:38'),
(1724, 1, 11, 31, 339, NULL, '2022-05-19 11:09:50', '2022-05-19 11:09:50'),
(1725, 1, 11, 10, 294, NULL, '2022-05-19 11:10:00', '2022-05-19 11:10:00'),
(1726, 1, 11, 5, 51, NULL, '2022-05-19 11:10:10', '2022-05-19 11:10:10'),
(1727, 1, 11, 30, 205, NULL, '2022-05-19 11:10:38', '2022-05-19 11:10:38'),
(1728, 1, 11, 25, 464, NULL, '2022-05-19 11:10:48', '2022-05-19 11:10:48'),
(1729, 1, 11, 10, 498, NULL, '2022-05-19 11:11:02', '2022-05-19 11:11:02'),
(1730, 1, 11, 5, 430, NULL, '2022-05-19 11:11:14', '2022-05-19 11:11:14'),
(1731, 1, 11, 65, 421, NULL, '2022-05-19 11:11:25', '2022-05-19 11:11:25'),
(1732, 1, 11, 66, 271, NULL, '2022-05-19 11:11:45', '2022-05-19 11:11:45'),
(1733, 1, 2, 50, 697, NULL, '2022-05-19 11:11:58', '2022-05-19 11:11:58'),
(1734, 1, 2, 40, 707, NULL, '2022-05-19 11:12:08', '2022-05-19 11:12:08'),
(1735, 1, 2, 48, 470, NULL, '2022-05-19 11:12:22', '2022-05-19 11:12:22'),
(1736, 1, 2, 19, 181, NULL, '2022-05-19 11:12:31', '2022-05-19 11:12:31'),
(1737, 1, 2, 5, 708, NULL, '2022-05-19 11:12:45', '2022-05-19 11:12:45'),
(1738, 1, 2, 10, 705, NULL, '2022-05-19 11:12:55', '2022-05-19 11:12:55'),
(1739, 1, 2, 36, 292, NULL, '2022-05-19 11:13:09', '2022-05-19 11:13:09'),
(1740, 1, 2, 40, 703, NULL, '2022-05-19 11:13:24', '2022-05-19 11:13:24'),
(1741, 1, 2, 5, 708, NULL, '2022-05-19 11:13:49', '2022-05-19 11:13:49'),
(1742, 1, 2, 15, 194, NULL, '2022-05-19 11:13:59', '2022-05-19 11:13:59'),
(1743, 1, 2, 5, 706, NULL, '2022-05-19 11:14:13', '2022-05-19 11:14:13'),
(1744, 1, 2, 230, 678, NULL, '2022-05-19 11:15:19', '2022-05-19 11:15:19'),
(1745, 1, 2, 65, 211, NULL, '2022-05-19 11:15:29', '2022-05-19 11:15:29'),
(1746, 1, 2, 15, 182, NULL, '2022-05-19 11:15:41', '2022-05-19 11:15:41'),
(1747, 1, 2, 9, 585, NULL, '2022-05-19 11:15:57', '2022-05-19 11:15:57'),
(1748, 1, 2, 5, 710, NULL, '2022-05-19 11:16:07', '2022-05-19 11:16:07'),
(1749, 1, 2, 20, 143, NULL, '2022-05-19 11:16:19', '2022-05-19 11:16:19'),
(1750, 1, 2, 40, 707, NULL, '2022-05-19 11:16:29', '2022-05-19 11:16:29'),
(1751, 1, 2, 50, 223, NULL, '2022-05-19 11:16:40', '2022-05-19 11:16:40'),
(1752, 1, 2, 25, 122, NULL, '2022-05-19 11:16:53', '2022-05-19 11:16:53'),
(1753, 1, 3, 11, 306, NULL, '2022-05-19 11:17:09', '2022-05-19 11:17:09'),
(1754, 1, 14, 70, 660, NULL, '2022-05-19 11:17:40', '2022-05-19 11:17:40'),
(1755, 1, 14, 14, 499, NULL, '2022-05-19 11:17:48', '2022-05-19 11:17:48'),
(1756, 1, 14, 14, 637, NULL, '2022-05-19 11:17:56', '2022-05-19 11:17:56'),
(1757, 1, 14, 10, 699, NULL, '2022-05-19 11:18:05', '2022-05-19 11:18:05'),
(1758, 1, 14, 31, 339, NULL, '2022-05-19 11:18:14', '2022-05-19 11:18:14'),
(1759, 1, 14, 5, 51, NULL, '2022-05-19 11:18:22', '2022-05-19 11:18:22'),
(1760, 1, 14, 20, 700, NULL, '2022-05-19 11:18:31', '2022-05-19 11:18:31'),
(1761, 1, 14, 10, 498, NULL, '2022-05-19 11:18:41', '2022-05-19 11:18:41'),
(1762, 1, 14, 40, 196, NULL, '2022-05-19 11:18:49', '2022-05-19 11:18:49'),
(1763, 1, 14, 36, 499, NULL, '2022-05-19 11:19:00', '2022-05-19 11:19:00'),
(1764, 1, 14, 11, 498, NULL, '2022-05-19 11:19:09', '2022-05-19 11:19:09'),
(1765, 1, 1, 1, 59, NULL, '2022-05-19 12:18:57', '2022-05-19 12:18:57'),
(1766, 1, 1, 19, 692, NULL, '2022-05-20 04:23:05', '2022-05-20 04:23:05'),
(1767, 1, 1, 21, 43, NULL, '2022-05-20 04:23:36', '2022-05-20 04:23:36'),
(1768, 1, 1, 11, 375, NULL, '2022-05-20 04:24:12', '2022-05-20 04:24:12'),
(1769, 1, 1, 25, 168, NULL, '2022-05-20 04:25:39', '2022-05-20 04:25:39'),
(1770, 1, 1, 25, 168, NULL, '2022-05-20 04:26:01', '2022-05-20 04:26:01'),
(1771, 1, 1, 10, 448, NULL, '2022-05-20 04:32:12', '2022-05-20 04:32:12'),
(1772, 1, 1, 5, 343, NULL, '2022-05-20 04:33:27', '2022-05-20 04:33:27'),
(1773, 1, 1, 32, 37, NULL, '2022-05-20 04:33:41', '2022-05-20 04:33:41'),
(1774, 1, 1, 20, 545, NULL, '2022-05-20 04:34:05', '2022-05-20 04:34:05'),
(1775, 1, 1, 10, 228, NULL, '2022-05-20 04:34:19', '2022-05-20 04:34:19'),
(1776, 1, 1, 20, 545, NULL, '2022-05-20 04:34:30', '2022-05-20 04:34:30'),
(1777, 1, 1, 15, 629, NULL, '2022-05-20 04:34:41', '2022-05-20 04:34:41'),
(1778, 1, 1, 5, 454, NULL, '2022-05-20 04:34:56', '2022-05-20 04:34:56'),
(1779, 1, 1, 26, 397, NULL, '2022-05-20 04:35:16', '2022-05-20 04:35:16'),
(1780, 1, 1, 10, 454, NULL, '2022-05-20 04:35:41', '2022-05-20 04:35:41'),
(1781, 1, 1, 5, 182, NULL, '2022-05-20 04:35:56', '2022-05-20 04:35:56'),
(1782, 1, 1, 10, 520, NULL, '2022-05-20 04:36:10', '2022-05-20 04:36:10'),
(1783, 1, 1, 25, 115, NULL, '2022-05-20 04:36:32', '2022-05-20 04:36:32'),
(1784, 1, 1, 5, 495, NULL, '2022-05-20 04:36:42', '2022-05-20 04:36:42'),
(1785, 1, 1, 6, 226, NULL, '2022-05-20 04:38:22', '2022-05-20 04:38:22'),
(1786, 1, 1, 10, 228, NULL, '2022-05-20 04:39:51', '2022-05-20 04:39:51'),
(1787, 1, 1, 10, 690, NULL, '2022-05-20 04:40:05', '2022-05-20 04:40:05'),
(1788, 1, 1, 7, 67, NULL, '2022-05-20 04:40:22', '2022-05-20 04:40:22'),
(1789, 1, 1, 10, 499, NULL, '2022-05-20 04:41:14', '2022-05-20 04:41:14'),
(1790, 1, 1, 65, 406, NULL, '2022-05-20 04:41:33', '2022-05-20 04:41:33'),
(1791, 1, 1, 59, 406, NULL, '2022-05-20 04:42:00', '2022-05-20 04:42:00'),
(1792, 1, 1, 30, 8, NULL, '2022-05-20 04:42:21', '2022-05-20 04:42:21'),
(1793, 1, 1, 30, 322, NULL, '2022-05-20 04:43:23', '2022-05-20 04:43:23'),
(1794, 1, 1, 10, 499, NULL, '2022-05-20 04:43:57', '2022-05-20 04:43:57'),
(1795, 1, 1, 10, 710, NULL, '2022-05-20 04:44:25', '2022-05-20 04:44:25'),
(1796, 1, 1, 25, 335, NULL, '2022-05-20 04:44:41', '2022-05-20 04:44:41'),
(1797, 1, 1, 5, 228, NULL, '2022-05-20 04:44:52', '2022-05-20 04:44:52'),
(1798, 1, 1, 30, 8, NULL, '2022-05-20 04:45:04', '2022-05-20 04:45:04'),
(1799, 1, 1, 10, 710, NULL, '2022-05-20 04:45:28', '2022-05-20 04:45:28'),
(1800, 1, 1, 30, 687, NULL, '2022-05-20 04:45:52', '2022-05-20 04:45:52'),
(1801, 1, 2, 5, 568, NULL, '2022-05-20 04:47:30', '2022-05-20 04:47:30'),
(1802, 1, 2, 5, 119, NULL, '2022-05-20 04:47:42', '2022-05-20 04:47:42'),
(1803, 1, 2, 22, 107, NULL, '2022-05-20 04:47:54', '2022-05-20 04:47:54'),
(1804, 1, 2, 11, 226, NULL, '2022-05-20 04:48:12', '2022-05-20 04:48:12'),
(1805, 1, 2, 5, 119, NULL, '2022-05-20 04:48:54', '2022-05-20 04:48:54'),
(1806, 1, 2, 15, 620, NULL, '2022-05-20 04:49:04', '2022-05-20 04:49:04'),
(1807, 1, 2, 5, 119, NULL, '2022-05-20 04:49:15', '2022-05-20 04:49:15'),
(1808, 1, 2, 5, 211, NULL, '2022-05-20 04:49:32', '2022-05-20 04:49:32'),
(1809, 1, 2, 11, 486, NULL, '2022-05-20 04:49:47', '2022-05-20 04:49:47'),
(1810, 1, 2, 15, 122, NULL, '2022-05-20 04:50:02', '2022-05-20 04:50:02'),
(1811, 1, 2, 16, 334, NULL, '2022-05-20 04:50:13', '2022-05-20 04:50:13'),
(1812, 1, 2, 11, 486, NULL, '2022-05-20 04:50:30', '2022-05-20 04:50:30'),
(1813, 1, 2, 45, 470, NULL, '2022-05-20 04:50:51', '2022-05-20 04:50:51'),
(1814, 1, 2, 5, 343, NULL, '2022-05-20 04:51:54', '2022-05-20 04:51:54'),
(1815, 1, 2, 50, 485, NULL, '2022-05-20 04:52:29', '2022-05-20 04:52:29'),
(1816, 1, 2, 15, 649, NULL, '2022-05-20 04:52:48', '2022-05-20 04:52:48'),
(1817, 1, 2, 17, 321, NULL, '2022-05-20 04:53:05', '2022-05-20 04:53:05'),
(1818, 1, 2, 20, 427, NULL, '2022-05-20 04:53:57', '2022-05-20 04:53:57'),
(1819, 1, 2, 5, 211, NULL, '2022-05-20 04:54:11', '2022-05-20 04:54:11'),
(1820, 1, 2, 27, 226, NULL, '2022-05-20 04:54:22', '2022-05-20 04:54:22'),
(1821, 1, 2, 10, 462, NULL, '2022-05-20 04:54:38', '2022-05-20 04:54:38'),
(1822, 1, 2, 50, 462, NULL, '2022-05-20 04:54:44', '2022-05-20 04:54:44'),
(1823, 1, 2, 50, 462, NULL, '2022-05-20 04:55:38', '2022-05-20 04:55:38'),
(1824, 1, 2, 5, 697, NULL, '2022-05-20 04:56:34', '2022-05-20 04:56:34'),
(1825, 1, 2, 15, 228, NULL, '2022-05-20 04:57:47', '2022-05-20 04:57:47'),
(1826, 1, 2, 5, 182, NULL, '2022-05-20 04:58:04', '2022-05-20 04:58:04'),
(1827, 1, 2, 10, 477, NULL, '2022-05-20 04:58:24', '2022-05-20 04:58:24'),
(1828, 1, 2, 20, 473, NULL, '2022-05-20 04:58:38', '2022-05-20 04:58:38'),
(1829, 1, 2, 5, 119, NULL, '2022-05-20 04:58:54', '2022-05-20 04:58:54'),
(1830, 1, 2, 30, 322, NULL, '2022-05-20 04:59:42', '2022-05-20 04:59:42'),
(1831, 1, 2, 40, 585, NULL, '2022-05-20 04:59:54', '2022-05-20 04:59:54'),
(1832, 1, 2, 10, 473, NULL, '2022-05-20 05:00:04', '2022-05-20 05:00:04'),
(1833, 1, 2, 20, 685, NULL, '2022-05-20 05:00:17', '2022-05-20 05:00:17'),
(1834, 1, 2, 7, 226, NULL, '2022-05-20 05:00:56', '2022-05-20 05:00:56'),
(1835, 1, 2, 5, 119, NULL, '2022-05-20 05:02:12', '2022-05-20 05:02:12'),
(1836, 1, 2, 40, 577, NULL, '2022-05-20 05:02:26', '2022-05-20 05:02:26'),
(1837, 1, 2, 5, 211, NULL, '2022-05-20 05:02:37', '2022-05-20 05:02:37'),
(1838, 1, 2, 30, 605, NULL, '2022-05-20 05:02:49', '2022-05-20 05:02:49'),
(1839, 1, 2, 20, 367, NULL, '2022-05-20 05:03:03', '2022-05-20 05:03:03'),
(1840, 1, 2, 2, 222, NULL, '2022-05-20 05:03:15', '2022-05-20 05:03:15'),
(1841, 1, 2, 15, 662, NULL, '2022-05-20 05:03:38', '2022-05-20 05:03:38'),
(1842, 1, 2, 10, 479, NULL, '2022-05-20 05:03:52', '2022-05-20 05:03:52'),
(1843, 1, 2, 15, 222, NULL, '2022-05-20 05:04:13', '2022-05-20 05:04:13'),
(1844, 1, 2, 15, 375, NULL, '2022-05-20 05:04:57', '2022-05-20 05:04:57'),
(1845, 1, 2, 25, 605, NULL, '2022-05-20 05:05:09', '2022-05-20 05:05:09'),
(1846, 1, 2, 14, 413, NULL, '2022-05-20 05:05:19', '2022-05-20 05:05:19'),
(1847, 1, 2, 25, 470, NULL, '2022-05-20 05:05:45', '2022-05-20 05:05:45'),
(1848, 1, 2, 10, 228, NULL, '2022-05-20 05:05:56', '2022-05-20 05:05:56'),
(1849, 1, 2, 20, 485, NULL, '2022-05-20 05:06:21', '2022-05-20 05:06:21'),
(1850, 1, 2, 5, 119, NULL, '2022-05-20 05:06:31', '2022-05-20 05:06:31'),
(1851, 1, 2, 10, 367, NULL, '2022-05-20 05:06:48', '2022-05-20 05:06:48'),
(1852, 1, 2, 5, 710, NULL, '2022-05-20 05:07:00', '2022-05-20 05:07:00'),
(1853, 1, 2, 14, 662, NULL, '2022-05-20 05:07:19', '2022-05-20 05:07:19'),
(1854, 1, 2, 5, 228, NULL, '2022-05-20 05:07:48', '2022-05-20 05:07:48'),
(1855, 1, 2, 200, 222, NULL, '2022-05-20 05:08:48', '2022-05-20 05:08:48'),
(1856, 1, 2, 7, 334, NULL, '2022-05-20 05:11:29', '2022-05-20 05:11:29'),
(1857, 1, 2, 20, 703, NULL, '2022-05-20 05:12:18', '2022-05-20 05:12:18'),
(1858, 1, 2, 10, 211, NULL, '2022-05-20 05:12:29', '2022-05-20 05:12:29'),
(1859, 1, 2, 6, 343, NULL, '2022-05-20 05:12:40', '2022-05-20 05:12:40'),
(1860, 1, 2, 20, 257, NULL, '2022-05-20 05:12:53', '2022-05-20 05:12:53'),
(1861, 1, 2, 15, 703, NULL, '2022-05-20 05:13:11', '2022-05-20 05:13:11'),
(1862, 1, 2, 40, 322, NULL, '2022-05-20 05:13:23', '2022-05-20 05:13:23'),
(1863, 1, 11, 40, 271, NULL, '2022-05-20 05:19:18', '2022-05-20 05:19:18'),
(1864, 1, 14, 9, 499, NULL, '2022-05-20 10:26:27', '2022-05-20 10:26:27'),
(1865, 1, 14, 14, 426, NULL, '2022-05-20 10:29:30', '2022-05-20 10:29:30'),
(1866, 1, 14, 5, 568, NULL, '2022-05-20 10:29:53', '2022-05-20 10:29:53'),
(1867, 1, 14, 10, 683, NULL, '2022-05-20 10:30:06', '2022-05-20 10:30:06'),
(1868, 1, 14, 10, 690, NULL, '2022-05-20 10:30:18', '2022-05-20 10:30:18'),
(1869, 1, 14, 10, 552, NULL, '2022-05-20 10:30:41', '2022-05-20 10:30:41'),
(1870, 1, 14, 14, 426, NULL, '2022-05-20 10:31:01', '2022-05-20 10:31:01'),
(1871, 1, 14, 10, 499, NULL, '2022-05-20 10:31:21', '2022-05-20 10:31:21'),
(1872, 1, 14, 10, 51, NULL, '2022-05-20 10:32:19', '2022-05-20 10:32:19'),
(1873, 1, 14, 10, 249, NULL, '2022-05-20 10:32:30', '2022-05-20 10:32:30'),
(1874, 1, 14, 14, 426, NULL, '2022-05-20 10:32:49', '2022-05-20 10:32:49'),
(1875, 1, 14, 5, 69, NULL, '2022-05-20 10:33:01', '2022-05-20 10:33:01'),
(1876, 1, 14, 15, 432, NULL, '2022-05-20 10:33:22', '2022-05-20 10:33:22'),
(1877, 1, 14, 15, 432, NULL, '2022-05-20 10:33:22', '2022-05-20 10:33:22'),
(1878, 1, 14, 5, 617, NULL, '2022-05-20 10:34:08', '2022-05-20 10:34:08'),
(1879, 1, 14, 8, 367, NULL, '2022-05-20 10:34:30', '2022-05-20 10:34:30'),
(1880, 1, 14, 10, 69, NULL, '2022-05-20 10:34:41', '2022-05-20 10:34:41'),
(1881, 1, 14, 30, 632, NULL, '2022-05-20 10:36:29', '2022-05-20 10:36:29'),
(1882, 1, 2, 10, 369, NULL, '2022-05-20 10:38:09', '2022-05-20 10:38:09'),
(1883, 1, 1, 20, 632, NULL, '2022-05-20 10:42:10', '2022-05-20 10:42:10'),
(1884, 1, 2, 9, 512, NULL, '2022-05-20 10:45:17', '2022-05-20 10:45:17'),
(1885, 1, 2, 20, 634, NULL, '2022-05-20 10:45:37', '2022-05-20 10:45:37'),
(1886, 1, 2, 20, 334, NULL, '2022-05-20 10:45:52', '2022-05-20 10:45:52'),
(1887, 1, 2, 20, 703, NULL, '2022-05-20 10:46:05', '2022-05-20 10:46:05'),
(1888, 1, 1, 7, 710, NULL, '2022-05-20 10:48:48', '2022-05-20 10:48:48'),
(1889, 1, 1, 6, 343, NULL, '2022-05-20 10:48:58', '2022-05-20 10:48:58'),
(1890, 1, 1, 40, 322, NULL, '2022-05-20 10:49:12', '2022-05-20 10:49:12'),
(1891, 1, 1, 25, 127, NULL, '2022-05-20 10:49:34', '2022-05-20 10:49:34'),
(1892, 1, 1, 30, 8, NULL, '2022-05-20 10:50:01', '2022-05-20 10:50:01'),
(1893, 1, 1, 20, 387, NULL, '2022-05-20 10:50:14', '2022-05-20 10:50:14'),
(1894, 1, 1, 28, 127, NULL, '2022-05-20 10:50:31', '2022-05-20 10:50:31'),
(1895, 1, 1, 10, 520, NULL, '2022-05-20 12:12:18', '2022-05-20 12:12:18'),
(1896, 1, 1, 30, 127, NULL, '2022-05-20 12:12:29', '2022-05-20 12:12:29'),
(1897, 1, 1, 25, 43, NULL, '2022-05-20 12:12:48', '2022-05-20 12:12:48'),
(1898, 1, 1, 10, 67, NULL, '2022-05-20 12:13:08', '2022-05-20 12:13:08'),
(1899, 1, 1, 10, 477, NULL, '2022-05-20 12:13:20', '2022-05-20 12:13:20'),
(1900, 1, 1, 20, 43, NULL, '2022-05-20 12:14:39', '2022-05-20 12:14:39'),
(1901, 1, 1, 20, 680, NULL, '2022-05-20 12:15:26', '2022-05-20 12:15:26'),
(1902, 1, 1, 5, 60, NULL, '2022-05-20 12:15:38', '2022-05-20 12:15:38'),
(1903, 1, 1, 10, 5, NULL, '2022-05-20 12:15:50', '2022-05-20 12:15:50'),
(1904, 1, 1, 10, 487, NULL, '2022-05-20 12:16:08', '2022-05-20 12:16:08'),
(1905, 1, 1, 25, 169, NULL, '2022-05-20 12:16:56', '2022-05-20 12:16:56'),
(1906, 1, 1, 40, 8, NULL, '2022-05-20 12:17:20', '2022-05-20 12:17:20'),
(1907, 1, 1, 10, 416, NULL, '2022-05-20 12:17:30', '2022-05-20 12:17:30'),
(1908, 1, 1, 3, 343, NULL, '2022-05-20 12:18:45', '2022-05-20 12:18:45'),
(1909, 1, 1, 43, 8, NULL, '2022-05-20 12:19:11', '2022-05-20 12:19:11'),
(1910, 1, 1, 20, 459, NULL, '2022-05-20 12:19:29', '2022-05-20 12:19:29'),
(1911, 1, 1, 10, 5, NULL, '2022-05-20 12:19:57', '2022-05-20 12:19:57'),
(1912, 1, 1, 20, 687, NULL, '2022-05-20 12:20:10', '2022-05-20 12:20:10'),
(1913, 1, 1, 5, 459, NULL, '2022-05-20 12:20:21', '2022-05-20 12:20:21'),
(1914, 1, 1, 5, 182, NULL, '2022-05-20 12:20:35', '2022-05-20 12:20:35'),
(1915, 1, 1, 19, 692, NULL, '2022-05-20 12:20:49', '2022-05-20 12:20:49'),
(1916, 1, 1, 5, 379, NULL, '2022-05-20 12:22:22', '2022-05-20 12:22:22'),
(1917, 1, 1, 15, 219, NULL, '2022-05-20 12:22:44', '2022-05-20 12:22:44'),
(1918, 1, 2, 40, 577, NULL, '2022-05-20 12:25:33', '2022-05-20 12:25:33'),
(1919, 1, 2, 10, 512, NULL, '2022-05-20 12:26:04', '2022-05-20 12:26:04'),
(1920, 1, 2, 25, 620, NULL, '2022-05-20 12:26:26', '2022-05-20 12:26:26'),
(1921, 1, 2, 5, 256, NULL, '2022-05-20 12:26:47', '2022-05-20 12:26:47'),
(1922, 1, 2, 5, 690, NULL, '2022-05-20 12:26:58', '2022-05-20 12:26:58'),
(1923, 1, 2, 20, 334, NULL, '2022-05-20 12:27:19', '2022-05-20 12:27:19'),
(1924, 1, 2, 5, 256, NULL, '2022-05-20 12:27:31', '2022-05-20 12:27:31'),
(1925, 1, 2, 10, 369, NULL, '2022-05-20 12:27:43', '2022-05-20 12:27:43'),
(1926, 1, 2, 5, 710, NULL, '2022-05-20 12:27:54', '2022-05-20 12:27:54'),
(1927, 1, 2, 10, 512, NULL, '2022-05-20 12:28:41', '2022-05-20 12:28:41'),
(1928, 1, 2, 23, 169, NULL, '2022-05-20 12:28:51', '2022-05-20 12:28:51'),
(1929, 1, 2, 5, 512, NULL, '2022-05-20 12:29:50', '2022-05-20 12:29:50'),
(1930, 1, 2, 3, 343, NULL, '2022-05-20 12:31:23', '2022-05-20 12:31:23'),
(1931, 1, 2, 50, 295, NULL, '2022-05-20 12:32:18', '2022-05-20 12:32:18'),
(1932, 1, 2, 10, 249, NULL, '2022-05-20 12:32:39', '2022-05-20 12:32:39'),
(1933, 1, 2, 5, 226, NULL, '2022-05-20 12:33:44', '2022-05-20 12:33:44'),
(1934, 1, 2, 7, 380, NULL, '2022-05-20 12:34:33', '2022-05-20 12:34:33'),
(1935, 1, 2, 30, 732, NULL, '2022-05-20 12:35:02', '2022-05-20 12:35:02'),
(1936, 1, 2, 14, 512, NULL, '2022-05-20 12:39:43', '2022-05-20 12:39:43'),
(1937, 1, 2, 50, 577, NULL, '2022-05-20 12:48:00', '2022-05-20 12:48:00'),
(1938, 1, 2, 20, 662, NULL, '2022-05-20 12:48:20', '2022-05-20 12:48:20'),
(1939, 1, 2, 45, 585, NULL, '2022-05-20 12:48:33', '2022-05-20 12:48:33'),
(1940, 1, 11, 15, 419, NULL, '2022-05-20 12:49:46', '2022-05-20 12:49:46'),
(1941, 1, 11, 50, 391, NULL, '2022-05-20 12:49:58', '2022-05-20 12:49:58'),
(1942, 1, 11, 30, 336, NULL, '2022-05-20 12:50:14', '2022-05-20 12:50:14'),
(1943, 1, 11, 15, 419, NULL, '2022-05-20 12:50:31', '2022-05-20 12:50:31'),
(1944, 1, 11, 10, 293, NULL, '2022-05-20 12:50:44', '2022-05-20 12:50:44'),
(1945, 1, 11, 10, 51, NULL, '2022-05-20 12:51:56', '2022-05-20 12:51:56'),
(1946, 1, 11, 40, 391, NULL, '2022-05-20 12:52:07', '2022-05-20 12:52:07'),
(1947, 1, 11, 10, 419, NULL, '2022-05-20 12:52:16', '2022-05-20 12:52:16'),
(1948, 1, 11, 15, 419, NULL, '2022-05-20 12:52:40', '2022-05-20 12:52:40'),
(1949, 1, 11, 14, 419, NULL, '2022-05-20 12:52:54', '2022-05-20 12:52:54'),
(1950, 1, 11, 5, 265, NULL, '2022-05-20 12:53:07', '2022-05-20 12:53:07'),
(1951, 1, 11, 20, 419, NULL, '2022-05-20 12:53:19', '2022-05-20 12:53:19'),
(1952, 1, 11, 5, 676, NULL, '2022-05-20 12:53:31', '2022-05-20 12:53:31'),
(1953, 1, 11, 15, 419, NULL, '2022-05-20 12:53:40', '2022-05-20 12:53:40'),
(1954, 1, 11, 10, 369, NULL, '2022-05-20 12:54:34', '2022-05-20 12:54:34'),
(1955, 1, 11, 10, 222, NULL, '2022-05-20 12:54:44', '2022-05-20 12:54:44'),
(1956, 1, 11, 30, 391, NULL, '2022-05-20 12:54:55', '2022-05-20 12:54:55'),
(1957, 1, 11, 15, 419, NULL, '2022-05-20 12:55:05', '2022-05-20 12:55:05'),
(1958, 1, 11, 20, 257, NULL, '2022-05-20 12:55:16', '2022-05-20 12:55:16'),
(1959, 1, 11, 6, 393, NULL, '2022-05-20 12:56:42', '2022-05-20 12:56:42'),
(1960, 1, 11, 7, 369, NULL, '2022-05-20 12:56:51', '2022-05-20 12:56:51'),
(1961, 1, 11, 15, 419, NULL, '2022-05-20 12:57:03', '2022-05-20 12:57:03'),
(1962, 1, 11, 25, 336, NULL, '2022-05-20 12:57:13', '2022-05-20 12:57:13'),
(1963, 1, 11, 20, 387, NULL, '2022-05-20 12:57:27', '2022-05-20 12:57:27'),
(1964, 1, 11, 45, 415, NULL, '2022-05-20 12:57:40', '2022-05-20 12:57:40'),
(1965, 1, 11, 5, 690, NULL, '2022-05-20 12:57:55', '2022-05-20 12:57:55'),
(1966, 1, 11, 12, 222, NULL, '2022-05-20 12:58:24', '2022-05-20 12:58:24'),
(1967, 1, 11, 40, 249, NULL, '2022-05-20 12:58:35', '2022-05-20 12:58:35'),
(1968, 1, 11, 20, 391, NULL, '2022-05-20 12:58:46', '2022-05-20 12:58:46'),
(1969, 1, 11, 30, 419, NULL, '2022-05-20 12:58:56', '2022-05-20 12:58:56'),
(1970, 1, 11, 109, 257, NULL, '2022-05-20 12:59:19', '2022-05-20 12:59:19'),
(1971, 1, 11, 109, 257, NULL, '2022-05-20 12:59:20', '2022-05-20 12:59:20'),
(1972, 1, 11, 109, 257, NULL, '2022-05-20 12:59:20', '2022-05-20 12:59:20'),
(1973, 1, 11, 109, 257, NULL, '2022-05-20 12:59:20', '2022-05-20 12:59:20'),
(1974, 1, 11, 109, 257, NULL, '2022-05-20 12:59:20', '2022-05-20 12:59:20'),
(1975, 1, 11, 10, 257, NULL, '2022-05-20 13:00:19', '2022-05-20 13:00:19'),
(1976, 1, 11, 40, 271, NULL, '2022-05-20 13:00:31', '2022-05-20 13:00:31'),
(1977, 1, 11, 12, 466, NULL, '2022-05-20 13:02:27', '2022-05-20 13:02:27'),
(1978, 1, 11, 60, 271, NULL, '2022-05-20 13:03:04', '2022-05-20 13:03:04'),
(1979, 1, 11, 30, 336, NULL, '2022-05-20 13:03:14', '2022-05-20 13:03:14'),
(1980, 1, 11, 5, 293, NULL, '2022-05-20 13:03:39', '2022-05-20 13:03:39'),
(1981, 1, 11, 20, 545, NULL, '2022-05-20 13:03:54', '2022-05-20 13:03:54'),
(1982, 1, 11, 18, 373, NULL, '2022-05-20 13:04:17', '2022-05-20 13:04:17'),
(1983, 1, 11, 24, 257, NULL, '2022-05-20 13:04:48', '2022-05-20 13:04:48'),
(1984, 1, 11, 15, 367, NULL, '2022-05-20 13:05:20', '2022-05-20 13:05:20'),
(1985, 1, 11, 5, 395, NULL, '2022-05-20 13:05:31', '2022-05-20 13:05:31'),
(1986, 1, 11, 23, 545, NULL, '2022-05-20 13:06:10', '2022-05-20 13:06:10'),
(1987, 1, 11, 40, 419, NULL, '2022-05-20 13:06:19', '2022-05-20 13:06:19'),
(1988, 1, 11, 30, 419, NULL, '2022-05-20 13:07:43', '2022-05-20 13:07:43'),
(1989, 1, 11, 15, 316, NULL, '2022-05-20 13:07:57', '2022-05-20 13:07:57'),
(1990, 1, 11, 15, 419, NULL, '2022-05-20 13:08:10', '2022-05-20 13:08:10'),
(1991, 1, 11, 5, 676, NULL, '2022-05-20 13:08:27', '2022-05-20 13:08:27'),
(1992, 1, 11, 20, 509, NULL, '2022-05-20 13:08:38', '2022-05-20 13:08:38'),
(1993, 1, 11, 20, 249, NULL, '2022-05-20 13:08:48', '2022-05-20 13:08:48'),
(1994, 1, 11, 10, 419, NULL, '2022-05-20 13:08:59', '2022-05-20 13:08:59'),
(1995, 1, 11, 10, 249, NULL, '2022-05-20 13:09:11', '2022-05-20 13:09:11'),
(1996, 1, 11, 10, 219, NULL, '2022-05-20 13:09:25', '2022-05-20 13:09:25'),
(1997, 1, 1, 10, 37, NULL, '2022-05-20 20:50:52', '2022-05-20 20:50:52'),
(1998, 1, 1, 50, 492, NULL, '2022-05-20 20:51:05', '2022-05-20 20:51:05'),
(1999, 1, 1, 20, 202, NULL, '2022-05-20 20:51:15', '2022-05-20 20:51:15'),
(2000, 1, 1, 5, 459, NULL, '2022-05-20 20:51:26', '2022-05-20 20:51:26'),
(2001, 1, 1, 5, 680, NULL, '2022-05-20 20:51:40', '2022-05-20 20:51:40'),
(2002, 1, 1, 25, 8, NULL, '2022-05-20 20:51:54', '2022-05-20 20:51:54'),
(2003, 1, 1, 10, 37, NULL, '2022-05-20 20:52:16', '2022-05-20 20:52:16'),
(2004, 1, 1, 15, 567, NULL, '2022-05-20 20:52:38', '2022-05-20 20:52:38'),
(2005, 1, 1, 25, 450, NULL, '2022-05-20 20:52:52', '2022-05-20 20:52:52'),
(2006, 1, 1, 9, 459, NULL, '2022-05-20 20:53:04', '2022-05-20 20:53:04'),
(2007, 1, 1, 20, 327, NULL, '2022-05-20 20:53:13', '2022-05-20 20:53:13'),
(2008, 1, 1, 19, 668, NULL, '2022-05-20 20:53:37', '2022-05-20 20:53:37'),
(2009, 1, 1, 12, 8, NULL, '2022-05-20 20:53:57', '2022-05-20 20:53:57'),
(2010, 1, 1, 34, 687, NULL, '2022-05-20 20:54:10', '2022-05-20 20:54:10'),
(2011, 1, 1, 15, 567, NULL, '2022-05-20 20:54:25', '2022-05-20 20:54:25'),
(2012, 1, 1, 10, 375, NULL, '2022-05-20 20:55:08', '2022-05-20 20:55:08'),
(2013, 1, 1, 18, 327, NULL, '2022-05-20 20:55:29', '2022-05-20 20:55:29'),
(2014, 1, 1, 5, 361, NULL, '2022-05-20 20:55:42', '2022-05-20 20:55:42'),
(2015, 1, 1, 4, 182, NULL, '2022-05-20 20:56:12', '2022-05-20 20:56:12'),
(2016, 1, 1, 5, 69, NULL, '2022-05-20 20:56:31', '2022-05-20 20:56:31'),
(2017, 1, 1, 35, 220, NULL, '2022-05-20 20:56:44', '2022-05-20 20:56:44'),
(2018, 1, 1, 20, 299, NULL, '2022-05-20 20:58:00', '2022-05-20 20:58:00'),
(2019, 1, 1, 10, 182, NULL, '2022-05-20 20:58:14', '2022-05-20 20:58:14'),
(2020, 1, 1, 5, 215, NULL, '2022-05-20 20:58:32', '2022-05-20 20:58:32'),
(2021, 1, 1, 40, 581, NULL, '2022-05-20 20:58:46', '2022-05-20 20:58:46'),
(2022, 1, 1, 24, 8, NULL, '2022-05-20 20:58:57', '2022-05-20 20:58:57'),
(2023, 1, 1, 10, 219, NULL, '2022-05-20 20:59:28', '2022-05-20 20:59:28'),
(2024, 1, 1, 109, 228, NULL, '2022-05-20 20:59:39', '2022-05-20 20:59:39'),
(2025, 1, 1, 109, 228, NULL, '2022-05-20 20:59:40', '2022-05-20 20:59:40'),
(2026, 1, 1, 109, 228, NULL, '2022-05-20 20:59:40', '2022-05-20 20:59:40'),
(2027, 1, 1, 109, 228, NULL, '2022-05-20 20:59:40', '2022-05-20 20:59:40'),
(2028, 1, 1, 10, 228, NULL, '2022-05-20 21:00:37', '2022-05-20 21:00:37'),
(2029, 1, 1, 10, 327, NULL, '2022-05-20 21:00:53', '2022-05-20 21:00:53'),
(2030, 1, 1, 5, 361, NULL, '2022-05-20 21:01:08', '2022-05-20 21:01:08'),
(2031, 1, 1, 6, 168, NULL, '2022-05-20 21:01:26', '2022-05-20 21:01:26'),
(2032, 1, 1, 25, 710, NULL, '2022-05-20 21:01:41', '2022-05-20 21:01:41'),
(2033, 1, 1, 15, 454, NULL, '2022-05-20 21:02:03', '2022-05-20 21:02:03'),
(2034, 1, 1, 5, 119, NULL, '2022-05-20 21:02:15', '2022-05-20 21:02:15'),
(2035, 1, 1, 10, 545, NULL, '2022-05-20 21:02:30', '2022-05-20 21:02:30'),
(2036, 1, 1, 10, 228, NULL, '2022-05-20 21:02:48', '2022-05-20 21:02:48'),
(2037, 1, 1, 5, 459, NULL, '2022-05-20 21:03:07', '2022-05-20 21:03:07'),
(2038, 1, 1, 20, 454, NULL, '2022-05-20 21:03:18', '2022-05-20 21:03:18'),
(2039, 1, 1, 5, 343, NULL, '2022-05-20 21:03:37', '2022-05-20 21:03:37'),
(2040, 1, 1, 10, 5, NULL, '2022-05-20 21:03:54', '2022-05-20 21:03:54'),
(2041, 1, 1, 5, 495, NULL, '2022-05-20 21:04:14', '2022-05-20 21:04:14'),
(2042, 1, 11, 13, 198, NULL, '2022-05-20 21:05:40', '2022-05-20 21:05:40'),
(2043, 1, 11, 15, 421, NULL, '2022-05-20 21:05:53', '2022-05-20 21:05:53'),
(2044, 1, 11, 10, 421, NULL, '2022-05-20 21:06:15', '2022-05-20 21:06:15'),
(2045, 1, 11, 6, 395, NULL, '2022-05-20 21:06:33', '2022-05-20 21:06:33'),
(2046, 1, 11, 5, 285, NULL, '2022-05-20 21:07:25', '2022-05-20 21:07:25'),
(2047, 1, 11, 5, 676, NULL, '2022-05-20 21:07:44', '2022-05-20 21:07:44'),
(2048, 1, 11, 1209, 336, NULL, '2022-05-20 21:08:02', '2022-05-20 21:08:02'),
(2049, 1, 11, 120, 336, NULL, '2022-05-20 21:08:28', '2022-05-20 21:08:28'),
(2050, 1, 11, 10, 419, NULL, '2022-05-20 21:08:44', '2022-05-20 21:08:44'),
(2051, 1, 11, 10, 361, NULL, '2022-05-20 21:08:56', '2022-05-20 21:08:56'),
(2052, 1, 11, 15, 336, NULL, '2022-05-20 21:09:06', '2022-05-20 21:09:06'),
(2053, 1, 11, 19, 509, NULL, '2022-05-20 21:09:15', '2022-05-20 21:09:15'),
(2054, 1, 11, 5, 219, NULL, '2022-05-20 21:09:26', '2022-05-20 21:09:26'),
(2055, 1, 11, 25, 336, NULL, '2022-05-20 21:09:44', '2022-05-20 21:09:44'),
(2056, 1, 11, 10, 387, NULL, '2022-05-20 21:09:55', '2022-05-20 21:09:55'),
(2057, 1, 11, 30, 257, NULL, '2022-05-20 21:10:14', '2022-05-20 21:10:14'),
(2058, 1, 2, 20, 620, NULL, '2022-05-20 21:13:43', '2022-05-20 21:13:43'),
(2059, 1, 2, 30, 605, NULL, '2022-05-20 21:14:07', '2022-05-20 21:14:07'),
(2060, 1, 2, 10, 662, NULL, '2022-05-20 21:14:31', '2022-05-20 21:14:31'),
(2061, 1, 2, 5, 607, NULL, '2022-05-20 21:14:41', '2022-05-20 21:14:41'),
(2062, 1, 2, 20, 620, NULL, '2022-05-20 21:14:56', '2022-05-20 21:14:56'),
(2063, 1, 2, 25, 703, NULL, '2022-05-20 21:15:06', '2022-05-20 21:15:06'),
(2064, 1, 2, 10, 620, NULL, '2022-05-20 21:15:18', '2022-05-20 21:15:18'),
(2065, 1, 2, 50, 356, NULL, '2022-05-20 21:15:32', '2022-05-20 21:15:32');
INSERT INTO `cash_app_forms` (`id`, `cash_app_id`, `account_id`, `amount`, `form_id`, `deleted_at`, `created_at`, `updated_at`) VALUES
(2066, 1, 2, 20, 334, NULL, '2022-05-20 21:15:53', '2022-05-20 21:15:53'),
(2067, 1, 2, 25, 665, NULL, '2022-05-20 21:16:08', '2022-05-20 21:16:08'),
(2068, 1, 2, 25, 732, NULL, '2022-05-20 21:16:24', '2022-05-20 21:16:24'),
(2069, 1, 2, 50, 356, NULL, '2022-05-20 21:16:40', '2022-05-20 21:16:40'),
(2070, 1, 2, 40, 665, NULL, '2022-05-20 21:17:02', '2022-05-20 21:17:02'),
(2071, 1, 2, 20, 442, NULL, '2022-05-20 21:17:18', '2022-05-20 21:17:18'),
(2072, 1, 2, 15, 479, NULL, '2022-05-20 21:17:28', '2022-05-20 21:17:28'),
(2073, 1, 2, 5, 494, NULL, '2022-05-20 21:17:41', '2022-05-20 21:17:41'),
(2074, 1, 2, 5, 646, NULL, '2022-05-20 21:18:04', '2022-05-20 21:18:04'),
(2075, 1, 2, 10, 194, NULL, '2022-05-20 21:18:16', '2022-05-20 21:18:16'),
(2076, 1, 2, 27, 355, NULL, '2022-05-20 21:18:36', '2022-05-20 21:18:36'),
(2077, 1, 2, 35, 107, NULL, '2022-05-20 21:18:58', '2022-05-20 21:18:58'),
(2078, 1, 2, 40, 649, NULL, '2022-05-20 21:19:18', '2022-05-20 21:19:18'),
(2079, 1, 2, 10, 705, NULL, '2022-05-20 21:19:37', '2022-05-20 21:19:37'),
(2080, 1, 2, 26, 354, NULL, '2022-05-20 21:19:52', '2022-05-20 21:19:52'),
(2081, 1, 2, 20, 654, NULL, '2022-05-20 21:20:05', '2022-05-20 21:20:05'),
(2082, 1, 2, 15, 228, NULL, '2022-05-20 21:20:17', '2022-05-20 21:20:17'),
(2083, 1, 2, 26, 662, NULL, '2022-05-20 21:20:31', '2022-05-20 21:20:31'),
(2084, 1, 2, 20, 654, NULL, '2022-05-20 21:20:45', '2022-05-20 21:20:45'),
(2085, 1, 2, 15, 228, NULL, '2022-05-20 21:21:40', '2022-05-20 21:21:40'),
(2086, 1, 2, 15, 389, NULL, '2022-05-20 21:22:11', '2022-05-20 21:22:11'),
(2087, 1, 2, 11, 486, NULL, '2022-05-20 21:22:37', '2022-05-20 21:22:37'),
(2088, 1, 2, 6, 607, NULL, '2022-05-20 21:22:47', '2022-05-20 21:22:47'),
(2089, 1, 2, 10, 486, NULL, '2022-05-20 21:23:12', '2022-05-20 21:23:12'),
(2090, 1, 2, 10, 619, NULL, '2022-05-20 21:23:27', '2022-05-20 21:23:27'),
(2091, 1, 2, 10, 662, NULL, '2022-05-20 21:23:48', '2022-05-20 21:23:48'),
(2092, 1, 2, 100, 486, NULL, '2022-05-20 21:24:01', '2022-05-20 21:24:01'),
(2093, 1, 2, 25, 485, NULL, '2022-05-20 21:24:18', '2022-05-20 21:24:18'),
(2094, 1, 2, 20, 649, NULL, '2022-05-20 21:25:40', '2022-05-20 21:25:40'),
(2095, 1, 2, 20, 665, NULL, '2022-05-20 21:25:51', '2022-05-20 21:25:51'),
(2096, 1, 2, 15, 678, NULL, '2022-05-20 21:26:03', '2022-05-20 21:26:03'),
(2097, 1, 2, 20, 470, NULL, '2022-05-20 21:26:18', '2022-05-20 21:26:18'),
(2098, 1, 14, 9, 426, NULL, '2022-05-20 21:28:12', '2022-05-20 21:28:12'),
(2099, 1, 14, 10, 690, NULL, '2022-05-20 21:28:27', '2022-05-20 21:28:27'),
(2100, 1, 14, 5, 617, NULL, '2022-05-20 21:28:43', '2022-05-20 21:28:43'),
(2101, 1, 14, 10, 660, NULL, '2022-05-20 21:28:58', '2022-05-20 21:28:58'),
(2102, 1, 14, 5, 699, NULL, '2022-05-20 21:29:11', '2022-05-20 21:29:11'),
(2103, 1, 14, 25, 637, NULL, '2022-05-20 21:29:57', '2022-05-20 21:29:57'),
(2104, 1, 14, 9, 317, NULL, '2022-05-20 21:30:08', '2022-05-20 21:30:08'),
(2105, 1, 14, 10, 499, NULL, '2022-05-20 21:30:22', '2022-05-20 21:30:22'),
(2106, 1, 14, 10, 660, NULL, '2022-05-20 21:30:33', '2022-05-20 21:30:33'),
(2107, 1, 14, 10, 699, NULL, '2022-05-20 21:30:46', '2022-05-20 21:30:46'),
(2108, 1, 14, 10, 660, NULL, '2022-05-20 21:30:57', '2022-05-20 21:30:57'),
(2109, 1, 14, 10, 660, NULL, '2022-05-20 21:31:06', '2022-05-20 21:31:06'),
(2110, 1, 14, 40, 547, NULL, '2022-05-20 21:31:16', '2022-05-20 21:31:16'),
(2111, 1, 14, 9, 60, NULL, '2022-05-20 21:31:28', '2022-05-20 21:31:28'),
(2112, 1, 14, 25, 637, NULL, '2022-05-20 21:31:48', '2022-05-20 21:31:48'),
(2113, 1, 14, 10, 660, NULL, '2022-05-20 21:32:02', '2022-05-20 21:32:02'),
(2114, 1, 14, 50, 637, NULL, '2022-05-20 21:32:35', '2022-05-20 21:32:35'),
(2115, 1, 14, 10, 660, NULL, '2022-05-20 21:32:49', '2022-05-20 21:32:49'),
(2116, 1, 14, 10, 69, NULL, '2022-05-20 21:33:08', '2022-05-20 21:33:08'),
(2117, 1, 14, 10, 632, NULL, '2022-05-20 21:33:20', '2022-05-20 21:33:20'),
(2118, 1, 14, 10, 547, NULL, '2022-05-20 21:33:29', '2022-05-20 21:33:29'),
(2119, 1, 14, 10, 699, NULL, '2022-05-20 21:33:46', '2022-05-20 21:33:46'),
(2120, 1, 1, 40, 589, NULL, '2022-05-20 21:37:11', '2022-05-20 21:37:11'),
(2121, 1, 1, 7, 587, NULL, '2022-05-20 21:37:24', '2022-05-20 21:37:24'),
(2122, 1, 1, 7, 692, NULL, '2022-05-20 21:37:38', '2022-05-20 21:37:38'),
(2123, 1, 1, 10, 588, NULL, '2022-05-20 21:37:52', '2022-05-20 21:37:52'),
(2124, 1, 1, 10, 67, NULL, '2022-05-20 21:38:19', '2022-05-20 21:38:19'),
(2125, 1, 1, 25, 424, NULL, '2022-05-20 21:38:30', '2022-05-20 21:38:30'),
(2126, 1, 1, 5, 574, NULL, '2022-05-20 21:38:40', '2022-05-20 21:38:40'),
(2127, 1, 1, 35, 269, NULL, '2022-05-20 21:38:52', '2022-05-20 21:38:52'),
(2128, 1, 1, 20, 384, NULL, '2022-05-20 21:39:23', '2022-05-20 21:39:23'),
(2129, 1, 1, 11, 567, NULL, '2022-05-20 21:39:43', '2022-05-20 21:39:43'),
(2130, 1, 1, 24, 115, NULL, '2022-05-20 21:40:11', '2022-05-20 21:40:11'),
(2131, 1, 1, 40, 520, NULL, '2022-05-20 21:40:25', '2022-05-20 21:40:25'),
(2132, 1, 1, 14, 588, NULL, '2022-05-20 21:40:50', '2022-05-20 21:40:50'),
(2133, 1, 1, 15, 581, NULL, '2022-05-20 21:41:02', '2022-05-20 21:41:02'),
(2134, 1, 1, 10, 528, NULL, '2022-05-20 21:41:16', '2022-05-20 21:41:16'),
(2135, 1, 1, 19, 520, NULL, '2022-05-20 21:41:27', '2022-05-20 21:41:27'),
(2136, 1, 1, 10, 498, NULL, '2022-05-20 21:41:42', '2022-05-20 21:41:42'),
(2137, 1, 1, 10, 588, NULL, '2022-05-20 21:41:57', '2022-05-20 21:41:57'),
(2138, 1, 1, 10, 454, NULL, '2022-05-20 21:43:04', '2022-05-20 21:43:04'),
(2139, 1, 1, 15, 424, NULL, '2022-05-20 21:43:16', '2022-05-20 21:43:16'),
(2140, 1, 1, 10, 219, NULL, '2022-05-20 21:43:28', '2022-05-20 21:43:28'),
(2141, 1, 1, 20, 454, NULL, '2022-05-20 21:44:02', '2022-05-20 21:44:02'),
(2142, 1, 1, 10, 588, NULL, '2022-05-20 21:44:23', '2022-05-20 21:44:23'),
(2143, 1, 1, 7, 226, NULL, '2022-05-20 21:44:34', '2022-05-20 21:44:34'),
(2144, 1, 1, 9, 515, NULL, '2022-05-20 21:44:54', '2022-05-20 21:44:54'),
(2145, 1, 1, 10, 459, NULL, '2022-05-20 21:45:32', '2022-05-20 21:45:32'),
(2146, 1, 1, 10, 327, NULL, '2022-05-20 21:45:44', '2022-05-20 21:45:44'),
(2147, 1, 1, 30, 597, NULL, '2022-05-20 21:46:13', '2022-05-20 21:46:13'),
(2148, 1, 1, 10, 454, NULL, '2022-05-20 21:46:44', '2022-05-20 21:46:44'),
(2149, 1, 1, 8, 325, NULL, '2022-05-20 21:46:54', '2022-05-20 21:46:54'),
(2150, 1, 1, 10, 454, NULL, '2022-05-20 21:47:08', '2022-05-20 21:47:08'),
(2151, 1, 1, 50, 707, NULL, '2022-05-20 21:47:29', '2022-05-20 21:47:29'),
(2152, 1, 1, 10, 454, NULL, '2022-05-20 21:47:56', '2022-05-20 21:47:56'),
(2153, 1, 1, 15, 219, NULL, '2022-05-20 21:48:26', '2022-05-20 21:48:26'),
(2154, 1, 1, 15, 459, NULL, '2022-05-20 21:48:38', '2022-05-20 21:48:38'),
(2155, 1, 1, 10, 454, NULL, '2022-05-20 21:48:53', '2022-05-20 21:48:53'),
(2156, 1, 1, 10, 335, NULL, '2022-05-20 21:49:05', '2022-05-20 21:49:05'),
(2157, 1, 1, 5, 495, NULL, '2022-05-20 21:50:32', '2022-05-20 21:50:32'),
(2158, 1, 1, 10, 375, NULL, '2022-05-20 21:51:02', '2022-05-20 21:51:02'),
(2159, 1, 1, 10, 279, NULL, '2022-05-20 21:51:58', '2022-05-20 21:51:58'),
(2160, 1, 2, 10, 654, NULL, '2022-05-20 21:55:58', '2022-05-20 21:55:58'),
(2161, 1, 2, 20, 732, NULL, '2022-05-20 21:56:13', '2022-05-20 21:56:13'),
(2162, 1, 2, 22, 168, NULL, '2022-05-20 21:56:26', '2022-05-20 21:56:26'),
(2163, 1, 2, 19, 665, NULL, '2022-05-20 21:56:45', '2022-05-20 21:56:45'),
(2164, 1, 2, 10, 662, NULL, '2022-05-20 21:57:03', '2022-05-20 21:57:03'),
(2165, 1, 2, 11, 665, NULL, '2022-05-20 21:57:17', '2022-05-20 21:57:17'),
(2166, 1, 2, 10, 665, NULL, '2022-05-20 21:57:44', '2022-05-20 21:57:44'),
(2167, 1, 2, 28, 720, NULL, '2022-05-20 21:57:59', '2022-05-20 21:57:59'),
(2168, 1, 2, 5, 129, NULL, '2022-05-20 21:58:14', '2022-05-20 21:58:14'),
(2169, 1, 2, 5, 673, NULL, '2022-05-20 21:59:02', '2022-05-20 21:59:02'),
(2170, 1, 2, 12, 226, NULL, '2022-05-20 21:59:36', '2022-05-20 21:59:36'),
(2171, 1, 2, 5, 119, NULL, '2022-05-20 21:59:46', '2022-05-20 21:59:46'),
(2172, 1, 2, 15, 363, NULL, '2022-05-20 21:59:56', '2022-05-20 21:59:56'),
(2173, 1, 2, 10, 662, NULL, '2022-05-20 22:00:34', '2022-05-20 22:00:34'),
(2174, 1, 2, 6, 129, NULL, '2022-05-20 22:00:46', '2022-05-20 22:00:46'),
(2175, 1, 2, 1, 129, NULL, '2022-05-20 22:00:47', '2022-05-20 22:00:47'),
(2176, 1, 2, 7, 119, NULL, '2022-05-20 22:01:00', '2022-05-20 22:01:00'),
(2177, 1, 2, 18, 620, NULL, '2022-05-20 22:02:22', '2022-05-20 22:02:22'),
(2178, 1, 2, 7, 226, NULL, '2022-05-20 22:04:39', '2022-05-20 22:04:39'),
(2179, 1, 2, 5, 194, NULL, '2022-05-20 22:04:50', '2022-05-20 22:04:50'),
(2180, 1, 2, 20, 620, NULL, '2022-05-20 22:06:11', '2022-05-20 22:06:11'),
(2181, 1, 2, 9, 445, NULL, '2022-05-20 22:06:24', '2022-05-20 22:06:24'),
(2182, 1, 2, 5, 423, NULL, '2022-05-20 22:06:45', '2022-05-20 22:06:45'),
(2183, 1, 2, 10, 662, NULL, '2022-05-20 22:07:32', '2022-05-20 22:07:32'),
(2184, 1, 2, 15, 442, NULL, '2022-05-20 22:07:48', '2022-05-20 22:07:48'),
(2185, 1, 2, 30, 321, NULL, '2022-05-20 22:08:03', '2022-05-20 22:08:03'),
(2186, 1, 2, 5, 211, NULL, '2022-05-20 22:08:34', '2022-05-20 22:08:34'),
(2187, 1, 2, 20, 654, NULL, '2022-05-20 22:08:56', '2022-05-20 22:08:56'),
(2188, 1, 2, 5, 226, NULL, '2022-05-20 22:09:34', '2022-05-20 22:09:34'),
(2189, 1, 2, 50, 601, NULL, '2022-05-20 22:11:54', '2022-05-20 22:11:54'),
(2190, 1, 2, 50, 707, NULL, '2022-05-20 22:12:16', '2022-05-20 22:12:16'),
(2191, 1, 2, 5, 363, NULL, '2022-05-20 22:12:28', '2022-05-20 22:12:28'),
(2192, 1, 2, 11, 257, NULL, '2022-05-20 22:12:41', '2022-05-20 22:12:41'),
(2193, 1, 2, 10, 211, NULL, '2022-05-20 22:13:06', '2022-05-20 22:13:06'),
(2194, 1, 2, 5, 211, NULL, '2022-05-20 22:13:15', '2022-05-20 22:13:15'),
(2195, 1, 2, 5, 119, NULL, '2022-05-20 22:13:26', '2022-05-20 22:13:26'),
(2196, 1, 2, 9, 211, NULL, '2022-05-20 22:13:38', '2022-05-20 22:13:38'),
(2197, 1, 2, 7, 119, NULL, '2022-05-20 22:13:51', '2022-05-20 22:13:51'),
(2198, 1, 2, 15, 732, NULL, '2022-05-20 22:14:11', '2022-05-20 22:14:11'),
(2199, 1, 2, 20, 678, NULL, '2022-05-20 22:14:26', '2022-05-20 22:14:26'),
(2200, 1, 2, 5, 119, NULL, '2022-05-20 22:15:06', '2022-05-20 22:15:06'),
(2201, 1, 2, 10, 211, NULL, '2022-05-20 22:15:35', '2022-05-20 22:15:35'),
(2202, 1, 2, 20, 620, NULL, '2022-05-20 22:15:48', '2022-05-20 22:15:48'),
(2203, 1, 2, 20, 479, NULL, '2022-05-20 22:16:22', '2022-05-20 22:16:22'),
(2204, 1, 2, 40, 601, NULL, '2022-05-20 22:16:37', '2022-05-20 22:16:37'),
(2205, 1, 2, 20, 321, NULL, '2022-05-20 22:16:55', '2022-05-20 22:16:55'),
(2206, 1, 2, 41, 470, NULL, '2022-05-20 22:17:16', '2022-05-20 22:17:16'),
(2207, 1, 2, 2, 470, NULL, '2022-05-20 22:17:36', '2022-05-20 22:17:36'),
(2208, 1, 2, 22, 473, NULL, '2022-05-20 22:17:51', '2022-05-20 22:17:51'),
(2209, 1, 2, 40, 485, NULL, '2022-05-20 22:18:03', '2022-05-20 22:18:03'),
(2210, 1, 2, 20, 580, NULL, '2022-05-20 22:18:17', '2022-05-20 22:18:17'),
(2211, 1, 2, 20, 363, NULL, '2022-05-20 22:18:30', '2022-05-20 22:18:30'),
(2212, 1, 2, 5, 701, NULL, '2022-05-20 22:19:28', '2022-05-20 22:19:28'),
(2213, 1, 2, 20, 736, NULL, '2022-05-20 23:26:58', '2022-05-20 23:26:58'),
(2214, 1, 2, 20, 479, NULL, '2022-05-20 23:27:15', '2022-05-20 23:27:15'),
(2215, 1, 2, 20, 580, NULL, '2022-05-20 23:28:00', '2022-05-20 23:28:00'),
(2216, 1, 2, 30, 665, NULL, '2022-05-20 23:28:19', '2022-05-20 23:28:19'),
(2217, 1, 2, 50, 601, NULL, '2022-05-20 23:28:31', '2022-05-20 23:28:31'),
(2218, 1, 2, 20, 512, NULL, '2022-05-20 23:29:05', '2022-05-20 23:29:05'),
(2219, 1, 2, 10, 701, NULL, '2022-05-20 23:29:48', '2022-05-20 23:29:48'),
(2220, 1, 2, 10, 582, NULL, '2022-05-20 23:30:25', '2022-05-20 23:30:25'),
(2221, 1, 2, 20, 473, NULL, '2022-05-20 23:30:38', '2022-05-20 23:30:38'),
(2222, 1, 2, 10, 582, NULL, '2022-05-20 23:30:49', '2022-05-20 23:30:49'),
(2223, 1, 2, 18, 193, NULL, '2022-05-20 23:31:28', '2022-05-20 23:31:28'),
(2224, 1, 1, 5, 327, NULL, '2022-05-20 23:32:59', '2022-05-20 23:32:59'),
(2225, 1, 1, 10, 37, NULL, '2022-05-20 23:33:11', '2022-05-20 23:33:11'),
(2226, 1, 1, 100, 346, NULL, '2022-05-20 23:34:33', '2022-05-20 23:34:33'),
(2227, 1, 1, 5, 737, NULL, '2022-05-20 23:35:17', '2022-05-20 23:35:17'),
(2228, 1, 1, 5, 737, NULL, '2022-05-20 23:37:22', '2022-05-20 23:37:22'),
(2229, 1, 1, 20, 202, NULL, '2022-05-20 23:37:39', '2022-05-20 23:37:39'),
(2230, 1, 1, 9, 182, NULL, '2022-05-20 23:37:58', '2022-05-20 23:37:58'),
(2231, 1, 1, 10, 262, NULL, '2022-05-20 23:38:12', '2022-05-20 23:38:12'),
(2232, 1, 1, 50, 220, NULL, '2022-05-20 23:38:26', '2022-05-20 23:38:26'),
(2233, 1, 1, 10, 374, NULL, '2022-05-20 23:38:43', '2022-05-20 23:38:43'),
(2234, 1, 1, 20, 520, NULL, '2022-05-20 23:38:59', '2022-05-20 23:38:59'),
(2235, 1, 1, 800, 729, NULL, '2022-05-26 12:10:19', '2022-05-26 12:10:19'),
(2236, 1, 1, 800, 664, NULL, '2022-05-26 12:10:24', '2022-05-26 12:10:24'),
(2237, 1, 1, 599, 664, NULL, '2022-05-26 12:11:30', '2022-05-26 12:11:30'),
(2238, 1, 1, 600, 729, NULL, '2022-05-26 12:11:41', '2022-05-26 12:11:41'),
(2239, 1, 1, 50, 495, NULL, '2022-05-27 13:08:33', '2022-05-27 13:08:33'),
(2240, 1, 1, 10, 346, NULL, '2022-05-27 13:08:57', '2022-05-27 13:08:57'),
(2241, 1, 1, 15, 567, NULL, '2022-05-27 13:09:11', '2022-05-27 13:09:11'),
(2242, 1, 1, 10, 228, NULL, '2022-05-27 13:09:25', '2022-05-27 13:09:25'),
(2243, 1, 1, 9, 454, NULL, '2022-05-27 13:09:54', '2022-05-27 13:09:54'),
(2244, 1, 1, 30, 545, NULL, '2022-05-27 13:10:06', '2022-05-27 13:10:06'),
(2245, 1, 1, 20, 520, NULL, '2022-05-27 13:10:19', '2022-05-27 13:10:19'),
(2246, 1, 1, 10, 126, NULL, '2022-05-27 13:10:34', '2022-05-27 13:10:34'),
(2247, 1, 1, 26, 593, NULL, '2022-05-27 13:10:50', '2022-05-27 13:10:50'),
(2248, 1, 1, 70, 589, NULL, '2022-05-27 13:11:05', '2022-05-27 13:11:05'),
(2249, 1, 1, 30, 406, NULL, '2022-05-27 13:11:18', '2022-05-27 13:11:18'),
(2250, 1, 1, 50, 358, NULL, '2022-05-27 13:11:33', '2022-05-27 13:11:33'),
(2251, 1, 1, 5, 198, NULL, '2022-05-27 13:11:49', '2022-05-27 13:11:49'),
(2252, 1, 1, 11, 588, NULL, '2022-05-27 13:12:04', '2022-05-27 13:12:04'),
(2253, 1, 1, 10, 182, NULL, '2022-05-27 13:12:29', '2022-05-27 13:12:29'),
(2254, 1, 1, 50, 8, NULL, '2022-05-27 13:12:42', '2022-05-27 13:12:42'),
(2255, 1, 1, 10, 618, NULL, '2022-05-27 13:12:58', '2022-05-27 13:12:58'),
(2256, 1, 1, 20, 397, NULL, '2022-05-27 13:13:13', '2022-05-27 13:13:13'),
(2257, 1, 1, 20, 219, NULL, '2022-05-27 13:13:36', '2022-05-27 13:13:36'),
(2258, 1, 1, 50, 589, NULL, '2022-05-27 13:13:50', '2022-05-27 13:13:50'),
(2259, 1, 1, 8, 234, NULL, '2022-05-27 13:14:03', '2022-05-27 13:14:03'),
(2260, 1, 1, 5, 735, NULL, '2022-05-27 13:14:18', '2022-05-27 13:14:18'),
(2261, 1, 1, 6, 265, NULL, '2022-05-27 13:14:37', '2022-05-27 13:14:37'),
(2262, 1, 1, 10, 102, NULL, '2022-05-27 13:14:52', '2022-05-27 13:14:52'),
(2263, 1, 1, 20, 710, NULL, '2022-05-27 13:15:07', '2022-05-27 13:15:07'),
(2264, 1, 1, 40, 575, NULL, '2022-05-27 13:15:20', '2022-05-27 13:15:20'),
(2265, 1, 1, 9, 692, NULL, '2022-05-27 13:15:41', '2022-05-27 13:15:41'),
(2266, 1, 1, 22, 545, NULL, '2022-05-27 13:15:57', '2022-05-27 13:15:57'),
(2267, 1, 1, 5, 361, NULL, '2022-05-27 13:16:11', '2022-05-27 13:16:11'),
(2268, 1, 1, 34, 406, NULL, '2022-05-27 13:17:04', '2022-05-27 13:17:04'),
(2269, 1, 1, 15, 343, NULL, '2022-05-27 13:17:22', '2022-05-27 13:17:22'),
(2270, 1, 1, 50, 589, NULL, '2022-05-27 13:17:40', '2022-05-27 13:17:40'),
(2271, 1, 1, 11, 496, NULL, '2022-05-27 13:18:02', '2022-05-27 13:18:02'),
(2272, 1, 1, 5, 37, NULL, '2022-05-27 13:18:14', '2022-05-27 13:18:14'),
(2273, 1, 1, 10, 692, NULL, '2022-05-27 13:18:26', '2022-05-27 13:18:26'),
(2274, 1, 1, 10, 5, NULL, '2022-05-27 13:18:38', '2022-05-27 13:18:38'),
(2275, 1, 1, 15, 8, NULL, '2022-05-27 13:20:00', '2022-05-27 13:20:00'),
(2276, 1, 1, 20, 567, NULL, '2022-05-27 13:20:23', '2022-05-27 13:20:23'),
(2277, 1, 1, 20, 520, NULL, '2022-05-27 13:20:36', '2022-05-27 13:20:36'),
(2278, 1, 1, 22, 231, NULL, '2022-05-27 13:20:48', '2022-05-27 13:20:48'),
(2279, 1, 1, 30, 16, NULL, '2022-05-27 13:21:00', '2022-05-27 13:21:00'),
(2280, 1, 1, 69, 169, NULL, '2022-05-27 13:21:14', '2022-05-27 13:21:14'),
(2281, 1, 1, 25, 142, NULL, '2022-05-27 13:21:50', '2022-05-27 13:21:50'),
(2282, 1, 1, 10, 228, NULL, '2022-05-27 13:22:10', '2022-05-27 13:22:10'),
(2283, 1, 1, 22, 234, NULL, '2022-05-27 13:22:29', '2022-05-27 13:22:29'),
(2284, 1, 1, 10, 343, NULL, '2022-05-27 13:22:55', '2022-05-27 13:22:55'),
(2285, 1, 1, 5, 710, NULL, '2022-05-27 13:23:14', '2022-05-27 13:23:14'),
(2286, 1, 1, 15, 375, NULL, '2022-05-27 13:23:39', '2022-05-27 13:23:39'),
(2287, 1, 1, 40, 785, NULL, '2022-05-27 13:24:32', '2022-05-27 13:24:32'),
(2288, 1, 1, 20, 593, NULL, '2022-05-27 13:24:55', '2022-05-27 13:24:55'),
(2289, 1, 1, 30, 785, NULL, '2022-05-27 13:25:24', '2022-05-27 13:25:24'),
(2290, 1, 1, 8, 37, NULL, '2022-05-27 13:26:03', '2022-05-27 13:26:03'),
(2291, 1, 1, 10, 67, NULL, '2022-05-27 13:26:17', '2022-05-27 13:26:17'),
(2292, 1, 1, 8, 142, NULL, '2022-05-27 13:26:31', '2022-05-27 13:26:31'),
(2293, 1, 1, 8, 279, NULL, '2022-05-27 13:28:27', '2022-05-27 13:28:27'),
(2294, 1, 1, 50, 488, NULL, '2022-05-27 13:28:54', '2022-05-27 13:28:54'),
(2295, 1, 1, 30, 220, NULL, '2022-05-27 13:29:12', '2022-05-27 13:29:12'),
(2296, 1, 1, 40, 520, NULL, '2022-05-27 19:32:27', '2022-05-27 19:32:27'),
(2297, 1, 1, 60, 520, NULL, '2022-05-27 19:32:46', '2022-05-27 19:32:46'),
(2298, 1, 1, 50, 220, NULL, '2022-05-27 19:33:15', '2022-05-27 19:33:15'),
(2299, 1, 1, 10, 669, NULL, '2022-05-27 19:33:49', '2022-05-27 19:33:49'),
(2300, 1, 1, 10, 621, NULL, '2022-05-27 19:34:07', '2022-05-27 19:34:07'),
(2301, 1, 1, 30, 273, NULL, '2022-05-27 19:34:21', '2022-05-27 19:34:21'),
(2302, 1, 1, 10, 343, NULL, '2022-05-27 19:34:44', '2022-05-27 19:34:44'),
(2303, 1, 1, 14, 567, NULL, '2022-05-27 19:35:16', '2022-05-27 19:35:16'),
(2304, 1, 1, 5, 142, NULL, '2022-05-27 19:35:40', '2022-05-27 19:35:40'),
(2305, 1, 1, 35, 273, NULL, '2022-05-27 19:35:58', '2022-05-27 19:35:58'),
(2306, 1, 1, 15, 228, NULL, '2022-05-27 19:36:12', '2022-05-27 19:36:12'),
(2307, 1, 1, 10, 558, NULL, '2022-05-27 19:36:46', '2022-05-27 19:36:46'),
(2308, 1, 1, 20, 107, NULL, '2022-05-27 19:37:02', '2022-05-27 19:37:02'),
(2309, 1, 1, 15, 37, NULL, '2022-05-27 19:37:19', '2022-05-27 19:37:19'),
(2310, 1, 1, 20, 646, NULL, '2022-05-27 19:38:47', '2022-05-27 19:38:47'),
(2311, 1, 1, 10, 37, NULL, '2022-05-27 19:39:04', '2022-05-27 19:39:04'),
(2312, 1, 1, 65, 295, NULL, '2022-05-27 19:39:23', '2022-05-27 19:39:23'),
(2313, 1, 1, 42, 785, NULL, '2022-05-27 19:39:39', '2022-05-27 19:39:39'),
(2314, 1, 1, 6, 182, NULL, '2022-05-27 19:40:29', '2022-05-27 19:40:29'),
(2315, 1, 1, 9, 234, NULL, '2022-05-27 19:40:42', '2022-05-27 19:40:42'),
(2316, 1, 1, 5, 228, NULL, '2022-05-27 19:40:55', '2022-05-27 19:40:55'),
(2317, 1, 1, 10, 37, NULL, '2022-05-27 19:41:09', '2022-05-27 19:41:09'),
(2318, 1, 1, 29, 406, NULL, '2022-05-27 19:41:21', '2022-05-27 19:41:21'),
(2319, 1, 1, 10, 690, NULL, '2022-05-27 19:41:40', '2022-05-27 19:41:40'),
(2320, 1, 1, 45, 545, NULL, '2022-05-27 19:41:55', '2022-05-27 19:41:55'),
(2321, 1, 1, 20, 646, NULL, '2022-05-27 19:42:13', '2022-05-27 19:42:13'),
(2322, 1, 1, 15, 567, NULL, '2022-05-27 19:42:35', '2022-05-27 19:42:35'),
(2323, 1, 1, 15, 219, NULL, '2022-05-27 19:42:47', '2022-05-27 19:42:47'),
(2324, 1, 1, 10, 327, NULL, '2022-05-27 19:43:02', '2022-05-27 19:43:02'),
(2325, 1, 1, 20, 313, NULL, '2022-05-27 19:43:57', '2022-05-27 19:43:57'),
(2326, 1, 1, 20, 219, NULL, '2022-05-27 19:44:15', '2022-05-27 19:44:15'),
(2327, 1, 1, 19, 692, NULL, '2022-05-27 19:44:59', '2022-05-27 19:44:59'),
(2328, 1, 1, 5, 327, NULL, '2022-05-27 19:45:11', '2022-05-27 19:45:11'),
(2329, 1, 1, 7, 37, NULL, '2022-05-27 19:45:29', '2022-05-27 19:45:29'),
(2330, 1, 1, 5, 327, NULL, '2022-05-27 19:46:01', '2022-05-27 19:46:01'),
(2331, 1, 1, 5, 182, NULL, '2022-05-27 19:46:13', '2022-05-27 19:46:13'),
(2332, 1, 1, 40, 629, NULL, '2022-05-27 19:46:31', '2022-05-27 19:46:31'),
(2333, 1, 1, 20, 219, NULL, '2022-05-27 19:47:28', '2022-05-27 19:47:28'),
(2334, 1, 1, 20, 646, NULL, '2022-05-27 19:47:42', '2022-05-27 19:47:42'),
(2335, 1, 1, 15, 228, NULL, '2022-05-27 19:47:54', '2022-05-27 19:47:54'),
(2336, 1, 1, 39, 406, NULL, '2022-05-27 19:48:11', '2022-05-27 19:48:11'),
(2337, 1, 1, 5, 710, NULL, '2022-05-27 19:48:47', '2022-05-27 19:48:47'),
(2338, 1, 1, 10, 454, NULL, '2022-05-27 19:49:12', '2022-05-27 19:49:12'),
(2339, 1, 1, 10, 495, NULL, '2022-05-27 19:49:25', '2022-05-27 19:49:25'),
(2340, 1, 1, 7, 327, NULL, '2022-05-27 19:49:43', '2022-05-27 19:49:43'),
(2341, 1, 1, 33, 406, NULL, '2022-05-27 19:49:55', '2022-05-27 19:49:55'),
(2342, 1, 1, 20, 545, NULL, '2022-05-27 19:50:30', '2022-05-27 19:50:30'),
(2343, 1, 1, 20, 567, NULL, '2022-05-27 19:50:44', '2022-05-27 19:50:44'),
(2344, 1, 1, 5, 692, NULL, '2022-05-27 19:51:07', '2022-05-27 19:51:07'),
(2345, 1, 1, 5, 280, NULL, '2022-05-27 19:52:07', '2022-05-27 19:52:07'),
(2346, 1, 1, 30, 471, NULL, '2022-05-27 19:52:25', '2022-05-27 19:52:25'),
(2347, 1, 1, 15, 327, NULL, '2022-05-27 19:55:31', '2022-05-27 19:55:31'),
(2348, 1, 1, 7, 558, NULL, '2022-05-27 19:56:09', '2022-05-27 19:56:09'),
(2349, 1, 1, 14, 692, NULL, '2022-05-27 19:56:24', '2022-05-27 19:56:24'),
(2350, 1, 1, 15, 692, NULL, '2022-05-27 19:57:36', '2022-05-27 19:57:36'),
(2351, 1, 1, 5, 327, NULL, '2022-05-27 19:57:50', '2022-05-27 19:57:50'),
(2352, 1, 1, 20, 545, NULL, '2022-05-27 19:58:03', '2022-05-27 19:58:03'),
(2353, 1, 1, 5, 182, NULL, '2022-05-27 19:58:17', '2022-05-27 19:58:17'),
(2354, 1, 1, 10, 588, NULL, '2022-05-27 19:58:31', '2022-05-27 19:58:31'),
(2355, 1, 1, 18, 471, NULL, '2022-05-27 19:58:44', '2022-05-27 19:58:44'),
(2356, 1, 1, 13, 375, NULL, '2022-05-27 20:00:01', '2022-05-27 20:00:01'),
(2357, 1, 1, 10, 692, NULL, '2022-05-27 20:00:17', '2022-05-27 20:00:17'),
(2358, 1, 1, 10, 37, NULL, '2022-05-27 20:00:59', '2022-05-27 20:00:59'),
(2359, 1, 1, 10, 5, NULL, '2022-05-27 20:01:12', '2022-05-27 20:01:12'),
(2360, 1, 1, 29, 406, NULL, '2022-05-27 20:01:38', '2022-05-27 20:01:38'),
(2361, 1, 1, 5, 327, NULL, '2022-05-27 20:01:51', '2022-05-27 20:01:51'),
(2362, 1, 1, 19, 692, NULL, '2022-05-27 20:02:04', '2022-05-27 20:02:04'),
(2363, 1, 1, 7, 327, NULL, '2022-05-27 20:02:22', '2022-05-27 20:02:22'),
(2364, 1, 1, 26, 220, NULL, '2022-05-27 20:02:38', '2022-05-27 20:02:38'),
(2365, 1, 1, 25, 116, NULL, '2022-05-27 20:02:54', '2022-05-27 20:02:54'),
(2366, 1, 1, 10, 228, NULL, '2022-05-27 20:03:08', '2022-05-27 20:03:08'),
(2367, 1, 1, 25, 358, NULL, '2022-05-27 20:03:22', '2022-05-27 20:03:22'),
(2368, 1, 1, 20, 424, NULL, '2022-05-27 20:03:36', '2022-05-27 20:03:36'),
(2369, 1, 1, 10, 496, NULL, '2022-05-27 20:03:51', '2022-05-27 20:03:51'),
(2370, 1, 1, 10, 487, NULL, '2022-05-27 20:04:05', '2022-05-27 20:04:05'),
(2371, 1, 1, 10, 5, NULL, '2022-05-27 20:04:20', '2022-05-27 20:04:20'),
(2372, 1, 1, 10, 496, NULL, '2022-05-27 20:06:30', '2022-05-27 20:06:30'),
(2373, 1, 1, 10, 454, NULL, '2022-05-27 20:08:42', '2022-05-27 20:08:42'),
(2374, 1, 1, 20, 313, NULL, '2022-05-27 20:08:53', '2022-05-27 20:08:53'),
(2375, 1, 1, 10, 5, NULL, '2022-05-27 20:09:06', '2022-05-27 20:09:06'),
(2376, 1, 1, 25, 755, NULL, '2022-05-27 20:09:30', '2022-05-27 20:09:30'),
(2377, 1, 1, 10, 588, NULL, '2022-05-27 20:09:44', '2022-05-27 20:09:44'),
(2378, 1, 1, 50, 220, NULL, '2022-05-27 20:09:57', '2022-05-27 20:09:57'),
(2379, 1, 1, 20, 545, NULL, '2022-05-27 20:10:11', '2022-05-27 20:10:11'),
(2380, 1, 1, 60, 668, NULL, '2022-05-27 20:10:28', '2022-05-27 20:10:28'),
(2381, 1, 1, 5, 454, NULL, '2022-05-27 20:11:16', '2022-05-27 20:11:16'),
(2382, 1, 1, 6, 327, NULL, '2022-05-27 20:11:29', '2022-05-27 20:11:29'),
(2383, 1, 1, 10, 416, NULL, '2022-05-27 20:11:58', '2022-05-27 20:11:58'),
(2384, 1, 1, 24, 116, NULL, '2022-05-27 20:12:13', '2022-05-27 20:12:13'),
(2385, 1, 1, 5, 454, NULL, '2022-05-27 20:12:30', '2022-05-27 20:12:30'),
(2386, 1, 1, 5, 495, NULL, '2022-05-27 20:12:44', '2022-05-27 20:12:44'),
(2387, 1, 1, 15, 680, NULL, '2022-05-27 20:12:58', '2022-05-27 20:12:58'),
(2388, 1, 1, 10, 215, NULL, '2022-05-27 20:13:29', '2022-05-27 20:13:29'),
(2389, 1, 1, 5, 327, NULL, '2022-05-27 20:13:40', '2022-05-27 20:13:40'),
(2390, 1, 11, 5, 222, NULL, '2022-05-27 20:14:58', '2022-05-27 20:14:58'),
(2391, 1, 11, 50, 411, NULL, '2022-05-27 20:15:12', '2022-05-27 20:15:12'),
(2392, 1, 11, 40, 545, NULL, '2022-05-27 20:15:31', '2022-05-27 20:15:31'),
(2393, 1, 11, 25, 545, NULL, '2022-05-27 20:15:43', '2022-05-27 20:15:43'),
(2394, 1, 11, 50, 411, NULL, '2022-05-27 20:15:56', '2022-05-27 20:15:56'),
(2395, 1, 11, 30, 765, NULL, '2022-05-27 20:16:11', '2022-05-27 20:16:11'),
(2396, 1, 11, 35, 411, NULL, '2022-05-27 20:16:28', '2022-05-27 20:16:28'),
(2397, 1, 11, 20, 421, NULL, '2022-05-27 20:16:43', '2022-05-27 20:16:43'),
(2398, 1, 11, 20, 421, NULL, '2022-05-27 20:16:56', '2022-05-27 20:16:56'),
(2399, 1, 11, 5, 265, NULL, '2022-05-27 20:17:09', '2022-05-27 20:17:09'),
(2400, 1, 11, 20, 219, NULL, '2022-05-27 20:18:08', '2022-05-27 20:18:08'),
(2401, 1, 11, 30, 358, NULL, '2022-05-27 20:19:10', '2022-05-27 20:19:10'),
(2402, 1, 11, 5, 265, NULL, '2022-05-27 20:19:29', '2022-05-27 20:19:29'),
(2403, 1, 11, 30, 358, NULL, '2022-05-27 20:19:48', '2022-05-27 20:19:48'),
(2404, 1, 11, 15, 464, NULL, '2022-05-27 20:20:19', '2022-05-27 20:20:19'),
(2405, 1, 11, 30, 358, NULL, '2022-05-27 20:20:29', '2022-05-27 20:20:29'),
(2406, 1, 11, 20, 522, NULL, '2022-05-27 20:20:42', '2022-05-27 20:20:42'),
(2407, 1, 11, 10, 361, NULL, '2022-05-27 20:21:23', '2022-05-27 20:21:23'),
(2408, 1, 11, 2, 464, NULL, '2022-05-27 20:21:33', '2022-05-27 20:21:33'),
(2409, 1, 11, 290, 421, NULL, '2022-05-27 20:21:46', '2022-05-27 20:21:46'),
(2410, 1, 11, 20, 421, NULL, '2022-05-27 20:22:31', '2022-05-27 20:22:31'),
(2411, 1, 11, 30, 187, NULL, '2022-05-27 20:22:47', '2022-05-27 20:22:47'),
(2412, 1, 11, 20, 373, NULL, '2022-05-27 20:23:13', '2022-05-27 20:23:13'),
(2413, 1, 11, 43, 421, NULL, '2022-05-27 20:23:26', '2022-05-27 20:23:26'),
(2414, 1, 11, 40, 421, NULL, '2022-05-27 20:23:40', '2022-05-27 20:23:40'),
(2415, 1, 11, 11, 316, NULL, '2022-05-27 20:24:11', '2022-05-27 20:24:11'),
(2416, 1, 11, 10, 219, NULL, '2022-05-27 20:24:26', '2022-05-27 20:24:26'),
(2417, 1, 11, 28, 316, NULL, '2022-05-27 20:25:05', '2022-05-27 20:25:05'),
(2418, 1, 11, 120, 421, NULL, '2022-05-27 20:25:41', '2022-05-27 20:25:41'),
(2419, 1, 11, 5, 361, NULL, '2022-05-27 20:28:46', '2022-05-27 20:28:46'),
(2420, 1, 11, 50, 411, NULL, '2022-05-27 20:29:39', '2022-05-27 20:29:39'),
(2421, 1, 11, 1, 198, NULL, '2022-05-27 20:30:11', '2022-05-27 20:30:11'),
(2422, 1, 11, 10, 198, NULL, '2022-05-27 20:30:26', '2022-05-27 20:30:26'),
(2423, 1, 11, 5, 187, NULL, '2022-05-27 20:30:39', '2022-05-27 20:30:39'),
(2424, 1, 11, 10, 358, NULL, '2022-05-27 20:30:57', '2022-05-27 20:30:57'),
(2425, 1, 11, 30, 545, NULL, '2022-05-27 20:31:09', '2022-05-27 20:31:09'),
(2426, 1, 11, 5, 690, NULL, '2022-05-27 20:31:22', '2022-05-27 20:31:22'),
(2427, 1, 11, 20, 219, NULL, '2022-05-27 20:31:36', '2022-05-27 20:31:36'),
(2428, 1, 11, 25, 358, NULL, '2022-05-27 20:31:53', '2022-05-27 20:31:53'),
(2429, 1, 11, 11, 522, NULL, '2022-05-27 20:32:13', '2022-05-27 20:32:13'),
(2430, 1, 11, 15, 219, NULL, '2022-05-27 20:32:29', '2022-05-27 20:32:29'),
(2431, 1, 11, 20, 545, NULL, '2022-05-27 20:32:55', '2022-05-27 20:32:55'),
(2432, 1, 11, 20, 411, NULL, '2022-05-27 20:33:14', '2022-05-27 20:33:14'),
(2433, 1, 11, 10, 419, NULL, '2022-05-27 20:33:29', '2022-05-27 20:33:29'),
(2434, 1, 11, 20, 187, NULL, '2022-05-27 20:35:19', '2022-05-27 20:35:19'),
(2435, 1, 11, 15, 219, NULL, '2022-05-27 20:35:32', '2022-05-27 20:35:32'),
(2436, 1, 11, 25, 358, NULL, '2022-05-27 20:37:05', '2022-05-27 20:37:05'),
(2437, 1, 11, 5, 630, NULL, '2022-05-27 20:37:25', '2022-05-27 20:37:25'),
(2438, 1, 11, 5, 630, NULL, '2022-05-27 20:37:25', '2022-05-27 20:37:25'),
(2439, 1, 11, 11, 587, NULL, '2022-05-27 20:38:44', '2022-05-27 20:38:44'),
(2440, 1, 11, 10, 690, NULL, '2022-05-27 20:39:09', '2022-05-27 20:39:09'),
(2441, 1, 11, 8, 630, NULL, '2022-05-27 20:39:39', '2022-05-27 20:39:39'),
(2442, 1, 11, 10, 419, NULL, '2022-05-27 20:39:48', '2022-05-27 20:39:48'),
(2443, 1, 11, 20, 361, NULL, '2022-05-27 20:40:00', '2022-05-27 20:40:00'),
(2444, 1, 11, 22, 358, NULL, '2022-05-27 20:40:26', '2022-05-27 20:40:26'),
(2445, 1, 11, 10, 336, NULL, '2022-05-27 20:40:42', '2022-05-27 20:40:42'),
(2446, 1, 2, 20, 519, NULL, '2022-05-27 20:41:38', '2022-05-27 20:41:38'),
(2447, 1, 2, 5, 770, NULL, '2022-05-27 20:41:53', '2022-05-27 20:41:53'),
(2448, 1, 2, 20, 354, NULL, '2022-05-27 20:42:03', '2022-05-27 20:42:03'),
(2449, 1, 2, 5, 222, NULL, '2022-05-27 20:42:17', '2022-05-27 20:42:17'),
(2450, 1, 2, 15, 228, NULL, '2022-05-27 20:42:32', '2022-05-27 20:42:32'),
(2451, 1, 2, 10, 607, NULL, '2022-05-27 20:42:55', '2022-05-27 20:42:55'),
(2452, 1, 2, 50, 462, NULL, '2022-05-27 20:43:07', '2022-05-27 20:43:07'),
(2453, 1, 2, 15, 662, NULL, '2022-05-27 20:43:33', '2022-05-27 20:43:33'),
(2454, 1, 2, 45, 489, NULL, '2022-05-27 20:43:51', '2022-05-27 20:43:51'),
(2455, 1, 2, 15, 489, NULL, '2022-05-27 20:44:20', '2022-05-27 20:44:20'),
(2456, 1, 2, 10, 182, NULL, '2022-05-27 20:44:35', '2022-05-27 20:44:35'),
(2457, 1, 2, 10, 662, NULL, '2022-05-27 20:44:53', '2022-05-27 20:44:53'),
(2458, 1, 2, 10, 489, NULL, '2022-05-27 20:45:04', '2022-05-27 20:45:04'),
(2459, 1, 2, 50, 784, NULL, '2022-05-27 20:45:17', '2022-05-27 20:45:17'),
(2460, 1, 2, 10, 662, NULL, '2022-05-27 20:46:10', '2022-05-27 20:46:10'),
(2461, 1, 2, 40, 485, NULL, '2022-05-27 20:46:22', '2022-05-27 20:46:22'),
(2462, 1, 2, 14, 544, NULL, '2022-05-27 20:47:08', '2022-05-27 20:47:08'),
(2463, 1, 2, 46, 489, NULL, '2022-05-27 20:47:34', '2022-05-27 20:47:34'),
(2464, 1, 2, 50, 411, NULL, '2022-05-27 20:47:49', '2022-05-27 20:47:49'),
(2465, 1, 2, 5, 489, NULL, '2022-05-27 20:48:09', '2022-05-27 20:48:09'),
(2466, 1, 2, 5, 523, NULL, '2022-05-27 20:48:21', '2022-05-27 20:48:21'),
(2467, 1, 2, 5, 343, NULL, '2022-05-27 20:48:42', '2022-05-27 20:48:42'),
(2468, 1, 2, 5, 662, NULL, '2022-05-27 20:48:55', '2022-05-27 20:48:55'),
(2469, 1, 2, 5, 489, NULL, '2022-05-27 20:49:07', '2022-05-27 20:49:07'),
(2470, 1, 2, 15, 742, NULL, '2022-05-27 20:49:20', '2022-05-27 20:49:20'),
(2471, 1, 2, 15, 423, NULL, '2022-05-27 20:49:34', '2022-05-27 20:49:34'),
(2472, 1, 2, 20, 181, NULL, '2022-05-27 20:50:37', '2022-05-27 20:50:37'),
(2473, 1, 2, 6, 226, NULL, '2022-05-27 20:50:50', '2022-05-27 20:50:50'),
(2474, 1, 2, 10, 662, NULL, '2022-05-27 20:51:14', '2022-05-27 20:51:14'),
(2475, 1, 2, 10, 489, NULL, '2022-05-27 20:51:26', '2022-05-27 20:51:26'),
(2476, 1, 2, 10, 750, NULL, '2022-05-27 20:51:37', '2022-05-27 20:51:37'),
(2477, 1, 2, 5, 223, NULL, '2022-05-27 20:52:06', '2022-05-27 20:52:06'),
(2478, 1, 2, 20, 646, NULL, '2022-05-27 20:52:27', '2022-05-27 20:52:27'),
(2479, 1, 2, 50, 330, NULL, '2022-05-27 20:53:08', '2022-05-27 20:53:08'),
(2480, 1, 2, 2, 678, NULL, '2022-05-27 20:55:08', '2022-05-27 20:55:08'),
(2481, 1, 2, 35, 470, NULL, '2022-05-27 20:55:38', '2022-05-27 20:55:38'),
(2482, 1, 2, 150, 505, NULL, '2022-05-27 20:55:50', '2022-05-27 20:55:50'),
(2483, 1, 2, 4, 354, NULL, '2022-05-27 20:57:00', '2022-05-27 20:57:00'),
(2484, 1, 2, 45, 354, NULL, '2022-05-27 20:57:28', '2022-05-27 20:57:28'),
(2485, 1, 2, 10, 413, NULL, '2022-05-27 20:57:56', '2022-05-27 20:57:56'),
(2486, 1, 2, 18, 710, NULL, '2022-05-27 20:58:09', '2022-05-27 20:58:09'),
(2487, 1, 2, 30, 273, NULL, '2022-05-27 20:58:26', '2022-05-27 20:58:26'),
(2488, 1, 2, 10, 228, NULL, '2022-05-27 20:58:39', '2022-05-27 20:58:39'),
(2489, 1, 2, 12, 634, NULL, '2022-05-27 20:58:52', '2022-05-27 20:58:52'),
(2490, 1, 2, 15, 646, NULL, '2022-05-27 20:59:04', '2022-05-27 20:59:04'),
(2491, 1, 2, 5, 710, NULL, '2022-05-27 21:00:16', '2022-05-27 21:00:16'),
(2492, 1, 2, 5, 359, NULL, '2022-05-27 21:01:15', '2022-05-27 21:01:15'),
(2493, 1, 2, 10, 733, NULL, '2022-05-27 21:01:37', '2022-05-27 21:01:37'),
(2494, 1, 2, 10, 354, NULL, '2022-05-27 21:01:47', '2022-05-27 21:01:47'),
(2495, 1, 2, 20, 673, NULL, '2022-05-27 21:02:03', '2022-05-27 21:02:03'),
(2496, 1, 2, 20, 634, NULL, '2022-05-27 21:02:15', '2022-05-27 21:02:15'),
(2497, 1, 2, 15, 479, NULL, '2022-05-27 21:02:30', '2022-05-27 21:02:30'),
(2498, 1, 2, 15, 354, NULL, '2022-05-27 21:02:46', '2022-05-27 21:02:46'),
(2499, 1, 2, 20, 625, NULL, '2022-05-27 21:04:07', '2022-05-27 21:04:07'),
(2500, 1, 2, 1, 413, NULL, '2022-05-27 21:04:22', '2022-05-27 21:04:22'),
(2501, 1, 2, 5, 568, NULL, '2022-05-27 21:04:53', '2022-05-27 21:04:53'),
(2502, 1, 2, 10, 228, NULL, '2022-05-27 21:05:04', '2022-05-27 21:05:04'),
(2503, 1, 2, 5, 662, NULL, '2022-05-27 21:05:24', '2022-05-27 21:05:24'),
(2504, 1, 2, 14, 413, NULL, '2022-05-27 21:05:37', '2022-05-27 21:05:37'),
(2505, 1, 2, 10, 710, NULL, '2022-05-27 21:06:03', '2022-05-27 21:06:03'),
(2506, 1, 2, 25, 107, NULL, '2022-05-27 21:06:51', '2022-05-27 21:06:51'),
(2507, 1, 2, 25, 470, NULL, '2022-05-27 21:07:18', '2022-05-27 21:07:18'),
(2508, 1, 2, 20, 665, NULL, '2022-05-27 21:07:54', '2022-05-27 21:07:54'),
(2509, 1, 2, 20, 620, NULL, '2022-05-27 21:08:07', '2022-05-27 21:08:07'),
(2510, 1, 2, 22, 470, NULL, '2022-05-27 21:08:22', '2022-05-27 21:08:22'),
(2511, 1, 2, 15, 333, NULL, '2022-05-27 21:08:35', '2022-05-27 21:08:35'),
(2512, 1, 2, 40, 649, NULL, '2022-05-27 21:08:57', '2022-05-27 21:08:57'),
(2513, 1, 2, 5, 661, NULL, '2022-05-27 21:09:09', '2022-05-27 21:09:09'),
(2514, 1, 2, 15, 620, NULL, '2022-05-27 21:09:21', '2022-05-27 21:09:21'),
(2515, 1, 2, 15, 742, NULL, '2022-05-27 21:09:39', '2022-05-27 21:09:39'),
(2516, 1, 2, 30, 333, NULL, '2022-05-27 21:09:56', '2022-05-27 21:09:56'),
(2517, 1, 2, 10, 343, NULL, '2022-05-27 21:10:10', '2022-05-27 21:10:10'),
(2518, 1, 2, 10, 649, NULL, '2022-05-27 21:10:33', '2022-05-27 21:10:33'),
(2519, 1, 2, 50, 354, NULL, '2022-05-27 21:10:45', '2022-05-27 21:10:45'),
(2520, 1, 2, 30, 742, NULL, '2022-05-27 21:11:04', '2022-05-27 21:11:04'),
(2521, 1, 2, 15, 333, NULL, '2022-05-27 21:11:30', '2022-05-27 21:11:30'),
(2522, 1, 2, 30, 273, NULL, '2022-05-27 21:12:12', '2022-05-27 21:12:12'),
(2523, 1, 2, 10, 654, NULL, '2022-05-27 21:12:25', '2022-05-27 21:12:25'),
(2524, 1, 2, 20, 485, NULL, '2022-05-27 21:12:49', '2022-05-27 21:12:49'),
(2525, 1, 2, 15, 228, NULL, '2022-05-27 21:13:00', '2022-05-27 21:13:00'),
(2526, 1, 2, 20, 742, NULL, '2022-05-27 21:13:12', '2022-05-27 21:13:12'),
(2527, 1, 2, 5, 654, NULL, '2022-05-27 21:13:31', '2022-05-27 21:13:31'),
(2528, 1, 2, 10, 333, NULL, '2022-05-27 21:13:44', '2022-05-27 21:13:44'),
(2529, 1, 2, 15, 742, NULL, '2022-05-27 21:13:55', '2022-05-27 21:13:55'),
(2530, 1, 2, 15, 750, NULL, '2022-05-27 21:14:10', '2022-05-27 21:14:10'),
(2531, 1, 2, 20, 625, NULL, '2022-05-27 21:14:21', '2022-05-27 21:14:21'),
(2532, 1, 2, 6, 662, NULL, '2022-05-27 21:14:39', '2022-05-27 21:14:39'),
(2533, 1, 2, 5, 333, NULL, '2022-05-27 21:15:40', '2022-05-27 21:15:40'),
(2534, 1, 2, 6, 662, NULL, '2022-05-27 21:15:54', '2022-05-27 21:15:54'),
(2535, 1, 2, 19, 544, NULL, '2022-05-27 21:16:56', '2022-05-27 21:16:56'),
(2536, 1, 2, 5, 770, NULL, '2022-05-27 21:17:40', '2022-05-27 21:17:40'),
(2537, 1, 2, 15, 665, NULL, '2022-05-27 21:17:55', '2022-05-27 21:17:55'),
(2538, 1, 2, 10, 182, NULL, '2022-05-27 21:18:16', '2022-05-27 21:18:16'),
(2539, 1, 2, 23, 273, NULL, '2022-05-27 21:18:31', '2022-05-27 21:18:31'),
(2540, 1, 2, 10, 750, NULL, '2022-05-27 21:18:51', '2022-05-27 21:18:51'),
(2541, 1, 2, 20, 697, NULL, '2022-05-27 21:19:04', '2022-05-27 21:19:04'),
(2542, 1, 2, 11, 544, NULL, '2022-05-27 21:19:24', '2022-05-27 21:19:24'),
(2543, 1, 2, 5, 182, NULL, '2022-05-27 21:19:40', '2022-05-27 21:19:40'),
(2544, 1, 2, 50, 585, NULL, '2022-05-27 21:19:52', '2022-05-27 21:19:52'),
(2545, 1, 2, 30, 273, NULL, '2022-05-27 21:20:29', '2022-05-27 21:20:29'),
(2546, 1, 2, 20, 620, NULL, '2022-05-27 21:20:48', '2022-05-27 21:20:48'),
(2547, 1, 2, 5, 359, NULL, '2022-05-27 21:20:59', '2022-05-27 21:20:59'),
(2548, 1, 2, 6, 317, NULL, '2022-05-27 21:21:14', '2022-05-27 21:21:14'),
(2549, 1, 2, 5, 770, NULL, '2022-05-27 21:22:06', '2022-05-27 21:22:06'),
(2550, 1, 2, 20, 485, NULL, '2022-05-27 21:22:21', '2022-05-27 21:22:21'),
(2551, 1, 2, 20, 620, NULL, '2022-05-27 21:22:54', '2022-05-27 21:22:54'),
(2552, 1, 2, 5, 763, NULL, '2022-05-27 21:23:16', '2022-05-27 21:23:16'),
(2553, 1, 2, 10, 193, NULL, '2022-05-27 21:23:28', '2022-05-27 21:23:28'),
(2554, 1, 2, 5, 710, NULL, '2022-05-27 21:23:51', '2022-05-27 21:23:51'),
(2555, 1, 2, 10, 193, NULL, '2022-05-27 21:24:05', '2022-05-27 21:24:05'),
(2556, 1, 2, 21, 485, NULL, '2022-05-27 21:24:20', '2022-05-27 21:24:20'),
(2557, 1, 2, 5, 333, NULL, '2022-05-27 21:24:47', '2022-05-27 21:24:47'),
(2558, 1, 2, 15, 678, NULL, '2022-05-27 21:25:00', '2022-05-27 21:25:00'),
(2559, 1, 2, 20, 733, NULL, '2022-05-27 21:56:05', '2022-05-27 21:56:05'),
(2560, 1, 2, 35, 470, NULL, '2022-05-27 21:56:19', '2022-05-27 21:56:19'),
(2561, 1, 2, 50, 295, NULL, '2022-05-27 21:56:30', '2022-05-27 21:56:30'),
(2562, 1, 2, 20, 625, NULL, '2022-05-27 21:56:40', '2022-05-27 21:56:40'),
(2563, 1, 2, 10, 662, NULL, '2022-05-27 21:56:55', '2022-05-27 21:56:55'),
(2564, 1, 2, 5, 697, NULL, '2022-05-27 21:57:09', '2022-05-27 21:57:09'),
(2565, 1, 2, 5, 359, NULL, '2022-05-27 21:57:19', '2022-05-27 21:57:19'),
(2566, 1, 2, 5, 486, NULL, '2022-05-27 21:57:50', '2022-05-27 21:57:50'),
(2567, 1, 2, 21, 273, NULL, '2022-05-27 21:58:10', '2022-05-27 21:58:10'),
(2568, 1, 2, 5, 423, NULL, '2022-05-27 21:58:19', '2022-05-27 21:58:19'),
(2569, 1, 2, 15, 742, NULL, '2022-05-27 21:58:31', '2022-05-27 21:58:31'),
(2570, 1, 2, 12, 375, NULL, '2022-05-27 21:59:23', '2022-05-27 21:59:23'),
(2571, 1, 2, 24, 544, NULL, '2022-05-27 21:59:37', '2022-05-27 21:59:37'),
(2572, 1, 2, 10, 489, NULL, '2022-05-27 22:00:12', '2022-05-27 22:00:12'),
(2573, 1, 2, 20, 742, NULL, '2022-05-27 22:00:25', '2022-05-27 22:00:25'),
(2574, 1, 2, 5, 193, NULL, '2022-05-27 22:00:36', '2022-05-27 22:00:36'),
(2575, 1, 2, 20, 678, NULL, '2022-05-27 22:00:54', '2022-05-27 22:00:54'),
(2576, 1, 2, 10, 662, NULL, '2022-05-27 22:01:27', '2022-05-27 22:01:27'),
(2577, 1, 2, 20, 582, NULL, '2022-05-27 22:01:52', '2022-05-27 22:01:52'),
(2578, 1, 2, 10, 701, NULL, '2022-05-27 22:02:04', '2022-05-27 22:02:04'),
(2579, 1, 2, 10, 701, NULL, '2022-05-27 22:02:49', '2022-05-27 22:02:49'),
(2580, 1, 2, 10, 228, NULL, '2022-05-27 22:03:01', '2022-05-27 22:03:01'),
(2581, 1, 2, 5, 182, NULL, '2022-05-27 22:03:15', '2022-05-27 22:03:15'),
(2582, 1, 2, 15, 678, NULL, '2022-05-27 22:03:27', '2022-05-27 22:03:27'),
(2583, 1, 2, 5, 701, NULL, '2022-05-27 22:03:57', '2022-05-27 22:03:57'),
(2584, 1, 2, 15, 701, NULL, '2022-05-27 22:04:26', '2022-05-27 22:04:26'),
(2585, 1, 2, 5, 423, NULL, '2022-05-27 22:04:42', '2022-05-27 22:04:42'),
(2586, 1, 2, 10, 690, NULL, '2022-05-27 22:04:59', '2022-05-27 22:04:59'),
(2587, 1, 2, 30, 738, NULL, '2022-05-27 22:05:19', '2022-05-27 22:05:19'),
(2588, 1, 2, 10, 582, NULL, '2022-05-27 22:05:40', '2022-05-27 22:05:40'),
(2589, 1, 2, 6, 662, NULL, '2022-05-27 22:06:08', '2022-05-27 22:06:08'),
(2590, 1, 2, 11, 710, NULL, '2022-05-27 22:06:21', '2022-05-27 22:06:21'),
(2591, 1, 2, 5, 317, NULL, '2022-05-27 22:06:40', '2022-05-27 22:06:40'),
(2592, 1, 2, 20, 322, NULL, '2022-05-27 22:06:56', '2022-05-27 22:06:56'),
(2593, 1, 2, 25, 485, NULL, '2022-05-27 22:07:07', '2022-05-27 22:07:07'),
(2594, 1, 2, 6, 646, NULL, '2022-05-27 22:07:22', '2022-05-27 22:07:22'),
(2595, 1, 14, 10, 498, NULL, '2022-05-27 22:08:59', '2022-05-27 22:08:59'),
(2596, 1, 14, 10, 499, NULL, '2022-05-27 22:09:09', '2022-05-27 22:09:09'),
(2597, 1, 14, 25, 748, NULL, '2022-05-27 22:09:25', '2022-05-27 22:09:25'),
(2598, 1, 14, 20, 499, NULL, '2022-05-27 22:09:33', '2022-05-27 22:09:33'),
(2599, 1, 14, 20, 632, NULL, '2022-05-27 22:10:04', '2022-05-27 22:10:04'),
(2600, 1, 14, 10, 674, NULL, '2022-05-27 22:10:14', '2022-05-27 22:10:14'),
(2601, 1, 14, 10, 499, NULL, '2022-05-27 22:10:22', '2022-05-27 22:10:22'),
(2602, 1, 14, 33, 748, NULL, '2022-05-27 22:10:41', '2022-05-27 22:10:41'),
(2603, 1, 14, 15, 588, NULL, '2022-05-27 22:11:46', '2022-05-27 22:11:46'),
(2604, 1, 14, 5, 60, NULL, '2022-05-27 22:12:01', '2022-05-27 22:12:01'),
(2605, 1, 14, 10, 694, NULL, '2022-05-27 22:12:39', '2022-05-27 22:12:39'),
(2606, 1, 14, 10, 690, NULL, '2022-05-27 22:13:02', '2022-05-27 22:13:02'),
(2607, 1, 14, 10, 700, NULL, '2022-05-27 22:13:25', '2022-05-27 22:13:25'),
(2608, 1, 14, 10, 339, NULL, '2022-05-27 22:13:40', '2022-05-27 22:13:40'),
(2609, 1, 14, 5, 51, NULL, '2022-05-27 22:14:44', '2022-05-27 22:14:44'),
(2610, 1, 14, 10, 660, NULL, '2022-05-27 22:15:00', '2022-05-27 22:15:00'),
(2611, 1, 14, 10, 317, NULL, '2022-05-27 22:15:13', '2022-05-27 22:15:13'),
(2612, 1, 14, 10, 126, NULL, '2022-05-27 22:16:26', '2022-05-27 22:16:26'),
(2613, 1, 14, 5, 748, NULL, '2022-05-27 22:16:38', '2022-05-27 22:16:38'),
(2614, 1, 14, 20, 60, NULL, '2022-05-27 22:16:52', '2022-05-27 22:16:52'),
(2615, 1, 14, 10, 38, NULL, '2022-05-27 22:17:55', '2022-05-27 22:17:55'),
(2616, 1, 14, 5, 674, NULL, '2022-05-27 22:18:37', '2022-05-27 22:18:37'),
(2617, 1, 14, 40, 748, NULL, '2022-05-27 22:18:54', '2022-05-27 22:18:54'),
(2618, 1, 14, 10, 660, NULL, '2022-05-27 22:19:07', '2022-05-27 22:19:07'),
(2619, 1, 14, 10, 740, NULL, '2022-05-27 22:19:16', '2022-05-27 22:19:16'),
(2620, 1, 14, 5, 660, NULL, '2022-05-27 22:19:29', '2022-05-27 22:19:29'),
(2621, 1, 14, 10, 317, NULL, '2022-05-27 22:19:40', '2022-05-27 22:19:40'),
(2622, 1, 14, 10, 637, NULL, '2022-05-27 22:20:11', '2022-05-27 22:20:11'),
(2623, 1, 14, 40, 748, NULL, '2022-05-27 22:20:29', '2022-05-27 22:20:29'),
(2624, 1, 14, 20, 60, NULL, '2022-05-27 22:20:49', '2022-05-27 22:20:49'),
(2625, 1, 14, 10, 317, NULL, '2022-05-27 22:21:01', '2022-05-27 22:21:01'),
(2626, 1, 14, 5, 660, NULL, '2022-05-27 22:21:13', '2022-05-27 22:21:13'),
(2627, 1, 14, 10, 317, NULL, '2022-05-27 22:21:24', '2022-05-27 22:21:24'),
(2628, 1, 14, 20, 748, NULL, '2022-05-27 22:21:36', '2022-05-27 22:21:36'),
(2629, 1, 14, 10, 69, NULL, '2022-05-27 22:22:36', '2022-05-27 22:22:36'),
(2630, 1, 14, 15, 637, NULL, '2022-05-27 22:22:52', '2022-05-27 22:22:52'),
(2631, 1, 14, 10, 499, NULL, '2022-05-27 22:23:02', '2022-05-27 22:23:02'),
(2632, 1, 14, 15, 637, NULL, '2022-05-27 22:23:16', '2022-05-27 22:23:16'),
(2633, 1, 14, 20, 740, NULL, '2022-05-27 22:23:25', '2022-05-27 22:23:25'),
(2634, 1, 14, 15, 60, NULL, '2022-05-27 22:23:41', '2022-05-27 22:23:41'),
(2635, 1, 14, 10, 660, NULL, '2022-05-27 22:23:52', '2022-05-27 22:23:52'),
(2636, 1, 14, 9, 317, NULL, '2022-05-27 22:24:37', '2022-05-27 22:24:37'),
(2637, 1, 14, 5, 499, NULL, '2022-05-27 22:24:47', '2022-05-27 22:24:47'),
(2638, 1, 14, 10, 660, NULL, '2022-05-27 22:24:56', '2022-05-27 22:24:56'),
(2639, 1, 14, 7, 506, NULL, '2022-05-27 22:25:50', '2022-05-27 22:25:50'),
(2640, 1, 14, 5, 317, NULL, '2022-05-27 22:26:10', '2022-05-27 22:26:10'),
(2641, 1, 14, 15, 740, NULL, '2022-05-27 22:26:31', '2022-05-27 22:26:31'),
(2642, 1, 14, 10, 660, NULL, '2022-05-27 22:26:44', '2022-05-27 22:26:44'),
(2643, 1, 14, 10, 674, NULL, '2022-05-27 22:26:57', '2022-05-27 22:26:57'),
(2644, 1, 14, 10, 660, NULL, '2022-05-27 22:27:35', '2022-05-27 22:27:35'),
(2645, 1, 14, 5, 660, NULL, '2022-05-27 22:28:37', '2022-05-27 22:28:37'),
(2646, 1, 14, 20, 637, NULL, '2022-05-27 22:28:54', '2022-05-27 22:28:54'),
(2647, 1, 14, 5, 660, NULL, '2022-05-27 22:29:10', '2022-05-27 22:29:10'),
(2648, 1, 14, 30, 637, NULL, '2022-05-27 22:30:02', '2022-05-27 22:30:02'),
(2649, 1, 14, 10, 660, NULL, '2022-05-27 22:30:17', '2022-05-27 22:30:17'),
(2650, 1, 14, 10, 499, NULL, '2022-05-27 22:30:28', '2022-05-27 22:30:28'),
(2651, 1, 14, 5, 660, NULL, '2022-05-27 22:30:41', '2022-05-27 22:30:41'),
(2652, 1, 14, 21, 432, NULL, '2022-05-27 22:30:56', '2022-05-27 22:30:56'),
(2653, 1, 14, 10, 660, NULL, '2022-05-27 22:31:46', '2022-05-27 22:31:46'),
(2654, 1, 14, 5, 499, NULL, '2022-05-27 22:31:53', '2022-05-27 22:31:53'),
(2655, 1, 14, 15, 690, NULL, '2022-05-27 22:32:09', '2022-05-27 22:32:09'),
(2656, 1, 14, 15, 679, NULL, '2022-05-27 22:32:40', '2022-05-27 22:32:40'),
(2657, 1, 14, 20, 660, NULL, '2022-05-27 22:32:51', '2022-05-27 22:32:51'),
(2658, 1, 14, 20, 740, NULL, '2022-05-27 22:33:04', '2022-05-27 22:33:04'),
(2659, 1, 14, 10, 69, NULL, '2022-05-27 22:33:19', '2022-05-27 22:33:19'),
(2660, 1, 14, 10, 660, NULL, '2022-05-27 22:33:32', '2022-05-27 22:33:32'),
(2661, 1, 14, 5, 317, NULL, '2022-05-27 22:33:45', '2022-05-27 22:33:45'),
(2662, 1, 14, 5, 617, NULL, '2022-05-27 22:33:57', '2022-05-27 22:33:57'),
(2663, 1, 14, 10, 660, NULL, '2022-05-27 22:34:12', '2022-05-27 22:34:12'),
(2664, 1, 14, 8, 119, NULL, '2022-05-27 22:34:23', '2022-05-27 22:34:23'),
(2665, 1, 14, 20, 683, NULL, '2022-05-27 22:34:41', '2022-05-27 22:34:41'),
(2666, 1, 14, 20, 660, NULL, '2022-05-27 22:34:56', '2022-05-27 22:34:56'),
(2667, 1, 1, 600, 664, NULL, '2022-05-28 03:40:46', '2022-05-28 03:40:46'),
(2668, 1, 1, 600, 729, NULL, '2022-05-28 03:40:58', '2022-05-28 03:40:58'),
(2669, 1, 1, 700, 781, NULL, '2022-05-29 03:56:22', '2022-05-29 03:56:22'),
(2670, 1, 1, 700, 276, NULL, '2022-05-29 03:59:18', '2022-05-29 03:59:18'),
(2671, 1, 1, 600, 664, NULL, '2022-06-10 09:47:25', '2022-06-10 09:47:25'),
(2672, 1, 1, 550, 781, NULL, '2022-06-10 09:47:31', '2022-06-10 09:47:31'),
(2673, 1, 1, 600, 846, NULL, '2022-06-10 09:55:17', '2022-06-10 09:55:17'),
(2674, 1, 1, 700, 729, NULL, '2022-06-10 09:56:08', '2022-06-10 09:56:08'),
(2677, 1, 1, 700, 781, NULL, '2022-06-24 12:24:48', '2022-06-24 12:24:48'),
(2678, 1, 1, 600, 726, NULL, '2022-07-02 01:18:10', '2022-07-02 01:18:10'),
(2679, 1, 1, 10, 726, NULL, '2022-07-02 01:20:02', '2022-07-02 01:20:02'),
(2680, 1, 1, 601, 664, NULL, '2022-07-02 05:01:08', '2022-07-02 05:01:08'),
(2681, 1, 1, 601, 729, NULL, '2022-07-02 05:01:14', '2022-07-02 05:01:14'),
(2682, 1, 1, 500, 846, NULL, '2022-07-02 09:05:27', '2022-07-02 09:05:27'),
(2683, 1, 1, 120, 846, NULL, '2022-07-02 09:05:34', '2022-07-02 09:05:34'),
(2684, 1, 1, 601, 882, NULL, '2022-07-02 09:09:09', '2022-07-02 09:09:09'),
(2685, 1, 1, 601, 882, NULL, '2022-07-02 09:09:09', '2022-07-02 09:09:09'),
(2686, 1, 1, 10, 781, NULL, '2022-07-02 13:22:28', '2022-07-02 13:22:28'),
(2687, 1, 1, 10, 781, NULL, '2022-07-02 13:59:29', '2022-07-02 13:59:29'),
(2688, 1, 1, 10, 781, NULL, '2022-07-02 14:00:01', '2022-07-02 14:00:01'),
(2689, 1, 1, 10, 781, NULL, '2022-07-02 14:00:44', '2022-07-02 14:00:44'),
(2690, 1, 1, 10, 781, NULL, '2022-07-02 14:01:35', '2022-07-02 14:01:35'),
(2691, 1, 1, 10, 781, NULL, '2022-07-02 14:01:52', '2022-07-02 14:01:52'),
(2692, 1, 1, 10, 781, NULL, '2022-07-02 14:03:01', '2022-07-02 14:03:01'),
(2693, 1, 1, 10, 781, NULL, '2022-07-02 14:05:43', '2022-07-02 14:05:43'),
(2694, 1, 1, 510, 781, NULL, '2022-07-02 22:26:09', '2022-07-02 22:26:09'),
(2695, 1, 1, 100, 781, NULL, '2022-07-02 22:26:13', '2022-07-02 22:26:13'),
(2696, 1, 1, 122, 664, NULL, '2022-07-01 00:00:00', '2022-07-02 23:28:24'),
(2697, 1, 1, 100, 664, NULL, '2022-07-01 00:00:00', '2022-07-02 23:28:30'),
(2698, 1, 1, 5, 226, NULL, '2022-07-02 00:00:00', '2022-07-03 00:23:35'),
(2699, 1, 1, 15, 668, NULL, '2022-07-02 00:00:00', '2022-07-03 00:24:00'),
(2700, 1, 1, 10, 182, NULL, '2022-07-02 00:00:00', '2022-07-03 00:24:19'),
(2701, 1, 1, 25, 655, NULL, '2022-07-02 00:00:00', '2022-07-03 00:27:16'),
(2702, 1, 1, 13, 345, NULL, '2022-07-02 00:00:00', '2022-07-03 00:29:34'),
(2703, 1, 1, 20, 459, NULL, '2022-07-02 00:00:00', '2022-07-03 00:29:52'),
(2704, 1, 1, 5, 234, NULL, '2022-07-02 00:00:00', '2022-07-03 00:30:53'),
(2705, 1, 1, 5, 226, NULL, '2022-07-02 00:00:00', '2022-07-03 00:59:08'),
(2706, 1, 1, 11, 219, NULL, '2022-07-02 00:00:00', '2022-07-03 00:59:32'),
(2707, 1, 1, 20, 459, NULL, '2022-07-02 00:00:00', '2022-07-03 00:59:52'),
(2708, 1, 1, 20, 520, NULL, '2022-07-02 00:00:00', '2022-07-03 01:01:33'),
(2709, 1, 1, 5, 375, NULL, '2022-07-02 00:00:00', '2022-07-03 01:01:55'),
(2710, 1, 1, 10, 11, NULL, '2022-07-02 00:00:00', '2022-07-03 01:02:18'),
(2711, 1, 1, 5, 459, NULL, '2022-07-02 00:00:00', '2022-07-03 01:02:42'),
(2712, 1, 1, 5, 310, NULL, '2022-07-02 00:00:00', '2022-07-03 01:03:07'),
(2713, 1, 1, 20, 692, NULL, '2022-07-02 00:00:00', '2022-07-03 01:03:39'),
(2714, 1, 1, 5, 688, NULL, '2022-07-02 00:00:00', '2022-07-03 01:06:08'),
(2715, 1, 1, 50, 872, NULL, '2022-07-02 00:00:00', '2022-07-03 01:06:33'),
(2716, 1, 1, 5, 460, NULL, '2022-07-02 00:00:00', '2022-07-03 01:19:10'),
(2717, 1, 1, 10, 283, NULL, '2022-07-02 00:00:00', '2022-07-03 01:20:27'),
(2718, 1, 1, 5, 460, NULL, '2022-07-02 00:00:00', '2022-07-03 01:20:55'),
(2719, 1, 1, 5, 460, NULL, '2022-07-02 00:00:00', '2022-07-03 01:21:37'),
(2720, 1, 1, 50, 220, NULL, '2022-07-02 00:00:00', '2022-07-03 01:21:54'),
(2721, 1, 1, 10, 374, NULL, '2022-07-02 00:00:00', '2022-07-03 01:22:28'),
(2722, 1, 1, 30, 11, NULL, '2022-07-02 00:00:00', '2022-07-03 01:24:33'),
(2723, 1, 1, 10, 460, NULL, '2022-07-02 00:00:00', '2022-07-03 01:25:07'),
(2724, 1, 1, 10, 69, NULL, '2022-07-02 00:00:00', '2022-07-03 01:25:47'),
(2725, 1, 1, 21, 692, NULL, '2022-07-02 00:00:00', '2022-07-03 01:26:08'),
(2726, 1, 1, 5, 208, NULL, '2022-07-02 00:00:00', '2022-07-03 01:26:46'),
(2727, 1, 1, 60, 620, NULL, '2022-07-02 00:00:00', '2022-07-03 01:27:52'),
(2728, 1, 1, 72, 872, NULL, '2022-07-02 00:00:00', '2022-07-03 01:28:27'),
(2729, 1, 1, 10, 710, NULL, '2022-07-02 00:00:00', '2022-07-03 01:29:10'),
(2730, 1, 1, 25, 182, NULL, '2022-07-02 00:00:00', '2022-07-03 01:29:43'),
(2731, 1, 1, 10, 646, NULL, '2022-07-02 00:00:00', '2022-07-03 01:30:07'),
(2732, 1, 1, 5, 310, NULL, '2022-07-02 00:00:00', '2022-07-03 01:30:33'),
(2733, 1, 1, 4, 5, NULL, '2022-07-02 00:00:00', '2022-07-03 01:31:08'),
(2734, 1, 1, 15, 335, NULL, '2022-07-02 00:00:00', '2022-07-03 01:31:27'),
(2735, 1, 1, 2, 142, NULL, '2022-07-02 00:00:00', '2022-07-03 01:31:51'),
(2736, 1, 1, 39, 520, NULL, '2022-07-02 00:00:00', '2022-07-03 01:32:54'),
(2737, 1, 1, 11, 5, NULL, '2022-07-02 00:00:00', '2022-07-03 01:33:22'),
(2738, 1, 1, 10, 688, NULL, '2022-07-02 00:00:00', '2022-07-03 01:33:49'),
(2739, 1, 1, 20, 692, NULL, '2022-07-02 00:00:00', '2022-07-03 01:34:31'),
(2740, 1, 1, 19, 219, NULL, '2022-07-02 00:00:00', '2022-07-03 01:34:50'),
(2741, 1, 1, 6, 377, NULL, '2022-07-02 00:00:00', '2022-07-03 01:37:28'),
(2742, 1, 1, 5, 460, NULL, '2022-07-02 00:00:00', '2022-07-03 01:40:41'),
(2743, 1, 1, 10, 283, NULL, '2022-07-02 00:00:00', '2022-07-03 01:41:28'),
(2744, 1, 1, 25, 620, NULL, '2022-07-02 00:00:00', '2022-07-03 01:41:53'),
(2745, 1, 1, 38, 533, NULL, '2022-07-02 00:00:00', '2022-07-03 01:42:14'),
(2746, 1, 2, 6, 430, NULL, '2022-07-02 00:00:00', '2022-07-03 01:45:17'),
(2747, 1, 1, 24, 628, NULL, '2022-07-02 00:00:00', '2022-07-03 01:45:28'),
(2748, 1, 2, 10, 489, NULL, '2022-07-02 00:00:00', '2022-07-03 01:46:17'),
(2749, 1, 2, 50, 437, NULL, '2022-07-02 00:00:00', '2022-07-03 01:46:44'),
(2750, 1, 1, 10, 399, NULL, '2022-07-02 00:00:00', '2022-07-03 01:46:58');
INSERT INTO `cash_app_forms` (`id`, `cash_app_id`, `account_id`, `amount`, `form_id`, `deleted_at`, `created_at`, `updated_at`) VALUES
(2751, 1, 2, 10, 430, NULL, '2022-07-02 00:00:00', '2022-07-03 01:47:37'),
(2752, 1, 1, 30, 628, NULL, '2022-07-02 00:00:00', '2022-07-03 01:47:39'),
(2753, 1, 1, 5, 460, NULL, '2022-07-02 00:00:00', '2022-07-03 01:48:13'),
(2754, 1, 1, 18, 710, NULL, '2022-07-02 00:00:00', '2022-07-03 01:48:49'),
(2755, 1, 1, 19, 628, NULL, '2022-07-02 00:00:00', '2022-07-03 01:49:21'),
(2756, 1, 1, 50, 653, NULL, '2022-07-02 00:00:00', '2022-07-03 01:49:45'),
(2757, 1, 1, 10, 182, NULL, '2022-07-02 00:00:00', '2022-07-03 01:51:04'),
(2758, 1, 2, 20, 620, NULL, '2022-07-02 00:00:00', '2022-07-03 01:51:23'),
(2759, 1, 1, 5, 687, NULL, '2022-07-02 00:00:00', '2022-07-03 01:51:39'),
(2760, 1, 2, 10, 512, NULL, '2022-07-02 00:00:00', '2022-07-03 01:52:11'),
(2761, 1, 2, 20, 620, NULL, '2022-07-02 00:00:00', '2022-07-03 01:52:33'),
(2762, 1, 2, 9, 512, NULL, '2022-07-02 00:00:00', '2022-07-03 01:52:46'),
(2763, 1, 2, 20, 620, NULL, '2022-07-02 00:00:00', '2022-07-03 01:53:01'),
(2764, 1, 2, 5, 249, NULL, '2022-07-02 00:00:00', '2022-07-03 01:53:17'),
(2765, 1, 2, 15, 322, NULL, '2022-07-02 00:00:00', '2022-07-03 01:53:43'),
(2766, 1, 1, 23, 447, NULL, '2022-07-02 00:00:00', '2022-07-03 01:54:25'),
(2767, 1, 1, 25, 142, NULL, '2022-07-02 00:00:00', '2022-07-03 01:54:46'),
(2768, 1, 2, 10, 463, NULL, '2022-07-02 00:00:00', '2022-07-03 01:56:36'),
(2769, 1, 2, 42, 470, NULL, '2022-07-02 00:00:00', '2022-07-03 01:56:54'),
(2770, 1, 2, 40, 322, NULL, '2022-07-02 00:00:00', '2022-07-03 01:57:14'),
(2771, 1, 1, 19, 692, NULL, '2022-07-02 00:00:00', '2022-07-03 01:57:14'),
(2772, 1, 1, 10, 127, NULL, '2022-07-02 00:00:00', '2022-07-03 01:57:35'),
(2773, 1, 1, 24, 687, NULL, '2022-07-02 00:00:00', '2022-07-03 01:57:50'),
(2774, 1, 2, 40, 689, NULL, '2022-07-02 00:00:00', '2022-07-03 01:57:53'),
(2775, 1, 2, 25, 273, NULL, '2022-07-02 00:00:00', '2022-07-03 01:58:13'),
(2776, 1, 1, 10, 215, NULL, '2022-07-02 00:00:00', '2022-07-03 01:58:31'),
(2777, 1, 2, 40, 689, NULL, '2022-07-02 00:00:00', '2022-07-03 01:58:47'),
(2778, 1, 1, 7, 228, NULL, '2022-07-02 00:00:00', '2022-07-03 01:59:05'),
(2779, 1, 1, 22, 102, NULL, '2022-07-02 00:00:00', '2022-07-03 02:01:03'),
(2780, 1, 1, 28, 628, NULL, '2022-07-02 00:00:00', '2022-07-03 02:01:46'),
(2781, 1, 2, 10, 283, NULL, '2022-07-02 00:00:00', '2022-07-03 02:02:02'),
(2782, 1, 2, 7, 375, NULL, '2022-07-02 00:00:00', '2022-07-03 02:02:15'),
(2783, 1, 1, 20, 447, NULL, '2022-07-02 00:00:00', '2022-07-03 02:02:24'),
(2784, 1, 2, 5, 582, NULL, '2022-07-02 00:00:00', '2022-07-03 02:02:29'),
(2785, 1, 2, 20, 102, NULL, '2022-07-02 00:00:00', '2022-07-03 02:02:42'),
(2786, 1, 1, 10, 688, NULL, '2022-07-02 00:00:00', '2022-07-03 02:03:01'),
(2787, 1, 2, 10, 750, NULL, '2022-07-02 00:00:00', '2022-07-03 02:03:20'),
(2788, 1, 1, 25, 447, NULL, '2022-07-02 00:00:00', '2022-07-03 02:03:27'),
(2789, 1, 2, 15, 582, NULL, '2022-07-02 00:00:00', '2022-07-03 02:03:31'),
(2790, 1, 1, 20, 283, NULL, '2022-07-02 00:00:00', '2022-07-03 02:03:55'),
(2791, 1, 1, 50, 220, NULL, '2022-07-02 00:00:00', '2022-07-03 02:04:12'),
(2792, 1, 1, 20, 447, NULL, '2022-07-02 00:00:00', '2022-07-03 02:04:40'),
(2793, 1, 1, 25, 620, NULL, '2022-07-02 00:00:00', '2022-07-03 02:06:01'),
(2794, 1, 2, 10, 439, NULL, '2022-07-02 00:00:00', '2022-07-03 02:06:18'),
(2795, 1, 1, 29, 628, NULL, '2022-07-02 00:00:00', '2022-07-03 02:06:30'),
(2796, 1, 1, 10, 768, NULL, '2022-07-02 00:00:00', '2022-07-03 02:06:47'),
(2797, 1, 1, 20, 406, NULL, '2022-07-02 00:00:00', '2022-07-03 02:07:36'),
(2798, 1, 1, 55, 345, NULL, '2022-07-02 00:00:00', '2022-07-03 02:07:52'),
(2799, 1, 2, 10, 621, NULL, '2022-07-02 00:00:00', '2022-07-03 02:07:55'),
(2800, 1, 1, 13, 115, NULL, '2022-07-02 00:00:00', '2022-07-03 02:08:15'),
(2801, 1, 1, 10, 567, NULL, '2022-07-02 00:00:00', '2022-07-03 02:08:30'),
(2802, 1, 1, 12, 356, NULL, '2022-07-02 00:00:00', '2022-07-03 02:08:51'),
(2803, 1, 1, 5, 889, NULL, '2022-07-02 00:00:00', '2022-07-03 02:09:19'),
(2804, 1, 2, 20, 399, NULL, '2022-07-02 00:00:00', '2022-07-03 02:09:20'),
(2805, 1, 2, 10, 685, NULL, '2022-07-02 00:00:00', '2022-07-03 02:09:42'),
(2806, 1, 2, 10, 430, NULL, '2022-07-02 00:00:00', '2022-07-03 02:10:02'),
(2807, 1, 1, 13, 142, NULL, '2022-07-02 00:00:00', '2022-07-03 02:10:02'),
(2808, 1, 2, 15, 580, NULL, '2022-07-02 00:00:00', '2022-07-03 02:10:22'),
(2809, 1, 1, 10, 680, NULL, '2022-07-02 00:00:00', '2022-07-03 02:10:30'),
(2810, 1, 1, 9, 459, NULL, '2022-07-02 00:00:00', '2022-07-03 02:10:55'),
(2811, 1, 1, 5, 11, NULL, '2022-07-02 00:00:00', '2022-07-03 02:11:14'),
(2812, 1, 2, 10, 697, NULL, '2022-07-02 00:00:00', '2022-07-03 02:11:23'),
(2813, 1, 1, 10, 283, NULL, '2022-07-02 00:00:00', '2022-07-03 02:11:30'),
(2814, 1, 2, 6, 607, NULL, '2022-07-02 00:00:00', '2022-07-03 02:11:55'),
(2815, 1, 1, 10, 824, NULL, '2022-07-02 00:00:00', '2022-07-03 02:12:10'),
(2816, 1, 1, 30, 454, NULL, '2022-07-02 00:00:00', '2022-07-03 02:12:35'),
(2817, 1, 1, 5, 430, NULL, '2022-07-02 00:00:00', '2022-07-03 02:13:04'),
(2818, 1, 1, 5, 5, NULL, '2022-07-02 00:00:00', '2022-07-03 02:13:22'),
(2819, 1, 1, 35, 219, NULL, '2022-07-02 00:00:00', '2022-07-03 02:13:44'),
(2820, 1, 1, 25, 428, NULL, '2022-07-02 00:00:00', '2022-07-03 02:14:01'),
(2821, 1, 1, 20, 620, NULL, '2022-07-02 00:00:00', '2022-07-03 02:14:20'),
(2822, 1, 1, 12, 692, NULL, '2022-07-02 00:00:00', '2022-07-03 02:14:42'),
(2823, 1, 1, 25, 428, NULL, '2022-07-02 00:00:00', '2022-07-03 02:15:12'),
(2824, 1, 1, 10, 768, NULL, '2022-07-02 00:00:00', '2022-07-03 02:15:30'),
(2825, 1, 1, 25, 428, NULL, '2022-07-02 00:00:00', '2022-07-03 02:15:49'),
(2826, 1, 1, 7, 809, NULL, '2022-07-02 00:00:00', '2022-07-03 02:16:13'),
(2827, 1, 1, 10, 182, NULL, '2022-07-02 00:00:00', '2022-07-03 02:16:27'),
(2828, 1, 1, 10, 688, NULL, '2022-07-02 00:00:00', '2022-07-03 02:16:42'),
(2829, 1, 2, 8, 828, NULL, '2022-07-02 00:00:00', '2022-07-03 02:16:50'),
(2830, 1, 1, 25, 37, NULL, '2022-07-02 00:00:00', '2022-07-03 02:17:00'),
(2831, 1, 2, 6, 423, NULL, '2022-07-02 00:00:00', '2022-07-03 02:17:03'),
(2832, 1, 2, 5, 249, NULL, '2022-07-02 00:00:00', '2022-07-03 02:17:19'),
(2833, 1, 1, 25, 459, NULL, '2022-07-02 00:00:00', '2022-07-03 02:17:28'),
(2834, 1, 1, 8, 688, NULL, '2022-07-02 00:00:00', '2022-07-03 02:17:46'),
(2835, 1, 1, 20, 620, NULL, '2022-07-02 00:00:00', '2022-07-03 02:18:11'),
(2836, 1, 1, 10, 588, NULL, '2022-07-02 00:00:00', '2022-07-03 02:18:30'),
(2837, 1, 1, 7, 375, NULL, '2022-07-02 00:00:00', '2022-07-03 02:18:45'),
(2838, 1, 1, 10, 430, NULL, '2022-07-02 00:00:00', '2022-07-03 02:19:03'),
(2839, 1, 1, 9, 5, NULL, '2022-07-02 00:00:00', '2022-07-03 02:19:19'),
(2840, 1, 1, 10, 688, NULL, '2022-07-02 00:00:00', '2022-07-03 02:19:41'),
(2841, 1, 1, 16, 102, NULL, '2022-07-02 00:00:00', '2022-07-03 02:20:24'),
(2842, 1, 1, 30, 179, NULL, '2022-07-02 00:00:00', '2022-07-03 02:20:56'),
(2843, 1, 1, 10, 680, NULL, '2022-07-02 00:00:00', '2022-07-03 02:21:15'),
(2844, 1, 1, 30, 182, NULL, '2022-07-02 00:00:00', '2022-07-03 02:21:55'),
(2845, 1, 1, 5, 809, NULL, '2022-07-02 00:00:00', '2022-07-03 02:22:12'),
(2846, 1, 1, 5, 688, NULL, '2022-07-02 00:00:00', '2022-07-03 02:23:00'),
(2847, 1, 1, 4, 67, NULL, '2022-07-02 00:00:00', '2022-07-03 02:23:23'),
(2848, 1, 1, 100, 488, NULL, '2022-07-02 00:00:00', '2022-07-03 02:24:06'),
(2849, 1, 1, 49, 406, NULL, '2022-07-02 00:00:00', '2022-07-03 02:24:46'),
(2850, 1, 1, 40, 633, NULL, '2022-07-02 00:00:00', '2022-07-03 02:26:07'),
(2851, 1, 1, 25, 365, NULL, '2022-07-02 00:00:00', '2022-07-03 02:27:04'),
(2852, 1, 1, 30, 219, NULL, '2022-07-02 00:00:00', '2022-07-03 02:27:30'),
(2853, 1, 1, 5, 416, NULL, '2022-07-02 00:00:00', '2022-07-03 02:27:52'),
(2854, 1, 1, 9, 459, NULL, '2022-07-02 00:00:00', '2022-07-03 02:28:08'),
(2855, 1, 1, 40, 589, NULL, '2022-07-02 00:00:00', '2022-07-03 02:28:25'),
(2856, 1, 1, 10, 13, NULL, '2022-07-02 00:00:00', '2022-07-03 02:28:42'),
(2857, 1, 1, 20, 269, NULL, '2022-07-02 00:00:00', '2022-07-03 02:28:58'),
(2858, 1, 1, 21, 692, NULL, '2022-07-02 00:00:00', '2022-07-03 02:32:21'),
(2859, 1, 1, 59, 406, NULL, '2022-07-02 00:00:00', '2022-07-03 02:32:45'),
(2860, 1, 1, 10, 460, NULL, '2022-07-02 00:00:00', '2022-07-03 02:33:21'),
(2861, 1, 1, 10, 495, NULL, '2022-07-02 00:00:00', '2022-07-03 02:33:38'),
(2862, 1, 1, 10, 198, NULL, '2022-07-02 00:00:00', '2022-07-03 02:34:10'),
(2863, 1, 1, 30, 269, NULL, '2022-07-02 00:00:00', '2022-07-03 02:34:28'),
(2864, 1, 1, 10, 325, NULL, '2022-07-02 00:00:00', '2022-07-03 02:34:50'),
(2865, 1, 1, 39, 406, NULL, '2022-07-02 00:00:00', '2022-07-03 02:35:18'),
(2866, 1, 1, 20, 37, NULL, '2022-07-02 00:00:00', '2022-07-03 02:35:48'),
(2867, 1, 1, 10, 228, NULL, '2022-07-02 00:00:00', '2022-07-03 02:36:03'),
(2868, 1, 1, 10, 824, NULL, '2022-07-02 00:00:00', '2022-07-03 02:39:05'),
(2869, 1, 1, 5, 327, NULL, '2022-07-02 00:00:00', '2022-07-03 02:39:38'),
(2870, 1, 1, 5, 327, NULL, '2022-07-02 00:00:00', '2022-07-03 02:43:59'),
(2871, 1, 1, 20, 43, NULL, '2022-07-02 00:00:00', '2022-07-03 02:44:56'),
(2872, 1, 1, 5, 179, NULL, '2022-07-02 00:00:00', '2022-07-03 02:45:19'),
(2873, 1, 1, 17, 219, NULL, '2022-07-02 00:00:00', '2022-07-03 02:45:36'),
(2874, 1, 1, 10, 459, NULL, '2022-07-02 00:00:00', '2022-07-03 02:45:57'),
(2875, 1, 1, 20, 102, NULL, '2022-07-02 00:00:00', '2022-07-03 02:46:10'),
(2876, 1, 1, 20, 115, NULL, '2022-07-02 00:00:00', '2022-07-03 02:46:25'),
(2877, 1, 1, 10, 198, NULL, '2022-07-02 00:00:00', '2022-07-03 02:46:50'),
(2878, 1, 1, 20, 692, NULL, '2022-07-02 00:00:00', '2022-07-03 02:47:05'),
(2879, 1, 1, 10, 454, NULL, '2022-07-02 00:00:00', '2022-07-03 02:47:21'),
(2880, 1, 1, 30, 269, NULL, '2022-07-02 00:00:00', '2022-07-03 02:47:35'),
(2881, 1, 1, 5, 460, NULL, '2022-07-02 00:00:00', '2022-07-03 02:47:49'),
(2882, 1, 1, 10, 495, NULL, '2022-07-02 00:00:00', '2022-07-03 02:48:03'),
(2883, 1, 1, 10, 687, NULL, '2022-07-02 00:00:00', '2022-07-03 02:48:19'),
(2884, 1, 1, 15, 459, NULL, '2022-07-02 00:00:00', '2022-07-03 02:48:31'),
(2885, 1, 1, 30, 168, NULL, '2022-07-02 00:00:00', '2022-07-03 02:48:50'),
(2886, 1, 1, 25, 168, NULL, '2022-07-02 00:00:00', '2022-07-03 02:48:58'),
(2887, 1, 1, 50, 589, NULL, '2022-07-02 00:00:00', '2022-07-03 02:49:23'),
(2888, 1, 1, 10, 310, NULL, '2022-07-02 00:00:00', '2022-07-03 02:49:52'),
(2889, 1, 2, 5, 249, NULL, '2022-07-02 00:00:00', '2022-07-03 02:49:55'),
(2890, 1, 2, 10, 430, NULL, '2022-07-02 00:00:00', '2022-07-03 02:50:18'),
(2891, 1, 1, 15, 179, NULL, '2022-07-02 00:00:00', '2022-07-03 02:50:22'),
(2892, 1, 2, 13, 621, NULL, '2022-07-02 00:00:00', '2022-07-03 02:50:34'),
(2893, 1, 2, 10, 283, NULL, '2022-07-02 00:00:00', '2022-07-03 02:50:58'),
(2894, 1, 2, 10, 651, NULL, '2022-07-02 00:00:00', '2022-07-03 02:51:43'),
(2895, 1, 1, 14, 824, NULL, '2022-07-02 00:00:00', '2022-07-03 02:52:31'),
(2896, 1, 1, 7, 265, NULL, '2022-07-02 00:00:00', '2022-07-03 02:52:49'),
(2897, 1, 1, 10, 621, NULL, '2022-07-02 00:00:00', '2022-07-03 02:53:07'),
(2898, 1, 1, 10, 621, NULL, '2022-07-02 00:00:00', '2022-07-03 02:53:24'),
(2899, 1, 1, 30, 680, NULL, '2022-07-02 00:00:00', '2022-07-03 02:53:45'),
(2900, 1, 2, 10, 215, NULL, '2022-07-02 00:00:00', '2022-07-03 02:53:58'),
(2901, 1, 2, 10, 215, NULL, '2022-07-02 00:00:00', '2022-07-03 02:53:59'),
(2902, 1, 1, 10, 495, NULL, '2022-07-02 00:00:00', '2022-07-03 02:54:10'),
(2903, 1, 1, 20, 692, NULL, '2022-07-02 00:00:00', '2022-07-03 02:54:36'),
(2904, 1, 2, 8, 490, NULL, '2022-07-02 00:00:00', '2022-07-03 02:54:47'),
(2905, 1, 1, 5, 5, NULL, '2022-07-02 00:00:00', '2022-07-03 02:54:57'),
(2906, 1, 1, 5, 265, NULL, '2022-07-02 00:00:00', '2022-07-03 02:55:12'),
(2907, 1, 2, 25, 620, NULL, '2022-07-02 00:00:00', '2022-07-03 02:55:27'),
(2908, 1, 1, 15, 692, NULL, '2022-07-02 00:00:00', '2022-07-03 02:55:28'),
(2909, 1, 2, 20, 689, NULL, '2022-07-02 00:00:00', '2022-07-03 02:55:50'),
(2910, 1, 1, 5, 460, NULL, '2022-07-02 00:00:00', '2022-07-03 02:55:51'),
(2911, 1, 1, 20, 182, NULL, '2022-07-02 00:00:00', '2022-07-03 02:56:17'),
(2912, 1, 1, 10, 459, NULL, '2022-07-02 00:00:00', '2022-07-03 02:56:30'),
(2913, 1, 1, 12, 102, NULL, '2022-07-02 00:00:00', '2022-07-03 02:56:49'),
(2914, 1, 1, 7, 375, NULL, '2022-07-02 00:00:00', '2022-07-03 02:57:09'),
(2915, 1, 1, 20, 15, NULL, '2022-07-02 00:00:00', '2022-07-03 02:58:40'),
(2916, 1, 1, 5, 824, NULL, '2022-07-02 00:00:00', '2022-07-03 02:59:01'),
(2917, 1, 1, 10, 695, NULL, '2022-07-02 00:00:00', '2022-07-03 02:59:23'),
(2918, 1, 2, 15, 296, NULL, '2022-07-02 00:00:00', '2022-07-03 02:59:49'),
(2919, 1, 1, 20, 313, NULL, '2022-07-02 00:00:00', '2022-07-03 02:59:57'),
(2920, 1, 1, 20, 15, NULL, '2022-07-02 00:00:00', '2022-07-03 03:00:10'),
(2921, 1, 1, 38, 488, NULL, '2022-07-02 00:00:00', '2022-07-03 03:00:41'),
(2922, 1, 1, 10, 399, NULL, '2022-07-02 00:00:00', '2022-07-03 03:01:05'),
(2923, 1, 1, 10, 824, NULL, '2022-07-02 00:00:00', '2022-07-03 03:01:29'),
(2924, 1, 1, 3, 327, NULL, '2022-07-02 00:00:00', '2022-07-03 03:01:56'),
(2925, 1, 1, 25, 801, NULL, '2022-07-02 00:00:00', '2022-07-03 03:02:18'),
(2926, 1, 1, 21, 628, NULL, '2022-07-02 00:00:00', '2022-07-03 03:03:03'),
(2927, 1, 1, 5, 430, NULL, '2022-07-02 00:00:00', '2022-07-03 03:03:32'),
(2928, 1, 2, 29, 689, NULL, '2022-07-02 00:00:00', '2022-07-03 03:07:10'),
(2929, 1, 1, 700, 2, NULL, '2022-07-03 09:09:07', '2022-07-03 09:09:07'),
(2930, 1, 1, 700, 1, NULL, '2022-07-03 09:09:11', '2022-07-03 09:09:11');

-- --------------------------------------------------------

--
-- Table structure for table `failed_jobs`
--

CREATE TABLE `failed_jobs` (
  `id` bigint(20) UNSIGNED NOT NULL,
  `uuid` varchar(255) COLLATE utf8mb4_unicode_ci NOT NULL,
  `connection` text COLLATE utf8mb4_unicode_ci NOT NULL,
  `queue` text COLLATE utf8mb4_unicode_ci NOT NULL,
  `payload` longtext COLLATE utf8mb4_unicode_ci NOT NULL,
  `exception` longtext COLLATE utf8mb4_unicode_ci NOT NULL,
  `failed_at` timestamp NOT NULL DEFAULT current_timestamp()
) ENGINE=InnoDB DEFAULT CHARSET=utf8mb4 COLLATE=utf8mb4_unicode_ci;

-- --------------------------------------------------------

--
-- Table structure for table `formnumbers`
--

CREATE TABLE `formnumbers` (
  `id` bigint(20) UNSIGNED NOT NULL,
  `us_citizen` varchar(255) COLLATE utf8mb4_unicode_ci DEFAULT NULL,
  `driving_license` varchar(200) COLLATE utf8mb4_unicode_ci DEFAULT NULL,
  `cash_app` varchar(255) COLLATE utf8mb4_unicode_ci DEFAULT NULL,
  `cash_app_score` varchar(255) COLLATE utf8mb4_unicode_ci DEFAULT NULL,
  `cash_app_send_limit` varchar(255) COLLATE utf8mb4_unicode_ci DEFAULT NULL,
  `state` varchar(255) COLLATE utf8mb4_unicode_ci DEFAULT NULL,
  `crime` varchar(255) COLLATE utf8mb4_unicode_ci DEFAULT NULL,
  `extra_1` varchar(255) COLLATE utf8mb4_unicode_ci DEFAULT NULL,
  `extra_2` varchar(255) COLLATE utf8mb4_unicode_ci DEFAULT NULL,
  `phone_number` varchar(200) COLLATE utf8mb4_unicode_ci DEFAULT NULL,
  `note` longtext COLLATE utf8mb4_unicode_ci DEFAULT NULL,
  `created_at` timestamp NULL DEFAULT NULL,
  `updated_at` timestamp NULL DEFAULT NULL
) ENGINE=InnoDB DEFAULT CHARSET=utf8mb4 COLLATE=utf8mb4_unicode_ci;

-- --------------------------------------------------------

--
-- Table structure for table `forms`
--

CREATE TABLE `forms` (
  `id` bigint(20) UNSIGNED NOT NULL,
  `token` varchar(200) COLLATE utf8mb4_unicode_ci DEFAULT NULL,
  `full_name` varchar(255) COLLATE utf8mb4_unicode_ci DEFAULT NULL,
  `number` varchar(255) COLLATE utf8mb4_unicode_ci DEFAULT NULL,
  `email` varchar(255) COLLATE utf8mb4_unicode_ci DEFAULT NULL,
  `status_id` bigint(20) UNSIGNED DEFAULT NULL,
  `mail` varchar(255) COLLATE utf8mb4_unicode_ci DEFAULT NULL,
  `intervals` datetime NOT NULL,
  `count` varchar(255) COLLATE utf8mb4_unicode_ci NOT NULL,
  `note` varchar(255) COLLATE utf8mb4_unicode_ci DEFAULT NULL,
  `r_id` varchar(255) COLLATE utf8mb4_unicode_ci DEFAULT NULL,
  `facebook_name` varchar(255) COLLATE utf8mb4_unicode_ci DEFAULT NULL,
  `game_id` varchar(255) COLLATE utf8mb4_unicode_ci DEFAULT NULL,
  `balance` int(11) NOT NULL DEFAULT 0,
  `deleted_at` datetime DEFAULT NULL,
  `created_at` timestamp NULL DEFAULT NULL,
  `updated_at` timestamp NULL DEFAULT NULL
) ENGINE=InnoDB DEFAULT CHARSET=utf8mb4 COLLATE=utf8mb4_unicode_ci;

--
-- Dumping data for table `forms`
--

INSERT INTO `forms` (`id`, `token`, `full_name`, `number`, `email`, `status_id`, `mail`, `intervals`, `count`, `note`, `r_id`, `facebook_name`, `game_id`, `balance`, `deleted_at`, `created_at`, `updated_at`) VALUES
(1, 'eT6VIRpoAV4nd4kJvmJIM8bfPlyM2QpH', 'Test data1', '6567654567', 'prasundahal@gmail.com', NULL, 'LA', '2022-07-06 18:22:47', '1', 'test data1', NULL, 'Test data1', 'S_fire1', 1, NULL, '2022-07-03 12:37:47', '2022-07-03 03:24:11'),
(2, '3tU4FrRixvLJstcxakD2mhcrucolLdgq', 'Test data2', '3434545454', 'prasundahal2@gmail.com', NULL, 'NY', '2022-07-08 18:29:04', '', 'Test data2', NULL, 'Test data2', 'S_TEST2', 1, NULL, '2022-07-03 12:44:04', '2022-07-03 03:24:07');

-- --------------------------------------------------------

--
-- Table structure for table `form_balances`
--

CREATE TABLE `form_balances` (
  `id` bigint(20) UNSIGNED NOT NULL,
  `form_id` bigint(20) UNSIGNED NOT NULL,
  `account_id` bigint(20) UNSIGNED NOT NULL,
  `amount` int(11) NOT NULL,
  `created_by` bigint(20) UNSIGNED NOT NULL,
  `deleted_at` datetime DEFAULT NULL,
  `created_at` datetime NOT NULL DEFAULT current_timestamp(),
  `updated_at` datetime DEFAULT NULL
) ENGINE=InnoDB DEFAULT CHARSET=utf8mb4;

--
-- Dumping data for table `form_balances`
--

INSERT INTO `form_balances` (`id`, `form_id`, `account_id`, `amount`, `created_by`, `deleted_at`, `created_at`, `updated_at`) VALUES
(1, 1, 1, 600, 3, NULL, '2022-07-03 18:35:28', '2022-07-03 18:34:44'),
(2, 2, 2, 600, 3, NULL, '2022-07-03 18:36:00', '2022-07-03 18:35:37'),
(3, 2, 1, 700, 4, NULL, '2022-07-03 09:09:07', '2022-07-03 09:09:07'),
(4, 1, 1, 700, 4, NULL, '2022-07-03 09:09:11', '2022-07-03 09:09:11');

-- --------------------------------------------------------

--
-- Table structure for table `form_games`
--

CREATE TABLE `form_games` (
  `id` bigint(20) UNSIGNED NOT NULL,
  `form_id` bigint(20) UNSIGNED NOT NULL,
  `account_id` bigint(20) UNSIGNED DEFAULT NULL,
  `game_id` varchar(200) DEFAULT NULL,
  `created_by` bigint(20) UNSIGNED DEFAULT NULL,
  `deleted_at` datetime DEFAULT NULL,
  `created_at` datetime NOT NULL DEFAULT current_timestamp(),
  `updated_at` datetime DEFAULT NULL
) ENGINE=InnoDB DEFAULT CHARSET=utf8mb4;

--
-- Dumping data for table `form_games`
--

INSERT INTO `form_games` (`id`, `form_id`, `account_id`, `game_id`, `created_by`, `deleted_at`, `created_at`, `updated_at`) VALUES
(1, 1, 1, 's_testdata1', 4, NULL, '2022-07-03 08:40:50', '2022-07-03 08:40:50'),
(2, 2, 1, 's_TEST2', 4, NULL, '2022-07-03 08:55:29', '2022-07-03 08:55:29');

-- --------------------------------------------------------

--
-- Table structure for table `form_redeems`
--

CREATE TABLE `form_redeems` (
  `id` bigint(20) UNSIGNED NOT NULL,
  `form_id` bigint(20) UNSIGNED NOT NULL,
  `account_id` bigint(20) UNSIGNED NOT NULL,
  `amount` int(11) NOT NULL,
  `created_by` bigint(20) UNSIGNED NOT NULL,
  `deleted_at` datetime DEFAULT NULL,
  `created_at` datetime NOT NULL DEFAULT current_timestamp(),
  `updated_at` datetime DEFAULT NULL
) ENGINE=InnoDB DEFAULT CHARSET=utf8mb4;

-- --------------------------------------------------------

--
-- Table structure for table `form_refers`
--

CREATE TABLE `form_refers` (
  `id` bigint(20) UNSIGNED NOT NULL,
  `form_id` bigint(20) UNSIGNED NOT NULL,
  `account_id` bigint(20) UNSIGNED NOT NULL,
  `amount` int(11) NOT NULL,
  `created_by` bigint(20) UNSIGNED NOT NULL,
  `deleted_at` datetime DEFAULT NULL,
  `created_at` datetime NOT NULL DEFAULT current_timestamp(),
  `updated_at` datetime DEFAULT NULL
) ENGINE=InnoDB DEFAULT CHARSET=utf8mb4;

-- --------------------------------------------------------

--
-- Table structure for table `form_tips`
--

CREATE TABLE `form_tips` (
  `id` bigint(20) UNSIGNED NOT NULL,
  `form_id` bigint(20) UNSIGNED NOT NULL,
  `account_id` bigint(20) UNSIGNED NOT NULL,
  `amount` int(11) NOT NULL,
  `created_by` bigint(20) UNSIGNED NOT NULL,
  `deleted_at` datetime DEFAULT NULL,
  `created_at` datetime NOT NULL DEFAULT current_timestamp(),
  `updated_at` datetime DEFAULT NULL
) ENGINE=InnoDB DEFAULT CHARSET=utf8mb4;

-- --------------------------------------------------------

--
-- Table structure for table `general_setting`
--

CREATE TABLE `general_setting` (
  `id` int(11) NOT NULL,
  `logo` varchar(255) DEFAULT NULL,
  `admin_logo` varchar(255) DEFAULT NULL,
  `admin_background` varchar(255) DEFAULT NULL,
  `admin_login_sidebar` varchar(255) DEFAULT NULL,
  `favicon` varchar(255) DEFAULT NULL,
  `sitename` varchar(255) DEFAULT NULL,
  `site_email` varchar(255) DEFAULT NULL,
  `limit_amount` int(11) NOT NULL DEFAULT 0,
  `spinner_message_monthly` int(11) NOT NULL DEFAULT 0,
  `spinner_message` int(11) NOT NULL DEFAULT 0,
  `above_limit_text` longtext NOT NULL,
  `between_limit_text` longtext NOT NULL,
  `below_limit_text` longtext NOT NULL,
  `emails` longtext DEFAULT NULL,
  `bonus_report_emails` longtext DEFAULT NULL,
  `new_register_mail` longtext DEFAULT NULL,
  `created_at` timestamp NULL DEFAULT current_timestamp() ON UPDATE current_timestamp(),
  `updated_at` timestamp NULL DEFAULT current_timestamp(),
  `captcha` int(11) NOT NULL DEFAULT 1,
  `captcha_type` enum('custom','google') NOT NULL DEFAULT 'custom',
  `api_key` varchar(200) DEFAULT NULL,
  `api_secret` varchar(200) DEFAULT NULL,
  `theme` varchar(200) NOT NULL DEFAULT 'default',
  `registration_email` int(11) NOT NULL DEFAULT 0,
  `registration_sms` int(11) NOT NULL DEFAULT 0,
  `mail_text` longtext DEFAULT NULL,
  `sms_text` longtext DEFAULT NULL,
  `spinner_date` int(11) NOT NULL DEFAULT 1,
  `spinner_time` time DEFAULT NULL
) ENGINE=InnoDB DEFAULT CHARSET=utf8mb4;

--
-- Dumping data for table `general_setting`
--

INSERT INTO `general_setting` (`id`, `logo`, `admin_logo`, `admin_background`, `admin_login_sidebar`, `favicon`, `sitename`, `site_email`, `limit_amount`, `spinner_message_monthly`, `spinner_message`, `above_limit_text`, `between_limit_text`, `below_limit_text`, `emails`, `bonus_report_emails`, `new_register_mail`, `created_at`, `updated_at`, `captcha`, `captcha_type`, `api_key`, `api_secret`, `theme`, `registration_email`, `registration_sms`, `mail_text`, `sms_text`, `spinner_date`, `spinner_time`) VALUES
(1, 'uploads/logo/g3SONbJXFDvtOblHEy6TklxC5fchOnGUs0nxvCRQ.png', 'uploads/admin_logo/k8b8WghNCRYXsqHl6P9Gy6RZZ7Q6dpO7Ir4h6hhx.png', 'uploads/admin_login_background/huWC3oU6W6UIWoVtVw1rgCYiYiF2oFLMRkgMQQZg.jpg', 'uploads/admin_login_sidebar/oOXNjkzC8GFQSz5ENnsK3iGgRJCdO4MpEye2HL7t.jpg', 'uploads/favicon/ENc0qOHC7t6j5e1Iu2RLFOvrdD3T0TQLFgEo6VVO.png', 'Noorgames', 'narayenram287@gmail.com', 600, 1, 1, 'Congratulations !! you are now eligible for the spinner.', 'Come on !! You can do it. Only Few loads left to be eligible for the spinner.', 'If you get only few loads more you can be eligible for the spinner.', 'slimnoor96@gmail.com,prasundahal6@gmail.com', 'prasundahal@gmail.com,riteshnoor69@gmail.com,prasundahal6@gmail.com', 'prasundahal@gmail.com,riteshnoor69@gmail.com', '2022-07-03 11:15:53', '2022-07-03 01:30:53', 1, 'custom', '26c2dcc4', 'DrYVh47aBEzImi9J', 'default', 1, 0, 'has joined to the club. Yayyyy', 'You will get a $40 reward each month for playing at-least of $400 or more inside a month. We will inform you consequently once you are qualified to claim.', 3, '07:17:00');

-- --------------------------------------------------------

--
-- Table structure for table `histories`
--

CREATE TABLE `histories` (
  `id` bigint(20) UNSIGNED NOT NULL,
  `relation_id` bigint(20) UNSIGNED DEFAULT NULL,
  `form_id` bigint(20) UNSIGNED NOT NULL,
  `cash_apps_id` bigint(20) UNSIGNED DEFAULT NULL,
  `account_id` bigint(20) UNSIGNED NOT NULL,
  `amount_loaded` int(11) NOT NULL DEFAULT 0,
  `previous_balance` int(11) NOT NULL DEFAULT 0,
  `final_balance` int(11) NOT NULL DEFAULT 0,
  `type` enum('load','redeem','refer','cashAppLoad','tip') NOT NULL,
  `created_by` bigint(20) UNSIGNED DEFAULT NULL,
  `deleted_at` datetime DEFAULT NULL,
  `created_at` datetime NOT NULL DEFAULT current_timestamp(),
  `updated_at` datetime DEFAULT NULL
) ENGINE=InnoDB DEFAULT CHARSET=utf8mb4;

--
-- Dumping data for table `histories`
--

INSERT INTO `histories` (`id`, `relation_id`, `form_id`, `cash_apps_id`, `account_id`, `amount_loaded`, `previous_balance`, `final_balance`, `type`, `created_by`, `deleted_at`, `created_at`, `updated_at`) VALUES
(1, 1, 1, 1, 1, 600, 0, 600, 'load', 3, NULL, '2022-07-03 18:33:36', '2022-07-03 18:31:32'),
(2, 2, 2, 1, 1, 600, 0, 600, 'load', 3, NULL, '2022-07-03 18:36:57', '2022-07-03 18:36:13'),
(3, 3, 2, NULL, 1, 700, 0, 700, 'load', 4, NULL, '2022-07-03 09:09:07', '2022-07-03 09:09:07'),
(4, 4, 1, NULL, 1, 700, 0, 700, 'load', 4, NULL, '2022-07-03 09:09:11', '2022-07-03 09:09:11');

-- --------------------------------------------------------

--
-- Table structure for table `image`
--

CREATE TABLE `image` (
  `id` int(11) NOT NULL,
  `image` varchar(255) NOT NULL,
  `position` int(4) NOT NULL,
  `status` int(4) NOT NULL,
  `created_at` timestamp NOT NULL DEFAULT current_timestamp(),
  `updated_at` timestamp NOT NULL DEFAULT current_timestamp()
) ENGINE=InnoDB DEFAULT CHARSET=utf8mb4;

--
-- Dumping data for table `image`
--

INSERT INTO `image` (`id`, `image`, `position`, `status`, `created_at`, `updated_at`) VALUES
(1, 'uploads/image/272107696_1318865871922340_5721515223921903088_n.jpg\r\n', 1, 0, '2022-01-28 23:56:06', '2022-01-30 19:05:57'),
(2, 'uploads/image/272866325_423271989486410_8362175899793808790_n.jpg\r\n', 1, 0, '2022-01-29 07:06:01', '2022-01-30 02:07:27'),
(3, 'uploads/image/273054107_264083069169066_7073565873373852970_n.jpg\r\n', 1, 0, '2022-01-29 07:10:39', '2022-01-30 02:07:27'),
(5, 'uploads/image/272709198_420939913366426_7444378713634590310_n.jpg', 1, 0, '2022-01-29 07:13:48', '2022-01-30 03:17:13'),
(6, 'uploads/image/272690176_3084655565107466_1350280535828283901_n.jpg\r\n', 1, 0, '2022-01-29 07:19:37', '2022-01-30 03:17:12'),
(7, 'uploads/image/272122527_711556743542941_511702082272315186_n.jpg\r\n', 1, 0, '2022-01-29 07:21:57', '2022-01-30 03:17:11'),
(8, 'uploads/image/272910519_278473977711262_6706858412454480491_n.jpg\r\n', 1, 0, '2022-01-29 07:35:29', '2022-01-30 03:17:11'),
(14, 'uploads/image/aMrqIyEv6xbLGkI57wH35YzI7WMuu2vvaUEXB7im.jpg', 1, 0, '2022-01-30 03:17:03', '2022-01-30 18:55:13'),
(15, 'uploads/image/I91F7qEi6pxLXCjTcnbgeEZGlRpIhZjSwJ3l17mU.jpg', 1, 0, '2022-01-30 03:17:29', '2022-01-30 18:55:14'),
(16, 'uploads/image/5HF13PuX1Cf70mxmQZ9ndtgq2jdtc0oYHni6OH1N.jpg', 1, 0, '2022-01-30 03:17:44', '2022-01-30 18:55:14');

-- --------------------------------------------------------

--
-- Table structure for table `jobs`
--

CREATE TABLE `jobs` (
  `id` bigint(20) UNSIGNED NOT NULL,
  `queue` varchar(255) COLLATE utf8mb4_unicode_ci NOT NULL,
  `payload` longtext COLLATE utf8mb4_unicode_ci NOT NULL,
  `attempts` tinyint(3) UNSIGNED NOT NULL,
  `reserved_at` int(10) UNSIGNED DEFAULT NULL,
  `available_at` int(10) UNSIGNED NOT NULL,
  `created_at` int(10) UNSIGNED NOT NULL
) ENGINE=InnoDB DEFAULT CHARSET=utf8mb4 COLLATE=utf8mb4_unicode_ci;

--
-- Dumping data for table `jobs`
--

INSERT INTO `jobs` (`id`, `queue`, `payload`, `attempts`, `reserved_at`, `available_at`, `created_at`) VALUES
(35, 'default', '{\"uuid\":\"fde2a9ad-8791-4145-8646-f593d24a519b\",\"displayName\":\"App\\\\Jobs\\\\NewRegistrationAlert\",\"job\":\"Illuminate\\\\Queue\\\\CallQueuedHandler@call\",\"maxTries\":null,\"maxExceptions\":null,\"failOnTimeout\":false,\"backoff\":null,\"timeout\":7200,\"retryUntil\":null,\"data\":{\"commandName\":\"App\\\\Jobs\\\\NewRegistrationAlert\",\"command\":\"O:29:\\\"App\\\\Jobs\\\\NewRegistrationAlert\\\":12:{s:10:\\\"\\u0000*\\u0000details\\\";s:63:\\\"Hello Admin, Addison Weiss test has joined to the club. Yayyyy \\\";s:7:\\\"timeout\\\";i:7200;s:3:\\\"job\\\";N;s:10:\\\"connection\\\";N;s:5:\\\"queue\\\";N;s:15:\\\"chainConnection\\\";N;s:10:\\\"chainQueue\\\";N;s:19:\\\"chainCatchCallbacks\\\";N;s:5:\\\"delay\\\";O:25:\\\"Illuminate\\\\Support\\\\Carbon\\\":3:{s:4:\\\"date\\\";s:26:\\\"2022-06-29 09:47:52.472559\\\";s:13:\\\"timezone_type\\\";i:3;s:8:\\\"timezone\\\";s:16:\\\"America\\/New_York\\\";}s:11:\\\"afterCommit\\\";N;s:10:\\\"middleware\\\";a:0:{}s:7:\\\"chained\\\";a:0:{}}\"}}', 0, NULL, 1656510472, 1656510470),
(36, 'default', '{\"uuid\":\"0ff34209-ffcb-4823-b3c6-d3691922e771\",\"displayName\":\"App\\\\Jobs\\\\NewRegistrationAlert\",\"job\":\"Illuminate\\\\Queue\\\\CallQueuedHandler@call\",\"maxTries\":null,\"maxExceptions\":null,\"failOnTimeout\":false,\"backoff\":null,\"timeout\":7200,\"retryUntil\":null,\"data\":{\"commandName\":\"App\\\\Jobs\\\\NewRegistrationAlert\",\"command\":\"O:29:\\\"App\\\\Jobs\\\\NewRegistrationAlert\\\":12:{s:10:\\\"\\u0000*\\u0000details\\\";s:62:\\\"Hello Admin, Eliana Tyson test has joined to the club. Yayyyy \\\";s:7:\\\"timeout\\\";i:7200;s:3:\\\"job\\\";N;s:10:\\\"connection\\\";N;s:5:\\\"queue\\\";N;s:15:\\\"chainConnection\\\";N;s:10:\\\"chainQueue\\\";N;s:19:\\\"chainCatchCallbacks\\\";N;s:5:\\\"delay\\\";O:25:\\\"Illuminate\\\\Support\\\\Carbon\\\":3:{s:4:\\\"date\\\";s:26:\\\"2022-06-29 10:13:14.822559\\\";s:13:\\\"timezone_type\\\";i:3;s:8:\\\"timezone\\\";s:16:\\\"America\\/New_York\\\";}s:11:\\\"afterCommit\\\";N;s:10:\\\"middleware\\\";a:0:{}s:7:\\\"chained\\\";a:0:{}}\"}}', 0, NULL, 1656511994, 1656511992),
(37, 'default', '{\"uuid\":\"f1533370-0653-47cf-99c7-80c5cef07d94\",\"displayName\":\"App\\\\Jobs\\\\NewRegistrationAlert\",\"job\":\"Illuminate\\\\Queue\\\\CallQueuedHandler@call\",\"maxTries\":null,\"maxExceptions\":null,\"failOnTimeout\":false,\"backoff\":null,\"timeout\":7200,\"retryUntil\":null,\"data\":{\"commandName\":\"App\\\\Jobs\\\\NewRegistrationAlert\",\"command\":\"O:29:\\\"App\\\\Jobs\\\\NewRegistrationAlert\\\":12:{s:10:\\\"\\u0000*\\u0000details\\\";s:59:\\\"Hello Admin, Maisie Charles has joined to the club. Yayyyy \\\";s:7:\\\"timeout\\\";i:7200;s:3:\\\"job\\\";N;s:10:\\\"connection\\\";N;s:5:\\\"queue\\\";N;s:15:\\\"chainConnection\\\";N;s:10:\\\"chainQueue\\\";N;s:19:\\\"chainCatchCallbacks\\\";N;s:5:\\\"delay\\\";O:25:\\\"Illuminate\\\\Support\\\\Carbon\\\":3:{s:4:\\\"date\\\";s:26:\\\"2022-06-29 10:37:23.883627\\\";s:13:\\\"timezone_type\\\";i:3;s:8:\\\"timezone\\\";s:16:\\\"America\\/New_York\\\";}s:11:\\\"afterCommit\\\";N;s:10:\\\"middleware\\\";a:0:{}s:7:\\\"chained\\\";a:0:{}}\"}}', 0, NULL, 1656513443, 1656513441);

-- --------------------------------------------------------

--
-- Table structure for table `login_logs`
--

CREATE TABLE `login_logs` (
  `id` bigint(20) NOT NULL,
  `user_id` bigint(20) NOT NULL,
  `login_time` datetime NOT NULL DEFAULT current_timestamp(),
  `logout_time` datetime DEFAULT NULL,
  `created_at` datetime NOT NULL DEFAULT current_timestamp(),
  `updated_at` datetime DEFAULT NULL
) ENGINE=InnoDB DEFAULT CHARSET=utf8mb4;

--
-- Dumping data for table `login_logs`
--

INSERT INTO `login_logs` (`id`, `user_id`, `login_time`, `logout_time`, `created_at`, `updated_at`) VALUES
(1, 3, '2022-05-14 03:19:04', NULL, '2022-05-14 03:19:04', '2022-05-14 03:19:04'),
(2, 6, '2022-05-14 03:23:44', NULL, '2022-05-14 03:23:44', '2022-05-14 03:23:44'),
(3, 3, '2022-05-14 03:25:02', NULL, '2022-05-14 03:25:02', '2022-05-14 03:25:02'),
(4, 3, '2022-05-14 03:37:17', NULL, '2022-05-14 03:37:17', '2022-05-14 03:37:17'),
(5, 3, '2022-05-14 03:51:41', NULL, '2022-05-14 03:51:41', '2022-05-14 03:51:41'),
(6, 3, '2022-05-14 04:03:24', NULL, '2022-05-14 04:03:24', '2022-05-14 04:03:24'),
(7, 4, '2022-05-14 05:08:28', NULL, '2022-05-14 05:08:28', '2022-05-14 05:08:28'),
(8, 4, '2022-05-14 05:26:10', NULL, '2022-05-14 05:26:10', '2022-05-14 05:26:10'),
(9, 4, '2022-05-14 05:43:37', NULL, '2022-05-14 05:43:37', '2022-05-14 05:43:37'),
(10, 4, '2022-05-14 06:03:37', NULL, '2022-05-14 06:03:37', '2022-05-14 06:03:37'),
(11, 4, '2022-05-14 06:14:32', NULL, '2022-05-14 06:14:32', '2022-05-14 06:14:32'),
(12, 4, '2022-05-14 07:30:31', NULL, '2022-05-14 07:30:31', '2022-05-14 07:30:31'),
(13, 4, '2022-05-14 08:37:07', NULL, '2022-05-14 08:37:07', '2022-05-14 08:37:07'),
(14, 4, '2022-05-14 08:48:36', NULL, '2022-05-14 08:48:36', '2022-05-14 08:48:36'),
(15, 4, '2022-05-14 09:04:59', NULL, '2022-05-14 09:04:59', '2022-05-14 09:04:59'),
(16, 3, '2022-05-14 10:32:08', NULL, '2022-05-14 10:32:08', '2022-05-14 10:32:08'),
(17, 6, '2022-05-14 10:32:31', NULL, '2022-05-14 10:32:31', '2022-05-14 10:32:31'),
(18, 4, '2022-05-14 10:42:47', NULL, '2022-05-14 10:42:47', '2022-05-14 10:42:47'),
(19, 4, '2022-05-14 12:55:13', NULL, '2022-05-14 12:55:13', '2022-05-14 12:55:13'),
(20, 3, '2022-05-14 13:22:59', NULL, '2022-05-14 13:22:59', '2022-05-14 13:22:59'),
(21, 4, '2022-05-14 13:31:26', NULL, '2022-05-14 13:31:26', '2022-05-14 13:31:26'),
(22, 3, '2022-05-14 13:36:29', NULL, '2022-05-14 13:36:29', '2022-05-14 13:36:29'),
(23, 4, '2022-05-14 14:07:30', NULL, '2022-05-14 14:07:30', '2022-05-14 14:07:30'),
(24, 6, '2022-05-14 15:47:34', NULL, '2022-05-14 15:47:34', '2022-05-14 15:47:34'),
(25, 12, '2022-05-14 18:48:54', NULL, '2022-05-14 18:48:54', '2022-05-14 18:48:54'),
(26, 12, '2022-05-14 20:13:29', NULL, '2022-05-14 20:13:29', '2022-05-14 20:13:29'),
(27, 3, '2022-05-14 22:45:09', NULL, '2022-05-14 22:45:09', '2022-05-14 22:45:09'),
(28, 12, '2022-05-14 23:05:32', NULL, '2022-05-14 23:05:32', '2022-05-14 23:05:32'),
(29, 3, '2022-05-14 23:52:30', NULL, '2022-05-14 23:52:30', '2022-05-14 23:52:30'),
(30, 3, '2022-05-15 00:03:35', NULL, '2022-05-15 00:03:35', '2022-05-15 00:03:35'),
(31, 3, '2022-05-15 01:33:17', NULL, '2022-05-15 01:33:17', '2022-05-15 01:33:17'),
(32, 10, '2022-05-15 05:52:50', NULL, '2022-05-15 05:52:50', '2022-05-15 05:52:50'),
(33, 3, '2022-05-15 06:09:37', NULL, '2022-05-15 06:09:37', '2022-05-15 06:09:37'),
(34, 10, '2022-05-15 06:55:48', NULL, '2022-05-15 06:55:48', '2022-05-15 06:55:48'),
(35, 3, '2022-05-15 07:25:47', NULL, '2022-05-15 07:25:47', '2022-05-15 07:25:47'),
(36, 6, '2022-05-15 09:23:47', NULL, '2022-05-15 09:23:47', '2022-05-15 09:23:47'),
(37, 3, '2022-05-15 10:13:41', NULL, '2022-05-15 10:13:41', '2022-05-15 10:13:41'),
(38, 10, '2022-05-15 10:27:43', NULL, '2022-05-15 10:27:43', '2022-05-15 10:27:43'),
(39, 3, '2022-05-15 10:35:11', NULL, '2022-05-15 10:35:11', '2022-05-15 10:35:11'),
(40, 4, '2022-05-15 10:40:36', NULL, '2022-05-15 10:40:36', '2022-05-15 10:40:36'),
(41, 4, '2022-05-15 10:53:53', NULL, '2022-05-15 10:53:53', '2022-05-15 10:53:53'),
(42, 4, '2022-05-15 11:02:49', NULL, '2022-05-15 11:02:49', '2022-05-15 11:02:49'),
(43, 3, '2022-05-15 11:03:51', NULL, '2022-05-15 11:03:51', '2022-05-15 11:03:51'),
(44, 4, '2022-05-15 11:05:17', NULL, '2022-05-15 11:05:17', '2022-05-15 11:05:17'),
(45, 3, '2022-05-15 13:06:02', NULL, '2022-05-15 13:06:02', '2022-05-15 13:06:02'),
(46, 6, '2022-05-15 14:12:38', NULL, '2022-05-15 14:12:38', '2022-05-15 14:12:38'),
(47, 6, '2022-05-15 15:02:04', NULL, '2022-05-15 15:02:04', '2022-05-15 15:02:04'),
(48, 3, '2022-05-15 21:15:19', NULL, '2022-05-15 21:15:19', '2022-05-15 21:15:19'),
(49, 3, '2022-05-15 23:30:23', NULL, '2022-05-15 23:30:23', '2022-05-15 23:30:23'),
(50, 3, '2022-05-16 00:40:17', NULL, '2022-05-16 00:40:17', '2022-05-16 00:40:17'),
(51, 3, '2022-05-16 01:07:13', NULL, '2022-05-16 01:07:13', '2022-05-16 01:07:13'),
(52, 10, '2022-05-16 01:31:25', NULL, '2022-05-16 01:31:25', '2022-05-16 01:31:25'),
(53, 3, '2022-05-16 09:04:03', NULL, '2022-05-16 09:04:03', '2022-05-16 09:04:03'),
(54, 6, '2022-05-16 09:14:29', NULL, '2022-05-16 09:14:29', '2022-05-16 09:14:29'),
(55, 6, '2022-05-16 09:37:55', NULL, '2022-05-16 09:37:55', '2022-05-16 09:37:55'),
(56, 6, '2022-05-16 09:48:04', NULL, '2022-05-16 09:48:04', '2022-05-16 09:48:04'),
(57, 3, '2022-05-16 10:58:29', NULL, '2022-05-16 10:58:29', '2022-05-16 10:58:29'),
(58, 3, '2022-05-16 12:22:54', NULL, '2022-05-16 12:22:54', '2022-05-16 12:22:54'),
(59, 4, '2022-05-16 13:23:34', NULL, '2022-05-16 13:23:34', '2022-05-16 13:23:34'),
(60, 4, '2022-05-16 14:22:35', NULL, '2022-05-16 14:22:35', '2022-05-16 14:22:35'),
(61, 4, '2022-05-16 14:39:49', NULL, '2022-05-16 14:39:49', '2022-05-16 14:39:49'),
(62, 3, '2022-05-16 18:45:02', NULL, '2022-05-16 18:45:02', '2022-05-16 18:45:02'),
(63, 3, '2022-05-16 23:17:52', NULL, '2022-05-16 23:17:52', '2022-05-16 23:17:52'),
(64, 3, '2022-05-16 23:54:14', NULL, '2022-05-16 23:54:14', '2022-05-16 23:54:14'),
(65, 4, '2022-05-17 00:19:54', NULL, '2022-05-17 00:19:54', '2022-05-17 00:19:54'),
(66, 3, '2022-05-17 00:50:00', NULL, '2022-05-17 00:50:00', '2022-05-17 00:50:00'),
(67, 4, '2022-05-17 00:51:58', NULL, '2022-05-17 00:51:58', '2022-05-17 00:51:58'),
(68, 4, '2022-05-17 02:20:46', NULL, '2022-05-17 02:20:46', '2022-05-17 02:20:46'),
(69, 3, '2022-05-17 02:42:25', NULL, '2022-05-17 02:42:25', '2022-05-17 02:42:25'),
(70, 3, '2022-05-17 02:59:29', NULL, '2022-05-17 02:59:29', '2022-05-17 02:59:29'),
(71, 10, '2022-05-17 03:42:03', NULL, '2022-05-17 03:42:03', '2022-05-17 03:42:03'),
(72, 10, '2022-05-17 03:50:37', NULL, '2022-05-17 03:50:37', '2022-05-17 03:50:37'),
(73, 3, '2022-05-17 03:51:21', NULL, '2022-05-17 03:51:21', '2022-05-17 03:51:21'),
(74, 10, '2022-05-17 04:17:29', NULL, '2022-05-17 04:17:29', '2022-05-17 04:17:29'),
(75, 10, '2022-05-17 05:08:49', NULL, '2022-05-17 05:08:49', '2022-05-17 05:08:49'),
(76, 10, '2022-05-17 05:58:07', NULL, '2022-05-17 05:58:07', '2022-05-17 05:58:07'),
(77, 10, '2022-05-17 06:32:31', NULL, '2022-05-17 06:32:31', '2022-05-17 06:32:31'),
(78, 4, '2022-05-17 13:55:59', NULL, '2022-05-17 13:55:59', '2022-05-17 13:55:59'),
(79, 6, '2022-05-17 17:21:53', NULL, '2022-05-17 17:21:53', '2022-05-17 17:21:53'),
(80, 3, '2022-05-17 21:07:29', NULL, '2022-05-17 21:07:29', '2022-05-17 21:07:29'),
(81, 3, '2022-05-17 22:13:32', NULL, '2022-05-17 22:13:32', '2022-05-17 22:13:32'),
(82, 3, '2022-05-17 23:35:03', '2022-05-17 23:36:07', '2022-05-17 23:35:03', '2022-05-17 23:36:07'),
(83, 10, '2022-05-17 23:53:47', NULL, '2022-05-17 23:53:47', '2022-05-17 23:53:47'),
(84, 3, '2022-05-18 00:03:16', '2022-05-18 00:05:30', '2022-05-18 00:03:16', '2022-05-18 00:05:30'),
(85, 10, '2022-05-18 00:08:28', NULL, '2022-05-18 00:08:28', '2022-05-18 00:08:28'),
(86, 10, '2022-05-18 11:26:04', NULL, '2022-05-18 11:26:04', '2022-05-18 11:26:04'),
(87, 10, '2022-05-18 12:01:25', NULL, '2022-05-18 12:01:25', '2022-05-18 12:01:25'),
(88, 3, '2022-05-18 12:38:13', NULL, '2022-05-18 12:38:13', '2022-05-18 12:38:13'),
(89, 10, '2022-05-18 12:39:07', NULL, '2022-05-18 12:39:07', '2022-05-18 12:39:07'),
(90, 10, '2022-05-18 14:09:09', NULL, '2022-05-18 14:09:09', '2022-05-18 14:09:09'),
(91, 4, '2022-05-18 18:35:11', NULL, '2022-05-18 18:35:11', '2022-05-18 18:35:11'),
(92, 3, '2022-05-18 21:32:51', NULL, '2022-05-18 21:32:51', '2022-05-18 21:32:51'),
(93, 4, '2022-05-18 22:20:39', NULL, '2022-05-18 22:20:39', '2022-05-18 22:20:39'),
(94, 4, '2022-05-18 22:46:35', NULL, '2022-05-18 22:46:35', '2022-05-18 22:46:35'),
(95, 3, '2022-05-18 23:27:26', NULL, '2022-05-18 23:27:26', '2022-05-18 23:27:26'),
(96, 3, '2022-05-19 00:57:26', NULL, '2022-05-19 00:57:26', '2022-05-19 00:57:26'),
(97, 3, '2022-05-19 02:04:06', NULL, '2022-05-19 02:04:06', '2022-05-19 02:04:06'),
(98, 3, '2022-05-19 02:23:28', NULL, '2022-05-19 02:23:28', '2022-05-19 02:23:28'),
(99, 3, '2022-05-19 02:54:34', NULL, '2022-05-19 02:54:34', '2022-05-19 02:54:34'),
(100, 3, '2022-05-19 03:05:52', NULL, '2022-05-19 03:05:52', '2022-05-19 03:05:52'),
(101, 6, '2022-05-19 06:46:18', NULL, '2022-05-19 06:46:18', '2022-05-19 06:46:18'),
(102, 6, '2022-05-19 09:55:19', NULL, '2022-05-19 09:55:19', '2022-05-19 09:55:19'),
(103, 3, '2022-05-19 10:40:52', NULL, '2022-05-19 10:40:52', '2022-05-19 10:40:52'),
(104, 3, '2022-05-19 11:08:23', NULL, '2022-05-19 11:08:23', '2022-05-19 11:08:23'),
(105, 3, '2022-05-19 11:27:04', NULL, '2022-05-19 11:27:04', '2022-05-19 11:27:04'),
(106, 12, '2022-05-19 11:40:03', NULL, '2022-05-19 11:40:03', '2022-05-19 11:40:03'),
(107, 3, '2022-05-19 11:55:31', NULL, '2022-05-19 11:55:31', '2022-05-19 11:55:31'),
(108, 3, '2022-05-19 12:01:06', NULL, '2022-05-19 12:01:06', '2022-05-19 12:01:06'),
(109, 4, '2022-05-19 12:07:44', NULL, '2022-05-19 12:07:44', '2022-05-19 12:07:44'),
(110, 4, '2022-05-19 12:14:42', NULL, '2022-05-19 12:14:42', '2022-05-19 12:14:42'),
(111, 3, '2022-05-19 12:34:23', NULL, '2022-05-19 12:34:23', '2022-05-19 12:34:23'),
(112, 4, '2022-05-19 13:05:33', NULL, '2022-05-19 13:05:33', '2022-05-19 13:05:33'),
(113, 3, '2022-05-19 18:06:01', NULL, '2022-05-19 18:06:01', '2022-05-19 18:06:01'),
(114, 3, '2022-05-19 20:45:56', NULL, '2022-05-19 20:45:56', '2022-05-19 20:45:56'),
(115, 3, '2022-05-19 23:09:00', NULL, '2022-05-19 23:09:00', '2022-05-19 23:09:00'),
(116, 3, '2022-05-20 00:03:53', '2022-05-20 00:05:36', '2022-05-20 00:03:53', '2022-05-20 00:05:36'),
(117, 3, '2022-05-20 00:17:02', NULL, '2022-05-20 00:17:02', '2022-05-20 00:17:02'),
(118, 3, '2022-05-20 01:16:13', NULL, '2022-05-20 01:16:13', '2022-05-20 01:16:13'),
(119, 3, '2022-05-20 01:25:48', NULL, '2022-05-20 01:25:48', '2022-05-20 01:25:48'),
(120, 3, '2022-05-20 04:02:33', NULL, '2022-05-20 04:02:33', '2022-05-20 04:02:33'),
(121, 3, '2022-05-20 04:12:18', NULL, '2022-05-20 04:12:19', '2022-05-20 04:12:19'),
(122, 4, '2022-05-20 04:26:39', NULL, '2022-05-20 04:26:39', '2022-05-20 04:26:39'),
(123, 10, '2022-05-20 09:16:20', NULL, '2022-05-20 09:16:20', '2022-05-20 09:16:20'),
(124, 10, '2022-05-20 10:04:58', NULL, '2022-05-20 10:04:58', '2022-05-20 10:04:58'),
(125, 3, '2022-05-20 18:24:20', NULL, '2022-05-20 18:24:20', '2022-05-20 18:24:20'),
(126, 3, '2022-05-21 00:24:04', NULL, '2022-05-21 00:24:04', '2022-05-21 00:24:04'),
(127, 3, '2022-05-21 00:29:28', NULL, '2022-05-21 00:29:28', '2022-05-21 00:29:28'),
(128, 3, '2022-05-21 00:35:45', NULL, '2022-05-21 00:35:45', '2022-05-21 00:35:45'),
(129, 3, '2022-05-21 00:43:46', NULL, '2022-05-21 00:43:46', '2022-05-21 00:43:46'),
(130, 3, '2022-05-21 02:41:47', '2022-05-21 02:42:54', '2022-05-21 02:41:47', '2022-05-21 02:42:54'),
(131, 3, '2022-05-21 03:22:16', NULL, '2022-05-21 03:22:16', '2022-05-21 03:22:16'),
(132, 3, '2022-05-21 10:02:39', NULL, '2022-05-21 10:02:39', '2022-05-21 10:02:39'),
(133, 4, '2022-05-21 11:12:23', NULL, '2022-05-21 11:12:23', '2022-05-21 11:12:23'),
(134, 3, '2022-05-21 11:35:31', NULL, '2022-05-21 11:35:31', '2022-05-21 11:35:31'),
(135, 3, '2022-05-21 18:12:02', NULL, '2022-05-21 18:12:02', '2022-05-21 18:12:02'),
(136, 3, '2022-05-21 21:59:52', NULL, '2022-05-21 21:59:52', '2022-05-21 21:59:52'),
(137, 3, '2022-05-22 21:12:55', NULL, '2022-05-22 21:12:55', '2022-05-22 21:12:55'),
(138, 3, '2022-05-23 00:42:51', NULL, '2022-05-23 00:42:51', '2022-05-23 00:42:51'),
(139, 6, '2022-05-24 08:55:45', NULL, '2022-05-24 08:55:45', '2022-05-24 08:55:45'),
(140, 3, '2022-05-24 08:55:47', NULL, '2022-05-24 08:55:47', '2022-05-24 08:55:47'),
(141, 10, '2022-05-24 11:43:51', NULL, '2022-05-24 11:43:51', '2022-05-24 11:43:51'),
(142, 3, '2022-05-24 18:58:31', NULL, '2022-05-24 18:58:31', '2022-05-24 18:58:31'),
(143, 3, '2022-05-25 11:01:48', NULL, '2022-05-25 11:01:48', '2022-05-25 11:01:48'),
(144, 3, '2022-05-25 11:09:26', NULL, '2022-05-25 11:09:26', '2022-05-25 11:09:26'),
(145, 3, '2022-05-26 10:59:56', NULL, '2022-05-26 10:59:56', '2022-05-26 10:59:56'),
(146, 3, '2022-05-26 11:12:03', NULL, '2022-05-26 11:12:03', '2022-05-26 11:12:03'),
(147, 3, '2022-05-26 11:38:44', NULL, '2022-05-26 11:38:44', '2022-05-26 11:38:44'),
(148, 3, '2022-05-26 11:45:42', NULL, '2022-05-26 11:45:42', '2022-05-26 11:45:42'),
(149, 3, '2022-05-26 11:52:10', NULL, '2022-05-26 11:52:10', '2022-05-26 11:52:10'),
(150, 3, '2022-05-26 12:01:30', NULL, '2022-05-26 12:01:30', '2022-05-26 12:01:30'),
(151, 6, '2022-05-26 12:04:43', NULL, '2022-05-26 12:04:43', '2022-05-26 12:04:43'),
(152, 6, '2022-05-26 12:15:45', NULL, '2022-05-26 12:15:45', '2022-05-26 12:15:45'),
(153, 6, '2022-05-26 12:28:08', NULL, '2022-05-26 12:28:08', '2022-05-26 12:28:08'),
(154, 4, '2022-05-26 13:24:37', NULL, '2022-05-26 13:24:37', '2022-05-26 13:24:37'),
(155, 4, '2022-05-26 13:39:45', NULL, '2022-05-26 13:39:45', '2022-05-26 13:39:45'),
(156, 4, '2022-05-26 14:24:05', NULL, '2022-05-26 14:24:05', '2022-05-26 14:24:05'),
(157, 4, '2022-05-26 15:09:56', NULL, '2022-05-26 15:09:56', '2022-05-26 15:09:56'),
(158, 4, '2022-05-26 15:42:36', NULL, '2022-05-26 15:42:36', '2022-05-26 15:42:36'),
(159, 4, '2022-05-26 16:04:36', NULL, '2022-05-26 16:04:36', '2022-05-26 16:04:36'),
(160, 3, '2022-05-26 20:13:27', NULL, '2022-05-26 20:13:27', '2022-05-26 20:13:27'),
(161, 3, '2022-05-26 21:05:14', NULL, '2022-05-26 21:05:14', '2022-05-26 21:05:14'),
(162, 3, '2022-05-27 01:37:55', '2022-05-27 01:43:32', '2022-05-27 01:37:55', '2022-05-27 01:43:32'),
(163, 3, '2022-05-28 00:10:20', NULL, '2022-05-28 00:10:20', '2022-05-28 00:10:20'),
(164, 3, '2022-05-28 03:01:42', NULL, '2022-05-28 03:01:42', '2022-05-28 03:01:42'),
(165, 3, '2022-05-28 03:29:06', NULL, '2022-05-28 03:29:06', '2022-05-28 03:29:06'),
(166, 3, '2022-05-28 03:34:58', NULL, '2022-05-28 03:34:58', '2022-05-28 03:34:58'),
(167, 3, '2022-05-28 03:52:28', NULL, '2022-05-28 03:52:28', '2022-05-28 03:52:28'),
(168, 3, '2022-05-28 04:02:22', NULL, '2022-05-28 04:02:22', '2022-05-28 04:02:22'),
(169, 4, '2022-05-28 04:16:35', NULL, '2022-05-28 04:16:35', '2022-05-28 04:16:35'),
(170, 12, '2022-05-28 04:52:45', '2022-05-28 05:46:41', '2022-05-28 04:52:45', '2022-05-28 05:46:41'),
(171, 12, '2022-05-28 05:47:14', '2022-05-28 05:50:14', '2022-05-28 05:47:14', '2022-05-28 05:50:14'),
(172, 4, '2022-05-28 05:50:50', NULL, '2022-05-28 05:50:50', '2022-05-28 05:50:50'),
(173, 12, '2022-05-28 05:57:24', NULL, '2022-05-28 05:57:24', '2022-05-28 05:57:24'),
(174, 12, '2022-05-28 06:27:45', NULL, '2022-05-28 06:27:45', '2022-05-28 06:27:45'),
(175, 12, '2022-05-28 07:37:19', '2022-05-28 07:37:39', '2022-05-28 07:37:19', '2022-05-28 07:37:39'),
(176, 12, '2022-05-28 07:37:48', '2022-05-28 08:02:14', '2022-05-28 07:37:48', '2022-05-28 08:02:14'),
(177, 4, '2022-05-28 08:02:20', NULL, '2022-05-28 08:02:20', '2022-05-28 08:02:20'),
(178, 12, '2022-05-28 08:10:13', NULL, '2022-05-28 08:10:13', '2022-05-28 08:10:13'),
(179, 12, '2022-05-28 08:23:41', NULL, '2022-05-28 08:23:41', '2022-05-28 08:23:41'),
(180, 4, '2022-05-28 09:58:56', NULL, '2022-05-28 09:58:56', '2022-05-28 09:58:56'),
(181, 4, '2022-05-28 11:55:01', NULL, '2022-05-28 11:55:01', '2022-05-28 11:55:01'),
(182, 4, '2022-05-28 13:24:44', NULL, '2022-05-28 13:24:44', '2022-05-28 13:24:44'),
(183, 4, '2022-05-28 13:31:56', NULL, '2022-05-28 13:31:56', '2022-05-28 13:31:56'),
(184, 4, '2022-05-28 13:57:13', NULL, '2022-05-28 13:57:13', '2022-05-28 13:57:13'),
(185, 4, '2022-05-28 14:04:55', NULL, '2022-05-28 14:04:55', '2022-05-28 14:04:55'),
(186, 4, '2022-05-28 14:35:54', NULL, '2022-05-28 14:35:54', '2022-05-28 14:35:54'),
(187, 4, '2022-05-28 14:45:36', NULL, '2022-05-28 14:45:36', '2022-05-28 14:45:36'),
(188, 4, '2022-05-28 22:08:31', NULL, '2022-05-28 22:08:31', '2022-05-28 22:08:31'),
(189, 4, '2022-05-28 23:16:27', NULL, '2022-05-28 23:16:27', '2022-05-28 23:16:27'),
(190, 3, '2022-05-28 23:19:50', NULL, '2022-05-28 23:19:50', '2022-05-28 23:19:50'),
(191, 4, '2022-05-28 23:23:47', NULL, '2022-05-28 23:23:47', '2022-05-28 23:23:47'),
(192, 12, '2022-05-29 00:28:49', '2022-05-29 00:30:23', '2022-05-29 00:28:49', '2022-05-29 00:30:23'),
(193, 4, '2022-05-29 00:30:28', NULL, '2022-05-29 00:30:28', '2022-05-29 00:30:28'),
(194, 4, '2022-05-29 00:59:24', NULL, '2022-05-29 00:59:24', '2022-05-29 00:59:24'),
(195, 4, '2022-05-29 01:07:34', NULL, '2022-05-29 01:07:34', '2022-05-29 01:07:34'),
(196, 12, '2022-05-29 01:16:54', '2022-05-29 01:28:33', '2022-05-29 01:16:54', '2022-05-29 01:28:33'),
(197, 4, '2022-05-29 01:28:41', NULL, '2022-05-29 01:28:41', '2022-05-29 01:28:41'),
(198, 10, '2022-05-29 01:36:39', NULL, '2022-05-29 01:36:39', '2022-05-29 01:36:39'),
(199, 4, '2022-05-29 01:41:24', NULL, '2022-05-29 01:41:24', '2022-05-29 01:41:24'),
(200, 4, '2022-05-29 01:54:24', NULL, '2022-05-29 01:54:24', '2022-05-29 01:54:24'),
(201, 12, '2022-05-29 02:04:05', '2022-05-29 02:05:47', '2022-05-29 02:04:05', '2022-05-29 02:05:47'),
(202, 4, '2022-05-29 02:05:52', NULL, '2022-05-29 02:05:52', '2022-05-29 02:05:52'),
(203, 4, '2022-05-29 02:24:25', NULL, '2022-05-29 02:24:25', '2022-05-29 02:24:25'),
(204, 4, '2022-05-29 03:46:24', NULL, '2022-05-29 03:46:24', '2022-05-29 03:46:24'),
(205, 4, '2022-05-29 03:53:29', NULL, '2022-05-29 03:53:29', '2022-05-29 03:53:29'),
(206, 4, '2022-05-29 04:09:12', NULL, '2022-05-29 04:09:12', '2022-05-29 04:09:12'),
(207, 3, '2022-05-29 11:57:15', NULL, '2022-05-29 11:57:15', '2022-05-29 11:57:15'),
(208, 3, '2022-05-29 21:18:54', NULL, '2022-05-29 21:18:54', '2022-05-29 21:18:54'),
(209, 3, '2022-05-30 00:41:50', NULL, '2022-05-30 00:41:50', '2022-05-30 00:41:50'),
(210, 6, '2022-05-30 10:15:06', NULL, '2022-05-30 10:15:06', '2022-05-30 10:15:06'),
(211, 12, '2022-05-30 10:55:20', NULL, '2022-05-30 10:55:20', '2022-05-30 10:55:20'),
(212, 12, '2022-05-30 11:13:09', NULL, '2022-05-30 11:13:09', '2022-05-30 11:13:09'),
(213, 12, '2022-05-30 11:18:35', NULL, '2022-05-30 11:18:35', '2022-05-30 11:18:35'),
(214, 3, '2022-05-31 00:48:21', NULL, '2022-05-31 00:48:21', '2022-05-31 00:48:21'),
(215, 4, '2022-06-01 00:59:34', NULL, '2022-06-01 00:59:34', '2022-06-01 00:59:34'),
(216, 3, '2022-06-01 01:03:18', NULL, '2022-06-01 01:03:18', '2022-06-01 01:03:18'),
(217, 10, '2022-06-01 02:16:37', NULL, '2022-06-01 02:16:37', '2022-06-01 02:16:37'),
(218, 6, '2022-06-01 14:05:58', NULL, '2022-06-01 14:05:58', '2022-06-01 14:05:58'),
(219, 10, '2022-06-02 01:12:58', NULL, '2022-06-02 01:12:58', '2022-06-02 01:12:58'),
(220, 12, '2022-06-02 01:13:35', '2022-06-02 01:16:17', '2022-06-02 01:13:35', '2022-06-02 01:16:17'),
(221, 4, '2022-06-02 01:16:33', NULL, '2022-06-02 01:16:33', '2022-06-02 01:16:33'),
(222, 10, '2022-06-03 04:32:57', NULL, '2022-06-03 04:32:57', '2022-06-03 04:32:57'),
(223, 6, '2022-06-03 10:52:19', NULL, '2022-06-03 10:52:19', '2022-06-03 10:52:19'),
(224, 3, '2022-06-03 19:08:12', NULL, '2022-06-03 19:08:12', '2022-06-03 19:08:12'),
(225, 3, '2022-06-05 00:47:43', NULL, '2022-06-05 00:47:43', '2022-06-05 00:47:43'),
(226, 3, '2022-06-06 12:25:27', NULL, '2022-06-06 12:25:27', '2022-06-06 12:25:27'),
(227, 10, '2022-06-06 14:34:41', NULL, '2022-06-06 14:34:41', '2022-06-06 14:34:41'),
(228, 6, '2022-06-07 13:01:34', NULL, '2022-06-07 13:01:34', '2022-06-07 13:01:34'),
(229, 6, '2022-06-07 14:34:49', NULL, '2022-06-07 14:34:49', '2022-06-07 14:34:49'),
(230, 6, '2022-06-07 16:02:06', NULL, '2022-06-07 16:02:06', '2022-06-07 16:02:06'),
(231, 3, '2022-06-07 18:54:59', NULL, '2022-06-07 18:54:59', '2022-06-07 18:54:59'),
(232, 3, '2022-06-07 23:06:31', '2022-06-07 23:06:59', '2022-06-07 23:06:31', '2022-06-07 23:06:59'),
(233, 3, '2022-06-09 22:30:49', NULL, '2022-06-09 22:30:49', '2022-06-09 22:30:49'),
(234, 4, '2022-06-10 09:46:08', NULL, '2022-06-10 09:46:08', '2022-06-10 09:46:08'),
(235, 4, '2022-06-10 09:47:54', NULL, '2022-06-10 09:47:54', '2022-06-10 09:47:54'),
(236, 4, '2022-06-10 09:54:54', NULL, '2022-06-10 09:54:54', '2022-06-10 09:54:54'),
(237, 4, '2022-06-10 10:40:54', NULL, '2022-06-10 10:40:54', '2022-06-10 10:40:54'),
(238, 4, '2022-06-10 11:22:44', NULL, '2022-06-10 11:22:44', '2022-06-10 11:22:44'),
(239, 4, '2022-06-10 11:36:12', NULL, '2022-06-10 11:36:12', '2022-06-10 11:36:12'),
(240, 4, '2022-06-11 12:56:26', NULL, '2022-06-11 12:56:26', '2022-06-11 12:56:26'),
(241, 4, '2022-06-11 13:31:03', NULL, '2022-06-11 13:31:03', '2022-06-11 13:31:03'),
(242, 3, '2022-06-11 22:21:27', NULL, '2022-06-11 22:21:27', '2022-06-11 22:21:27'),
(243, 4, '2022-06-12 02:51:34', NULL, '2022-06-12 02:51:34', '2022-06-12 02:51:34'),
(244, 4, '2022-06-12 09:37:31', NULL, '2022-06-12 09:37:31', '2022-06-12 09:37:31'),
(245, 4, '2022-06-12 10:03:48', NULL, '2022-06-12 10:03:48', '2022-06-12 10:03:48'),
(246, 4, '2022-06-12 10:27:31', NULL, '2022-06-12 10:27:31', '2022-06-12 10:27:31'),
(247, 4, '2022-06-12 11:27:46', NULL, '2022-06-12 11:27:46', '2022-06-12 11:27:46'),
(248, 4, '2022-06-12 13:19:52', NULL, '2022-06-12 13:19:52', '2022-06-12 13:19:52'),
(249, 3, '2022-06-12 23:26:19', NULL, '2022-06-12 23:26:19', '2022-06-12 23:26:19'),
(250, 10, '2022-06-13 00:07:07', NULL, '2022-06-13 00:07:07', '2022-06-13 00:07:07'),
(251, 6, '2022-06-13 04:36:12', NULL, '2022-06-13 04:36:12', '2022-06-13 04:36:12'),
(252, 6, '2022-06-13 06:24:12', NULL, '2022-06-13 06:24:12', '2022-06-13 06:24:12'),
(253, 6, '2022-06-14 04:58:33', NULL, '2022-06-14 04:58:33', '2022-06-14 04:58:33'),
(254, 4, '2022-06-14 10:49:43', NULL, '2022-06-14 10:49:43', '2022-06-14 10:49:43'),
(255, 4, '2022-06-14 11:52:07', NULL, '2022-06-14 11:52:07', '2022-06-14 11:52:07'),
(256, 4, '2022-06-14 14:04:22', NULL, '2022-06-14 14:04:22', '2022-06-14 14:04:22'),
(257, 4, '2022-06-14 15:48:07', NULL, '2022-06-14 15:48:07', '2022-06-14 15:48:07'),
(258, 10, '2022-06-14 17:07:23', NULL, '2022-06-14 17:07:23', '2022-06-14 17:07:23'),
(259, 3, '2022-06-14 17:37:41', NULL, '2022-06-14 17:37:41', '2022-06-14 17:37:41'),
(260, 4, '2022-06-15 09:12:44', NULL, '2022-06-15 09:12:44', '2022-06-15 09:12:44'),
(261, 3, '2022-06-15 18:31:01', NULL, '2022-06-15 18:31:01', '2022-06-15 18:31:01'),
(262, 3, '2022-06-15 19:49:20', NULL, '2022-06-15 19:49:20', '2022-06-15 19:49:20'),
(263, 4, '2022-06-16 11:21:56', NULL, '2022-06-16 11:21:56', '2022-06-16 11:21:56'),
(264, 6, '2022-06-16 12:22:50', NULL, '2022-06-16 12:22:50', '2022-06-16 12:22:50'),
(265, 6, '2022-06-17 06:52:08', NULL, '2022-06-17 06:52:08', '2022-06-17 06:52:08'),
(266, 10, '2022-06-18 03:11:37', NULL, '2022-06-18 03:11:37', '2022-06-18 03:11:37'),
(267, 4, '2022-06-18 13:42:31', NULL, '2022-06-18 13:42:31', '2022-06-18 13:42:31'),
(268, 4, '2022-06-18 14:00:00', NULL, '2022-06-18 14:00:00', '2022-06-18 14:00:00'),
(269, 4, '2022-06-19 09:20:09', NULL, '2022-06-19 09:20:09', '2022-06-19 09:20:09'),
(270, 6, '2022-06-20 03:34:00', NULL, '2022-06-20 03:34:00', '2022-06-20 03:34:00'),
(271, 6, '2022-06-21 00:44:50', NULL, '2022-06-21 00:44:50', '2022-06-21 00:44:50'),
(272, 4, '2022-06-21 10:50:25', NULL, '2022-06-21 10:50:25', '2022-06-21 10:50:25'),
(273, 4, '2022-06-21 12:25:58', NULL, '2022-06-21 12:25:58', '2022-06-21 12:25:58'),
(274, 3, '2022-06-21 21:16:55', NULL, '2022-06-21 21:16:55', '2022-06-21 21:16:55'),
(275, 3, '2022-06-21 22:46:58', NULL, '2022-06-21 22:46:58', '2022-06-21 22:46:58'),
(276, 3, '2022-06-22 20:05:51', NULL, '2022-06-22 20:05:51', '2022-06-22 20:05:51'),
(277, 4, '2022-06-23 03:10:41', NULL, '2022-06-23 03:10:41', '2022-06-23 03:10:41'),
(278, 4, '2022-06-23 09:19:46', NULL, '2022-06-23 09:19:46', '2022-06-23 09:19:46'),
(279, 4, '2022-06-23 14:36:01', NULL, '2022-06-23 14:36:01', '2022-06-23 14:36:01'),
(280, 4, '2022-06-24 09:35:07', NULL, '2022-06-24 09:35:07', '2022-06-24 09:35:07'),
(281, 4, '2022-06-24 10:05:10', NULL, '2022-06-24 10:05:10', '2022-06-24 10:05:10'),
(282, 4, '2022-06-24 12:07:12', NULL, '2022-06-24 12:07:12', '2022-06-24 12:07:12'),
(283, 4, '2022-06-24 22:05:03', NULL, '2022-06-24 22:05:03', '2022-06-24 22:05:03'),
(284, 4, '2022-06-24 22:07:50', NULL, '2022-06-24 22:07:50', '2022-06-24 22:07:50'),
(285, 4, '2022-06-24 22:08:35', NULL, '2022-06-24 22:08:35', '2022-06-24 22:08:35'),
(286, 4, '2022-06-25 00:17:24', NULL, '2022-06-25 00:17:24', '2022-06-25 00:17:24'),
(287, 4, '2022-06-25 06:08:07', NULL, '2022-06-25 06:08:07', '2022-06-25 06:08:07'),
(288, 4, '2022-06-25 07:59:44', NULL, '2022-06-25 07:59:44', '2022-06-25 07:59:44'),
(289, 4, '2022-06-25 11:19:03', NULL, '2022-06-25 11:19:03', '2022-06-25 11:19:03'),
(290, 4, '2022-06-25 11:20:07', NULL, '2022-06-25 11:20:07', '2022-06-25 11:20:07'),
(291, 4, '2022-06-25 11:44:48', NULL, '2022-06-25 11:44:48', '2022-06-25 11:44:48'),
(292, 4, '2022-06-25 20:17:13', NULL, '2022-06-25 20:17:13', '2022-06-25 20:17:13'),
(293, 4, '2022-06-27 02:43:02', NULL, '2022-06-27 02:43:02', '2022-06-27 02:43:02'),
(294, 4, '2022-06-27 03:10:58', NULL, '2022-06-27 03:10:58', '2022-06-27 03:10:58'),
(295, 4, '2022-06-27 04:52:42', NULL, '2022-06-27 04:52:42', '2022-06-27 04:52:42'),
(296, 4, '2022-06-27 06:10:01', NULL, '2022-06-27 06:10:01', '2022-06-27 06:10:01'),
(297, 4, '2022-06-27 09:45:39', NULL, '2022-06-27 09:45:39', '2022-06-27 09:45:39'),
(298, 4, '2022-06-27 09:57:15', NULL, '2022-06-27 09:57:15', '2022-06-27 09:57:15'),
(299, 4, '2022-06-27 10:45:55', NULL, '2022-06-27 10:45:55', '2022-06-27 10:45:55'),
(300, 4, '2022-06-27 11:28:25', NULL, '2022-06-27 11:28:25', '2022-06-27 11:28:25'),
(301, 4, '2022-06-27 11:44:13', NULL, '2022-06-27 11:44:13', '2022-06-27 11:44:13'),
(302, 4, '2022-06-27 14:12:42', NULL, '2022-06-27 14:12:42', '2022-06-27 14:12:42'),
(303, 4, '2022-06-27 20:03:51', NULL, '2022-06-27 20:03:51', '2022-06-27 20:03:51'),
(304, 4, '2022-06-27 20:33:25', NULL, '2022-06-27 20:33:25', '2022-06-27 20:33:25'),
(305, 4, '2022-06-27 21:20:26', NULL, '2022-06-27 21:20:26', '2022-06-27 21:20:26'),
(306, 4, '2022-06-27 22:28:47', NULL, '2022-06-27 22:28:47', '2022-06-27 22:28:47'),
(307, 4, '2022-06-27 23:47:48', NULL, '2022-06-27 23:47:48', '2022-06-27 23:47:48'),
(308, 4, '2022-06-27 23:48:05', NULL, '2022-06-27 23:48:05', '2022-06-27 23:48:05'),
(309, 4, '2022-06-28 00:07:17', NULL, '2022-06-28 00:07:17', '2022-06-28 00:07:17'),
(310, 6, '2022-06-28 06:52:18', NULL, '2022-06-28 06:52:18', '2022-06-28 06:52:18'),
(311, 4, '2022-06-28 09:31:22', NULL, '2022-06-28 09:31:22', '2022-06-28 09:31:22'),
(312, 4, '2022-06-28 09:39:00', NULL, '2022-06-28 09:39:00', '2022-06-28 09:39:00'),
(313, 4, '2022-06-28 20:55:42', NULL, '2022-06-28 20:55:42', '2022-06-28 20:55:42'),
(314, 4, '2022-06-28 22:00:40', NULL, '2022-06-28 22:00:40', '2022-06-28 22:00:40'),
(315, 3, '2022-06-28 22:10:53', NULL, '2022-06-28 22:10:53', '2022-06-28 22:10:53'),
(316, 4, '2022-06-28 22:51:42', NULL, '2022-06-28 22:51:42', '2022-06-28 22:51:42'),
(317, 4, '2022-06-29 02:05:25', NULL, '2022-06-29 02:05:25', '2022-06-29 02:05:25'),
(318, 4, '2022-06-29 10:43:15', NULL, '2022-06-29 10:43:15', '2022-06-29 10:43:15'),
(319, 4, '2022-06-29 10:43:16', NULL, '2022-06-29 10:43:16', '2022-06-29 10:43:16'),
(320, 3, '2022-06-29 19:22:35', NULL, '2022-06-29 19:22:35', '2022-06-29 19:22:35'),
(321, 4, '2022-06-29 22:03:23', NULL, '2022-06-29 22:03:23', '2022-06-29 22:03:23'),
(322, 4, '2022-06-30 05:31:01', NULL, '2022-06-30 05:31:01', '2022-06-30 05:31:01'),
(323, 4, '2022-06-30 10:11:31', NULL, '2022-06-30 10:11:31', '2022-06-30 10:11:31'),
(324, 4, '2022-06-30 12:22:11', NULL, '2022-06-30 12:22:11', '2022-06-30 12:22:11'),
(325, 4, '2022-06-30 21:32:51', NULL, '2022-06-30 21:32:51', '2022-06-30 21:32:51'),
(326, 4, '2022-06-30 21:48:27', NULL, '2022-06-30 21:48:27', '2022-06-30 21:48:27'),
(327, 4, '2022-06-30 21:49:58', NULL, '2022-06-30 21:49:58', '2022-06-30 21:49:58'),
(328, 4, '2022-07-01 09:37:13', NULL, '2022-07-01 09:37:13', '2022-07-01 09:37:13'),
(329, 4, '2022-07-01 12:40:55', NULL, '2022-07-01 12:40:55', '2022-07-01 12:40:55'),
(330, 3, '2022-07-01 21:21:54', NULL, '2022-07-01 21:21:54', '2022-07-01 21:21:54'),
(331, 3, '2022-07-01 21:54:20', NULL, '2022-07-01 21:54:20', '2022-07-01 21:54:20'),
(332, 4, '2022-07-01 22:39:45', NULL, '2022-07-01 22:39:45', '2022-07-01 22:39:45'),
(333, 4, '2022-07-01 23:23:38', NULL, '2022-07-01 23:23:38', '2022-07-01 23:23:38'),
(334, 4, '2022-07-01 23:39:29', NULL, '2022-07-01 23:39:29', '2022-07-01 23:39:29'),
(335, 10, '2022-07-01 23:43:29', NULL, '2022-07-01 23:43:29', '2022-07-01 23:43:29'),
(336, 4, '2022-07-01 23:58:03', NULL, '2022-07-01 23:58:03', '2022-07-01 23:58:03'),
(337, 4, '2022-07-02 00:06:04', NULL, '2022-07-02 00:06:04', '2022-07-02 00:06:04'),
(338, 4, '2022-07-02 00:14:30', NULL, '2022-07-02 00:14:30', '2022-07-02 00:14:30'),
(339, 4, '2022-07-02 00:23:35', NULL, '2022-07-02 00:23:35', '2022-07-02 00:23:35'),
(340, 11, '2022-07-02 00:27:15', '2022-07-02 00:43:44', '2022-07-02 00:27:15', '2022-07-02 00:43:44'),
(341, 4, '2022-07-02 00:34:55', NULL, '2022-07-02 00:34:55', '2022-07-02 00:34:55'),
(342, 4, '2022-07-02 00:44:13', NULL, '2022-07-02 00:44:13', '2022-07-02 00:44:13'),
(343, 4, '2022-07-02 00:47:47', NULL, '2022-07-02 00:47:47', '2022-07-02 00:47:47'),
(344, 4, '2022-07-02 02:04:00', NULL, '2022-07-02 02:04:00', '2022-07-02 02:04:00'),
(345, 10, '2022-07-02 04:06:29', NULL, '2022-07-02 04:06:29', '2022-07-02 04:06:29'),
(346, 4, '2022-07-02 04:45:23', NULL, '2022-07-02 04:45:23', '2022-07-02 04:45:23'),
(347, 4, '2022-07-02 04:53:19', NULL, '2022-07-02 04:53:19', '2022-07-02 04:53:19'),
(348, 4, '2022-07-02 05:01:31', NULL, '2022-07-02 05:01:31', '2022-07-02 05:01:31'),
(349, 4, '2022-07-02 06:40:26', NULL, '2022-07-02 06:40:26', '2022-07-02 06:40:26'),
(350, 4, '2022-07-02 08:59:57', NULL, '2022-07-02 08:59:57', '2022-07-02 08:59:57'),
(351, 4, '2022-07-02 09:14:24', NULL, '2022-07-02 09:14:24', '2022-07-02 09:14:24'),
(352, 4, '2022-07-02 10:52:25', NULL, '2022-07-02 10:52:25', '2022-07-02 10:52:25'),
(353, 10, '2022-07-02 12:13:15', NULL, '2022-07-02 12:13:15', '2022-07-02 12:13:15'),
(354, 4, '2022-07-02 12:33:39', NULL, '2022-07-02 12:33:39', '2022-07-02 12:33:39'),
(355, 4, '2022-07-02 12:52:48', NULL, '2022-07-02 12:52:48', '2022-07-02 12:52:48'),
(356, 4, '2022-07-02 14:25:27', NULL, '2022-07-02 14:25:27', '2022-07-02 14:25:27'),
(357, 4, '2022-07-02 20:19:13', NULL, '2022-07-02 20:19:13', '2022-07-02 20:19:13'),
(358, 4, '2022-07-02 20:33:09', NULL, '2022-07-02 20:33:09', '2022-07-02 20:33:09'),
(359, 4, '2022-07-02 22:08:34', NULL, '2022-07-02 22:08:34', '2022-07-02 22:08:34'),
(360, 4, '2022-07-02 22:24:01', NULL, '2022-07-02 22:24:01', '2022-07-02 22:24:01'),
(361, 4, '2022-07-02 22:25:13', NULL, '2022-07-02 22:25:13', '2022-07-02 22:25:13'),
(362, 4, '2022-07-02 22:36:58', NULL, '2022-07-02 22:36:58', '2022-07-02 22:36:58'),
(363, 11, '2022-07-02 23:33:19', '2022-07-02 23:36:49', '2022-07-02 23:33:19', '2022-07-02 23:36:49'),
(364, 10, '2022-07-03 00:19:32', NULL, '2022-07-03 00:19:32', '2022-07-03 00:19:32'),
(365, 11, '2022-07-03 00:21:14', NULL, '2022-07-03 00:21:14', '2022-07-03 00:21:14'),
(366, 4, '2022-07-03 00:36:44', NULL, '2022-07-03 00:36:44', '2022-07-03 00:36:44'),
(367, 11, '2022-07-03 00:50:31', '2022-07-03 00:51:08', '2022-07-03 00:50:31', '2022-07-03 00:51:08'),
(368, 11, '2022-07-03 00:52:46', '2022-07-03 01:08:53', '2022-07-03 00:52:46', '2022-07-03 01:08:53'),
(369, 11, '2022-07-03 01:09:29', '2022-07-03 03:07:02', '2022-07-03 01:09:29', '2022-07-03 03:07:02'),
(370, 11, '2022-07-03 01:22:13', NULL, '2022-07-03 01:22:13', '2022-07-03 01:22:13'),
(371, 10, '2022-07-03 01:40:44', NULL, '2022-07-03 01:40:44', '2022-07-03 01:40:44'),
(372, 11, '2022-07-03 04:01:01', NULL, '2022-07-03 04:01:01', '2022-07-03 04:01:01'),
(373, 11, '2022-07-03 04:54:38', NULL, '2022-07-03 04:54:38', '2022-07-03 04:54:38'),
(374, 4, '2022-07-03 05:58:37', NULL, '2022-07-03 05:58:37', '2022-07-03 05:58:37'),
(375, 4, '2022-07-03 06:01:31', NULL, '2022-07-03 06:01:31', '2022-07-03 06:01:31'),
(376, 4, '2022-07-03 06:50:50', NULL, '2022-07-03 06:50:50', '2022-07-03 06:50:50'),
(377, 4, '2022-07-03 07:15:06', NULL, '2022-07-03 07:15:06', '2022-07-03 07:15:06'),
(378, 4, '2022-07-03 08:18:55', NULL, '2022-07-03 08:18:55', '2022-07-03 08:18:55'),
(379, 4, '2022-07-03 08:40:01', NULL, '2022-07-03 08:40:01', '2022-07-03 08:40:01'),
(380, 4, '2022-07-03 09:05:21', NULL, '2022-07-03 09:05:21', '2022-07-03 09:05:21');

-- --------------------------------------------------------

--
-- Table structure for table `migrations`
--

CREATE TABLE `migrations` (
  `id` int(10) UNSIGNED NOT NULL,
  `migration` varchar(255) COLLATE utf8mb4_unicode_ci NOT NULL,
  `batch` int(11) NOT NULL
) ENGINE=InnoDB DEFAULT CHARSET=utf8mb4 COLLATE=utf8mb4_unicode_ci;

--
-- Dumping data for table `migrations`
--

INSERT INTO `migrations` (`id`, `migration`, `batch`) VALUES
(9, '2014_10_12_000000_create_users_table', 1),
(10, '2014_10_12_100000_create_password_resets_table', 1),
(11, '2019_08_19_000000_create_failed_jobs_table', 1),
(13, '2021_05_21_161000_create_forms_table', 2),
(14, '2021_11_02_163010_create_formnumbers_table', 3),
(15, '2022_04_27_154533_create_spinner_winners_table', 4);

-- --------------------------------------------------------

--
-- Table structure for table `password_resets`
--

CREATE TABLE `password_resets` (
  `email` varchar(255) COLLATE utf8mb4_unicode_ci NOT NULL,
  `token` varchar(255) COLLATE utf8mb4_unicode_ci NOT NULL,
  `created_at` timestamp NULL DEFAULT NULL
) ENGINE=InnoDB DEFAULT CHARSET=utf8mb4 COLLATE=utf8mb4_unicode_ci;

-- --------------------------------------------------------

--
-- Table structure for table `settings`
--

CREATE TABLE `settings` (
  `id` bigint(20) UNSIGNED NOT NULL,
  `title` varchar(200) NOT NULL,
  `type` varchar(200) DEFAULT NULL,
  `value` varchar(200) DEFAULT NULL,
  `created_at` datetime NOT NULL DEFAULT current_timestamp(),
  `updated_at` datetime DEFAULT NULL
) ENGINE=InnoDB DEFAULT CHARSET=utf8mb4;

--
-- Dumping data for table `settings`
--

INSERT INTO `settings` (`id`, `title`, `type`, `value`, `created_at`, `updated_at`) VALUES
(1, 'Data Reset Time', 'data-reset-time', '30', '2022-02-28 22:02:19', NULL);

-- --------------------------------------------------------

--
-- Table structure for table `sidebar`
--

CREATE TABLE `sidebar` (
  `id` bigint(20) NOT NULL,
  `color` varchar(200) DEFAULT NULL
) ENGINE=InnoDB DEFAULT CHARSET=utf8mb4;

--
-- Dumping data for table `sidebar`
--

INSERT INTO `sidebar` (`id`, `color`) VALUES
(1, 'red');

-- --------------------------------------------------------

--
-- Table structure for table `spinner_winners`
--

CREATE TABLE `spinner_winners` (
  `id` bigint(20) UNSIGNED NOT NULL,
  `full_name` varchar(255) COLLATE utf8mb4_unicode_ci DEFAULT NULL,
  `form_id` int(11) NOT NULL,
  `mail` int(11) NOT NULL DEFAULT 0,
  `token` longtext COLLATE utf8mb4_unicode_ci DEFAULT NULL,
  `details` longtext COLLATE utf8mb4_unicode_ci DEFAULT NULL,
  `created_at` timestamp NULL DEFAULT NULL,
  `updated_at` timestamp NULL DEFAULT NULL
) ENGINE=InnoDB DEFAULT CHARSET=utf8mb4 COLLATE=utf8mb4_unicode_ci;

--
-- Dumping data for table `spinner_winners`
--

INSERT INTO `spinner_winners` (`id`, `full_name`, `form_id`, `mail`, `token`, `details`, `created_at`, `updated_at`) VALUES
(1, 'TESTDATA', 1, 1, '1', NULL, '2022-05-29 04:27:05', '2022-05-29 04:27:05');

-- --------------------------------------------------------

--
-- Table structure for table `themes`
--

CREATE TABLE `themes` (
  `id` int(11) NOT NULL,
  `name` varchar(200) NOT NULL,
  `logo` varchar(200) DEFAULT NULL,
  `created_at` datetime NOT NULL DEFAULT current_timestamp(),
  `updated_at` datetime DEFAULT NULL
) ENGINE=InnoDB DEFAULT CHARSET=utf8mb4;

--
-- Dumping data for table `themes`
--

INSERT INTO `themes` (`id`, `name`, `logo`, `created_at`, `updated_at`) VALUES
(1, 'default', '1655222849.gif', '2022-06-14 20:48:07', '2022-06-14 12:07:29'),
(2, 'anna', '1655222191.jpg', '2022-06-14 20:48:07', '2022-06-14 11:56:31');

-- --------------------------------------------------------

--
-- Table structure for table `users`
--

CREATE TABLE `users` (
  `id` bigint(20) UNSIGNED NOT NULL,
  `name` varchar(255) COLLATE utf8mb4_unicode_ci NOT NULL,
  `email` varchar(255) COLLATE utf8mb4_unicode_ci NOT NULL,
  `email_verified_at` timestamp NULL DEFAULT NULL,
  `password` varchar(255) COLLATE utf8mb4_unicode_ci NOT NULL,
  `role` varchar(100) COLLATE utf8mb4_unicode_ci DEFAULT NULL,
  `remember_token` varchar(100) COLLATE utf8mb4_unicode_ci DEFAULT NULL,
  `created_at` timestamp NULL DEFAULT NULL,
  `updated_at` timestamp NULL DEFAULT NULL
) ENGINE=InnoDB DEFAULT CHARSET=utf8mb4 COLLATE=utf8mb4_unicode_ci;

--
-- Dumping data for table `users`
--

INSERT INTO `users` (`id`, `name`, `email`, `email_verified_at`, `password`, `role`, `remember_token`, `created_at`, `updated_at`) VALUES
(1, 'dahal', 'mainadmin@gmail.com', '2022-03-01 15:56:37', '$2y$10$4Ph9JUmaH3YAniQY9TvC/uWac3DzUiLQQcfvftT6JJTEz1WhGZbky', 'admin', NULL, '2021-06-08 14:44:11', '2021-06-08 14:44:11'),
(3, 'Noor Admin', 'nooradmin@gmail.com', '2022-03-01 15:56:46', '$2y$10$KNqJAW9jXprRtNQ0kXMPauH0Q/XRBJnrZs.cs7Yt.LdjYjY8IXae6', 'admin', 'XhY3zRz4S9KmeCcSV1PUnZERwnK4sjtqDnBS0iRxZpY9xNxi1jofid7YOwqg', '2021-06-24 15:50:56', '2021-06-24 15:50:56'),
(4, 'super admin', 'admin@gmail.com', '2022-02-03 23:22:56', '$2y$10$KNqJAW9jXprRtNQ0kXMPauH0Q/XRBJnrZs.cs7Yt.LdjYjY8IXae6', 'admin', 'K4PqlOztFaJNWdYGyLz1eStR0jMUFsB5B60xxEPMbvp1XAmiGTVZ2WwetGvi', '2022-02-09 23:22:56', NULL),
(5, 'cashier', 'cashier@gmail.com', '2022-02-01 23:24:13', '$2y$10$KNqJAW9jXprRtNQ0kXMPauH0Q/XRBJnrZs.cs7Yt.LdjYjY8IXae6', 'cashier', NULL, '2022-02-02 23:24:13', NULL),
(6, 'z10', 'z10@noorgames.net', '2022-03-01 15:57:05', '$2y$10$MNdN.YWoW4or5518JUW/5ueyl7Vhu7Us7ib0FQlbzkCtuvlEZzvcK', 'cashier', 'fPWXc0iOSRmwtn5gkCk0fjePJTudJTDZUn4mLvsvkB8ujLSVeBMYAn1230bl', '2022-03-07 10:06:09', '2022-03-07 10:06:09'),
(7, 'pratik', 'pratik@noorgames.net', '2022-03-01 15:57:12', '$2y$10$ZaCwPBM27yBOnatDeGshq.mYDTdEoJjXbzqifZ9Whg6MpqooCEXUi', 'cashier', NULL, '2022-03-07 10:07:21', '2022-03-07 10:07:21'),
(8, 'cashire', 'cashier@noorgames.net', '2022-03-01 15:57:20', '$2y$10$mHrGdpRqQApjMIcgpspM8.hMcUwpLKBCIbLcqd7xiX4V67O9ts8P2', 'cashier', '5MrfTyau1neRFNY95HvuC1Z5zyFJYtEgTg2qdE5AsOkF7ALOwqAylQUWfYPi', '2022-03-07 10:08:24', '2022-03-07 10:08:24'),
(10, 'Ashish Giri', 'ashish@noorgames.net', '2022-04-01 10:41:57', '$2y$10$xTSn5k0LPE49fQe688bIq.cGFlqOTdcKR/R5eHCA8kZbbsq9qlcwm', 'cashier', NULL, '2022-04-10 21:52:23', '2022-04-10 21:52:23'),
(11, 'Esconar', 'esconar@noorgames.net', '2022-04-01 10:49:08', '$2y$10$Y1T59.KR9BKFIeG60FczS.zP7HYJ8NxSkva53LI.77lgvHMvdlyBe', 'cashier', 'w5LqAQgh7NRdqsPd85ChB3GR4AJPoGl0Ad3ANh0Kzyh31nLhSt3aZR4VJD7V', '2022-04-10 21:59:57', '2022-04-10 21:59:57'),
(12, 'Dataexpert', 'Dataexpert@noorgames.net', '2022-04-01 10:49:08', '$2y$10$Y1T59.KR9BKFIeG60FczS.zP7HYJ8NxSkva53LI.77lgvHMvdlyBe', 'cashier', 'gxzhcThwuNYKcc0BKae1aPMU0Yx7AWQRFaiutpaHhLPv5UeErHBacGa05pMe', '2022-04-10 21:59:57', '2022-04-10 21:59:57');

--
-- Indexes for dumped tables
--

--
-- Indexes for table `accounts`
--
ALTER TABLE `accounts`
  ADD PRIMARY KEY (`id`);

--
-- Indexes for table `activity_status`
--
ALTER TABLE `activity_status`
  ADD PRIMARY KEY (`id`);

--
-- Indexes for table `cashier_general_setting`
--
ALTER TABLE `cashier_general_setting`
  ADD PRIMARY KEY (`id`);

--
-- Indexes for table `cash_apps`
--
ALTER TABLE `cash_apps`
  ADD PRIMARY KEY (`id`);

--
-- Indexes for table `cash_app_forms`
--
ALTER TABLE `cash_app_forms`
  ADD PRIMARY KEY (`id`),
  ADD KEY `cash_app_id` (`cash_app_id`),
  ADD KEY `form_id` (`form_id`),
  ADD KEY `account_id` (`account_id`);

--
-- Indexes for table `failed_jobs`
--
ALTER TABLE `failed_jobs`
  ADD PRIMARY KEY (`id`),
  ADD UNIQUE KEY `failed_jobs_uuid_unique` (`uuid`);

--
-- Indexes for table `formnumbers`
--
ALTER TABLE `formnumbers`
  ADD PRIMARY KEY (`id`);

--
-- Indexes for table `forms`
--
ALTER TABLE `forms`
  ADD PRIMARY KEY (`id`),
  ADD UNIQUE KEY `number` (`number`),
  ADD KEY `status_id` (`status_id`);

--
-- Indexes for table `form_balances`
--
ALTER TABLE `form_balances`
  ADD PRIMARY KEY (`id`),
  ADD KEY `account_id` (`account_id`),
  ADD KEY `created_by` (`created_by`),
  ADD KEY `form_id` (`form_id`);

--
-- Indexes for table `form_games`
--
ALTER TABLE `form_games`
  ADD PRIMARY KEY (`id`),
  ADD KEY `account_id` (`account_id`),
  ADD KEY `form_id` (`form_id`);

--
-- Indexes for table `form_redeems`
--
ALTER TABLE `form_redeems`
  ADD PRIMARY KEY (`id`),
  ADD KEY `account_id` (`account_id`),
  ADD KEY `created_by` (`created_by`),
  ADD KEY `form_id` (`form_id`);

--
-- Indexes for table `form_refers`
--
ALTER TABLE `form_refers`
  ADD PRIMARY KEY (`id`);

--
-- Indexes for table `form_tips`
--
ALTER TABLE `form_tips`
  ADD PRIMARY KEY (`id`);

--
-- Indexes for table `general_setting`
--
ALTER TABLE `general_setting`
  ADD PRIMARY KEY (`id`);

--
-- Indexes for table `histories`
--
ALTER TABLE `histories`
  ADD PRIMARY KEY (`id`);

--
-- Indexes for table `image`
--
ALTER TABLE `image`
  ADD PRIMARY KEY (`id`);

--
-- Indexes for table `jobs`
--
ALTER TABLE `jobs`
  ADD PRIMARY KEY (`id`),
  ADD KEY `jobs_queue_index` (`queue`);

--
-- Indexes for table `login_logs`
--
ALTER TABLE `login_logs`
  ADD PRIMARY KEY (`id`);

--
-- Indexes for table `migrations`
--
ALTER TABLE `migrations`
  ADD PRIMARY KEY (`id`);

--
-- Indexes for table `password_resets`
--
ALTER TABLE `password_resets`
  ADD KEY `password_resets_email_index` (`email`);

--
-- Indexes for table `settings`
--
ALTER TABLE `settings`
  ADD PRIMARY KEY (`id`);

--
-- Indexes for table `sidebar`
--
ALTER TABLE `sidebar`
  ADD PRIMARY KEY (`id`);

--
-- Indexes for table `spinner_winners`
--
ALTER TABLE `spinner_winners`
  ADD PRIMARY KEY (`id`);

--
-- Indexes for table `themes`
--
ALTER TABLE `themes`
  ADD PRIMARY KEY (`id`);

--
-- Indexes for table `users`
--
ALTER TABLE `users`
  ADD PRIMARY KEY (`id`),
  ADD UNIQUE KEY `users_email_unique` (`email`);

--
-- AUTO_INCREMENT for dumped tables
--

--
-- AUTO_INCREMENT for table `accounts`
--
ALTER TABLE `accounts`
  MODIFY `id` bigint(20) UNSIGNED NOT NULL AUTO_INCREMENT, AUTO_INCREMENT=15;

--
-- AUTO_INCREMENT for table `activity_status`
--
ALTER TABLE `activity_status`
  MODIFY `id` bigint(20) NOT NULL AUTO_INCREMENT, AUTO_INCREMENT=11;

--
-- AUTO_INCREMENT for table `cashier_general_setting`
--
ALTER TABLE `cashier_general_setting`
  MODIFY `id` int(11) NOT NULL AUTO_INCREMENT, AUTO_INCREMENT=2;

--
-- AUTO_INCREMENT for table `cash_apps`
--
ALTER TABLE `cash_apps`
  MODIFY `id` bigint(20) UNSIGNED NOT NULL AUTO_INCREMENT, AUTO_INCREMENT=3;

--
-- AUTO_INCREMENT for table `cash_app_forms`
--
ALTER TABLE `cash_app_forms`
  MODIFY `id` bigint(20) UNSIGNED NOT NULL AUTO_INCREMENT, AUTO_INCREMENT=2931;

--
-- AUTO_INCREMENT for table `failed_jobs`
--
ALTER TABLE `failed_jobs`
  MODIFY `id` bigint(20) UNSIGNED NOT NULL AUTO_INCREMENT;

--
-- AUTO_INCREMENT for table `formnumbers`
--
ALTER TABLE `formnumbers`
  MODIFY `id` bigint(20) UNSIGNED NOT NULL AUTO_INCREMENT;

--
-- AUTO_INCREMENT for table `forms`
--
ALTER TABLE `forms`
  MODIFY `id` bigint(20) UNSIGNED NOT NULL AUTO_INCREMENT, AUTO_INCREMENT=3;

--
-- AUTO_INCREMENT for table `form_balances`
--
ALTER TABLE `form_balances`
  MODIFY `id` bigint(20) UNSIGNED NOT NULL AUTO_INCREMENT, AUTO_INCREMENT=5;

--
-- AUTO_INCREMENT for table `form_games`
--
ALTER TABLE `form_games`
  MODIFY `id` bigint(20) UNSIGNED NOT NULL AUTO_INCREMENT, AUTO_INCREMENT=3;

--
-- AUTO_INCREMENT for table `form_redeems`
--
ALTER TABLE `form_redeems`
  MODIFY `id` bigint(20) UNSIGNED NOT NULL AUTO_INCREMENT;

--
-- AUTO_INCREMENT for table `form_refers`
--
ALTER TABLE `form_refers`
  MODIFY `id` bigint(20) UNSIGNED NOT NULL AUTO_INCREMENT;

--
-- AUTO_INCREMENT for table `form_tips`
--
ALTER TABLE `form_tips`
  MODIFY `id` bigint(20) UNSIGNED NOT NULL AUTO_INCREMENT;

--
-- AUTO_INCREMENT for table `general_setting`
--
ALTER TABLE `general_setting`
  MODIFY `id` int(11) NOT NULL AUTO_INCREMENT, AUTO_INCREMENT=2;

--
-- AUTO_INCREMENT for table `histories`
--
ALTER TABLE `histories`
  MODIFY `id` bigint(20) UNSIGNED NOT NULL AUTO_INCREMENT, AUTO_INCREMENT=5;

--
-- AUTO_INCREMENT for table `image`
--
ALTER TABLE `image`
  MODIFY `id` int(11) NOT NULL AUTO_INCREMENT, AUTO_INCREMENT=19;

--
-- AUTO_INCREMENT for table `jobs`
--
ALTER TABLE `jobs`
  MODIFY `id` bigint(20) UNSIGNED NOT NULL AUTO_INCREMENT, AUTO_INCREMENT=38;

--
-- AUTO_INCREMENT for table `login_logs`
--
ALTER TABLE `login_logs`
  MODIFY `id` bigint(20) NOT NULL AUTO_INCREMENT, AUTO_INCREMENT=381;

--
-- AUTO_INCREMENT for table `migrations`
--
ALTER TABLE `migrations`
  MODIFY `id` int(10) UNSIGNED NOT NULL AUTO_INCREMENT, AUTO_INCREMENT=16;

--
-- AUTO_INCREMENT for table `settings`
--
ALTER TABLE `settings`
  MODIFY `id` bigint(20) UNSIGNED NOT NULL AUTO_INCREMENT, AUTO_INCREMENT=2;

--
-- AUTO_INCREMENT for table `sidebar`
--
ALTER TABLE `sidebar`
  MODIFY `id` bigint(20) NOT NULL AUTO_INCREMENT, AUTO_INCREMENT=2;

--
-- AUTO_INCREMENT for table `spinner_winners`
--
ALTER TABLE `spinner_winners`
  MODIFY `id` bigint(20) UNSIGNED NOT NULL AUTO_INCREMENT, AUTO_INCREMENT=7;

--
-- AUTO_INCREMENT for table `themes`
--
ALTER TABLE `themes`
  MODIFY `id` int(11) NOT NULL AUTO_INCREMENT, AUTO_INCREMENT=3;

--
-- AUTO_INCREMENT for table `users`
--
ALTER TABLE `users`
  MODIFY `id` bigint(20) UNSIGNED NOT NULL AUTO_INCREMENT, AUTO_INCREMENT=13;

--
-- Constraints for dumped tables
--

--
-- Constraints for table `cash_app_forms`
--
ALTER TABLE `cash_app_forms`
  ADD CONSTRAINT `cash_app_forms_ibfk_1` FOREIGN KEY (`cash_app_id`) REFERENCES `cash_apps` (`id`),
  ADD CONSTRAINT `cash_app_forms_ibfk_2` FOREIGN KEY (`form_id`) REFERENCES `forms` (`id`),
  ADD CONSTRAINT `cash_app_forms_ibfk_3` FOREIGN KEY (`account_id`) REFERENCES `accounts` (`id`);

--
-- Constraints for table `form_balances`
--
ALTER TABLE `form_balances`
  ADD CONSTRAINT `form_balances_ibfk_1` FOREIGN KEY (`account_id`) REFERENCES `accounts` (`id`),
  ADD CONSTRAINT `form_balances_ibfk_2` FOREIGN KEY (`created_by`) REFERENCES `users` (`id`),
  ADD CONSTRAINT `form_balances_ibfk_3` FOREIGN KEY (`form_id`) REFERENCES `forms` (`id`);

--
-- Constraints for table `form_games`
--
ALTER TABLE `form_games`
  ADD CONSTRAINT `form_games_ibfk_1` FOREIGN KEY (`account_id`) REFERENCES `accounts` (`id`),
  ADD CONSTRAINT `form_games_ibfk_2` FOREIGN KEY (`form_id`) REFERENCES `forms` (`id`);

--
-- Constraints for table `form_redeems`
--
ALTER TABLE `form_redeems`
  ADD CONSTRAINT `form_redeems_ibfk_1` FOREIGN KEY (`account_id`) REFERENCES `accounts` (`id`),
  ADD CONSTRAINT `form_redeems_ibfk_2` FOREIGN KEY (`created_by`) REFERENCES `users` (`id`),
  ADD CONSTRAINT `form_redeems_ibfk_3` FOREIGN KEY (`form_id`) REFERENCES `forms` (`id`);
COMMIT;

/*!40101 SET CHARACTER_SET_CLIENT=@OLD_CHARACTER_SET_CLIENT */;
/*!40101 SET CHARACTER_SET_RESULTS=@OLD_CHARACTER_SET_RESULTS */;
/*!40101 SET COLLATION_CONNECTION=@OLD_COLLATION_CONNECTION */;
